TRACE::2026-09-30.14:05:28::SCWPlatform::Trying to open the hw design at /users/students/r0885482/Documents/DDP/sw_package_2026/sw_project/project_sw/ecc_project_wrapper/hw/ecc_project_wrapper.xsa
TRACE::2026-09-30.14:05:28::SCWPlatform::DSA given /users/students/r0885482/Documents/DDP/sw_package_2026/sw_project/project_sw/ecc_project_wrapper/hw/ecc_project_wrapper.xsa
TRACE::2026-09-30.14:05:28::SCWPlatform::DSA absoulate path /users/students/r0885482/Documents/DDP/sw_package_2026/sw_project/project_sw/ecc_project_wrapper/hw/ecc_project_wrapper.xsa
TRACE::2026-09-30.14:05:28::SCWPlatform::DSA directory /users/students/r0885482/Documents/DDP/sw_package_2026/sw_project/project_sw/ecc_project_wrapper/hw
TRACE::2026-09-30.14:05:28::SCWPlatform:: Platform Path /users/students/r0885482/Documents/DDP/sw_package_2026/sw_project/project_sw/ecc_project_wrapper/hw/ecc_project_wrapper.xsa
TRACE::2026-09-30.14:05:28::SCWPlatform:: Unique name xilinx:pynq-z2::0.0
TRACE::2026-09-30.14:05:28::SCWPlatform::Do not have an existing db opened. 
TRACE::2026-09-30.14:05:29::SCWPlatform::Opened new HwDB with name rsa_project_wrapper_0
TRACE::2026-09-30.14:05:29::SCWWriter::formatted JSON is {
	"platformName":	"ecc_project_wrapper",
	"sprVersion":	"2.0",
	"mode":	"cmd",
	"dsaType":	"Fixed",
	"platformDesc":	"ecc_project_wrapper",
	"platHandOff":	"src/tcl/ecc_project_wrapper.xsa",
	"platIntHandOff":	"<platformDir>/hw/ecc_project_wrapper.xsa",
	"deviceType":	"zynq",
	"platIsPrebuiltAutogen":	"false",
	"platIsNoBootBsp":	"false",
	"hasFsblMakeHasChanges":	"false",
	"hasPmufwMakeHasChanges":	"false",
	"platPreBuiltFlag":	false,
	"platformSamplesDir":	""
}
TRACE::2026-09-30.14:05:29::SCWWriter::formatted JSON is {
	"platformName":	"ecc_project_wrapper",
	"sprVersion":	"2.0",
	"mode":	"cmd",
	"dsaType":	"Fixed",
	"platformDesc":	"ecc_project_wrapper",
	"platHandOff":	"src/tcl/ecc_project_wrapper.xsa",
	"platIntHandOff":	"<platformDir>/hw/ecc_project_wrapper.xsa",
	"deviceType":	"zynq",
	"platIsPrebuiltAutogen":	"false",
	"platIsNoBootBsp":	"false",
	"hasFsblMakeHasChanges":	"false",
	"hasPmufwMakeHasChanges":	"false",
	"platPreBuiltFlag":	false,
	"platformSamplesDir":	"",
	"platActiveSys":	"ecc_project_wrapper",
	"systems":	[{
			"systemName":	"ecc_project_wrapper",
			"systemDesc":	"ecc_project_wrapper",
			"sysIsBootAutoGen":	"true",
			"systemDispName":	"ecc_project_wrapper"
		}]
}
TRACE::2026-09-30.14:05:29::SCWPlatform::Boot application domains not present, creating them
TRACE::2026-09-30.14:05:29::SCWDomain::checking for install qemu data   : 
TRACE::2026-09-30.14:05:29::SCWDomain:: Using the QEMU Data from install at  : /esat/micas-data/software/Xilinx/vitis_2023.1/Vitis/2023.1/data/emulation/platforms/zynq/sw/a9_standalone/qemu/
TRACE::2026-09-30.14:05:29::SCWDomain:: Using the QEMU args  from install at  : /esat/micas-data/software/Xilinx/vitis_2023.1/Vitis/2023.1/data/emulation/platforms/zynq/sw/a9_standalone/qemu/qemu_args.txt
TRACE::2026-09-30.14:05:29::SCWPlatform::Trying to open the hw design at /users/students/r0885482/Documents/DDP/sw_package_2026/sw_project/project_sw/ecc_project_wrapper/hw/ecc_project_wrapper.xsa
TRACE::2026-09-30.14:05:29::SCWPlatform::DSA given /users/students/r0885482/Documents/DDP/sw_package_2026/sw_project/project_sw/ecc_project_wrapper/hw/ecc_project_wrapper.xsa
TRACE::2026-09-30.14:05:29::SCWPlatform::DSA absoulate path /users/students/r0885482/Documents/DDP/sw_package_2026/sw_project/project_sw/ecc_project_wrapper/hw/ecc_project_wrapper.xsa
TRACE::2026-09-30.14:05:29::SCWPlatform::DSA directory /users/students/r0885482/Documents/DDP/sw_package_2026/sw_project/project_sw/ecc_project_wrapper/hw
TRACE::2026-09-30.14:05:29::SCWPlatform:: Platform Path /users/students/r0885482/Documents/DDP/sw_package_2026/sw_project/project_sw/ecc_project_wrapper/hw/ecc_project_wrapper.xsa
TRACE::2026-09-30.14:05:29::SCWPlatform:: Unique name xilinx:pynq-z2::0.0
TRACE::2026-09-30.14:05:29::SCWPlatform::Trying to set the existing hwdb with name rsa_project_wrapper_0
TRACE::2026-09-30.14:05:29::SCWPlatform::Opened existing hwdb rsa_project_wrapper_0
TRACE::2026-09-30.14:05:29::SCWPlatform::Found the Hw Db part of the input DSA
TRACE::2026-09-30.14:05:29::SCWPlatform::Trying to open the hw design at /users/students/r0885482/Documents/DDP/sw_package_2026/sw_project/project_sw/ecc_project_wrapper/hw/ecc_project_wrapper.xsa
TRACE::2026-09-30.14:05:29::SCWPlatform::DSA given /users/students/r0885482/Documents/DDP/sw_package_2026/sw_project/project_sw/ecc_project_wrapper/hw/ecc_project_wrapper.xsa
TRACE::2026-09-30.14:05:29::SCWPlatform::DSA absoulate path /users/students/r0885482/Documents/DDP/sw_package_2026/sw_project/project_sw/ecc_project_wrapper/hw/ecc_project_wrapper.xsa
TRACE::2026-09-30.14:05:29::SCWPlatform::DSA directory /users/students/r0885482/Documents/DDP/sw_package_2026/sw_project/project_sw/ecc_project_wrapper/hw
TRACE::2026-09-30.14:05:29::SCWPlatform:: Platform Path /users/students/r0885482/Documents/DDP/sw_package_2026/sw_project/project_sw/ecc_project_wrapper/hw/ecc_project_wrapper.xsa
TRACE::2026-09-30.14:05:29::SCWPlatform:: Unique name xilinx:pynq-z2::0.0
TRACE::2026-09-30.14:05:29::SCWPlatform::Trying to set the existing hwdb with name rsa_project_wrapper_0
TRACE::2026-09-30.14:05:29::SCWPlatform::Opened existing hwdb rsa_project_wrapper_0
TRACE::2026-09-30.14:05:29::SCWPlatform::Found the Hw Db part of the input DSA
TRACE::2026-09-30.14:05:29::SCWPlatform::Trying to open the hw design at /users/students/r0885482/Documents/DDP/sw_package_2026/sw_project/project_sw/ecc_project_wrapper/hw/ecc_project_wrapper.xsa
TRACE::2026-09-30.14:05:29::SCWPlatform::DSA given /users/students/r0885482/Documents/DDP/sw_package_2026/sw_project/project_sw/ecc_project_wrapper/hw/ecc_project_wrapper.xsa
TRACE::2026-09-30.14:05:29::SCWPlatform::DSA absoulate path /users/students/r0885482/Documents/DDP/sw_package_2026/sw_project/project_sw/ecc_project_wrapper/hw/ecc_project_wrapper.xsa
TRACE::2026-09-30.14:05:29::SCWPlatform::DSA directory /users/students/r0885482/Documents/DDP/sw_package_2026/sw_project/project_sw/ecc_project_wrapper/hw
TRACE::2026-09-30.14:05:29::SCWPlatform:: Platform Path /users/students/r0885482/Documents/DDP/sw_package_2026/sw_project/project_sw/ecc_project_wrapper/hw/ecc_project_wrapper.xsa
TRACE::2026-09-30.14:05:29::SCWPlatform:: Unique name xilinx:pynq-z2::0.0
TRACE::2026-09-30.14:05:29::SCWPlatform::Trying to set the existing hwdb with name rsa_project_wrapper_0
TRACE::2026-09-30.14:05:29::SCWPlatform::Opened existing hwdb rsa_project_wrapper_0
TRACE::2026-09-30.14:05:29::SCWPlatform::Found the Hw Db part of the input DSA
TRACE::2026-09-30.14:05:29::SCWPlatform::Boot application domain added for zynq_fsbl
TRACE::2026-09-30.14:05:29::SCWPlatform::Generating the sources  .
TRACE::2026-09-30.14:05:29::SCWBDomain::Generating boot domain sources.
TRACE::2026-09-30.14:05:29::SCWBDomain:: Generating the zynq_fsbl Application.
TRACE::2026-09-30.14:05:29::SCWPlatform::Trying to open the hw design at /users/students/r0885482/Documents/DDP/sw_package_2026/sw_project/project_sw/ecc_project_wrapper/hw/ecc_project_wrapper.xsa
TRACE::2026-09-30.14:05:29::SCWPlatform::DSA given /users/students/r0885482/Documents/DDP/sw_package_2026/sw_project/project_sw/ecc_project_wrapper/hw/ecc_project_wrapper.xsa
TRACE::2026-09-30.14:05:29::SCWPlatform::DSA absoulate path /users/students/r0885482/Documents/DDP/sw_package_2026/sw_project/project_sw/ecc_project_wrapper/hw/ecc_project_wrapper.xsa
TRACE::2026-09-30.14:05:29::SCWPlatform::DSA directory /users/students/r0885482/Documents/DDP/sw_package_2026/sw_project/project_sw/ecc_project_wrapper/hw
TRACE::2026-09-30.14:05:29::SCWPlatform:: Platform Path /users/students/r0885482/Documents/DDP/sw_package_2026/sw_project/project_sw/ecc_project_wrapper/hw/ecc_project_wrapper.xsa
TRACE::2026-09-30.14:05:29::SCWPlatform:: Unique name xilinx:pynq-z2::0.0
TRACE::2026-09-30.14:05:29::SCWPlatform::Trying to set the existing hwdb with name rsa_project_wrapper_0
TRACE::2026-09-30.14:05:29::SCWPlatform::Opened existing hwdb rsa_project_wrapper_0
TRACE::2026-09-30.14:05:29::SCWPlatform::Found the Hw Db part of the input DSA
TRACE::2026-09-30.14:05:29::SCWMssOS::Checking the sw design at  /users/students/r0885482/Documents/DDP/sw_package_2026/sw_project/project_sw/ecc_project_wrapper/zynq_fsbl/zynq_fsbl_bsp/system.mss
TRACE::2026-09-30.14:05:29::SCWMssOS::DEBUG:  swdes dump  
TRACE::2026-09-30.14:05:29::SCWMssOS::No sw design opened at  /users/students/r0885482/Documents/DDP/sw_package_2026/sw_project/project_sw/ecc_project_wrapper/zynq_fsbl/zynq_fsbl_bsp/system.mss
TRACE::2026-09-30.14:05:29::SCWMssOS::mss does not exists at /users/students/r0885482/Documents/DDP/sw_package_2026/sw_project/project_sw/ecc_project_wrapper/zynq_fsbl/zynq_fsbl_bsp/system.mss
TRACE::2026-09-30.14:05:29::SCWMssOS::Creating sw design at  /users/students/r0885482/Documents/DDP/sw_package_2026/sw_project/project_sw/ecc_project_wrapper/zynq_fsbl/zynq_fsbl_bsp/system.mss
TRACE::2026-09-30.14:05:29::SCWMssOS::Adding the swdes entry, created swdb /users/students/r0885482/Documents/DDP/sw_package_2026/sw_project/project_sw/ecc_project_wrapper/zynq_fsbl/zynq_fsbl_bsp/system.mss with des name /users/students/r0885482/Documents/DDP/sw_package_2026/sw_project/project_sw/ecc_project_wrapper/zynq_fsbl/zynq_fsbl_bsp/system.mss
TRACE::2026-09-30.14:05:29::SCWMssOS::updating the scw layer changes to swdes at   /users/students/r0885482/Documents/DDP/sw_package_2026/sw_project/project_sw/ecc_project_wrapper/zynq_fsbl/zynq_fsbl_bsp/system.mss
TRACE::2026-09-30.14:05:29::SCWMssOS::Writing mss at /users/students/r0885482/Documents/DDP/sw_package_2026/sw_project/project_sw/ecc_project_wrapper/zynq_fsbl/zynq_fsbl_bsp/system.mss
TRACE::2026-09-30.14:05:29::SCWMssOS::Completed writing the mss file at /users/students/r0885482/Documents/DDP/sw_package_2026/sw_project/project_sw/ecc_project_wrapper/zynq_fsbl/zynq_fsbl_bsp
TRACE::2026-09-30.14:05:29::SCWMssOS::Picking up changes from newly written mss file into SCW Layer. 
TRACE::2026-09-30.14:05:29::SCWMssOS::Updated the changes from newly written mss file into SCW Layer. 
TRACE::2026-09-30.14:05:29::SCWBDomain::Completed writing the mss file at /users/students/r0885482/Documents/DDP/sw_package_2026/sw_project/project_sw/ecc_project_wrapper/zynq_fsbl/zynq_fsbl_bsp
TRACE::2026-09-30.14:05:35::SCWPlatform::Generating sources Done.
TRACE::2026-09-30.14:05:35::SCWPlatform::Trying to open the hw design at /users/students/r0885482/Documents/DDP/sw_package_2026/sw_project/project_sw/ecc_project_wrapper/hw/ecc_project_wrapper.xsa
TRACE::2026-09-30.14:05:35::SCWPlatform::DSA given /users/students/r0885482/Documents/DDP/sw_package_2026/sw_project/project_sw/ecc_project_wrapper/hw/ecc_project_wrapper.xsa
TRACE::2026-09-30.14:05:35::SCWPlatform::DSA absoulate path /users/students/r0885482/Documents/DDP/sw_package_2026/sw_project/project_sw/ecc_project_wrapper/hw/ecc_project_wrapper.xsa
TRACE::2026-09-30.14:05:35::SCWPlatform::DSA directory /users/students/r0885482/Documents/DDP/sw_package_2026/sw_project/project_sw/ecc_project_wrapper/hw
TRACE::2026-09-30.14:05:35::SCWPlatform:: Platform Path /users/students/r0885482/Documents/DDP/sw_package_2026/sw_project/project_sw/ecc_project_wrapper/hw/ecc_project_wrapper.xsa
TRACE::2026-09-30.14:05:35::SCWPlatform:: Unique name xilinx:pynq-z2::0.0
TRACE::2026-09-30.14:05:35::SCWPlatform::Trying to set the existing hwdb with name rsa_project_wrapper_0
TRACE::2026-09-30.14:05:35::SCWPlatform::Opened existing hwdb rsa_project_wrapper_0
TRACE::2026-09-30.14:05:35::SCWPlatform::Found the Hw Db part of the input DSA
TRACE::2026-09-30.14:05:35::SCWMssOS::Checking the sw design at  /users/students/r0885482/Documents/DDP/sw_package_2026/sw_project/project_sw/ecc_project_wrapper/zynq_fsbl/zynq_fsbl_bsp/system.mss
TRACE::2026-09-30.14:05:35::SCWMssOS::DEBUG:  swdes dump  
TRACE::2026-09-30.14:05:35::SCWMssOS::No sw design opened at  /users/students/r0885482/Documents/DDP/sw_package_2026/sw_project/project_sw/ecc_project_wrapper/zynq_fsbl/zynq_fsbl_bsp/system.mss
TRACE::2026-09-30.14:05:35::SCWMssOS::mss exists loading the mss file  /users/students/r0885482/Documents/DDP/sw_package_2026/sw_project/project_sw/ecc_project_wrapper/zynq_fsbl/zynq_fsbl_bsp/system.mss
TRACE::2026-09-30.14:05:35::SCWMssOS::Opened the sw design from mss  /users/students/r0885482/Documents/DDP/sw_package_2026/sw_project/project_sw/ecc_project_wrapper/zynq_fsbl/zynq_fsbl_bsp/system.mss
TRACE::2026-09-30.14:05:35::SCWMssOS::Adding the swdes entry /users/students/r0885482/Documents/DDP/sw_package_2026/sw_project/project_sw/ecc_project_wrapper/zynq_fsbl/zynq_fsbl_bsp/system.mss with des name system
TRACE::2026-09-30.14:05:35::SCWMssOS::updating the scw layer about changes
TRACE::2026-09-30.14:05:35::SCWMssOS::Opened the sw design.  /users/students/r0885482/Documents/DDP/sw_package_2026/sw_project/project_sw/ecc_project_wrapper/zynq_fsbl/zynq_fsbl_bsp/system.mss
TRACE::2026-09-30.14:05:35::SCWMssOS::Saving the mss changes /users/students/r0885482/Documents/DDP/sw_package_2026/sw_project/project_sw/ecc_project_wrapper/zynq_fsbl/zynq_fsbl_bsp/system.mss
TRACE::2026-09-30.14:05:35::SCWMssOS::Found a swdesign opened with the mssfile.
TRACE::2026-09-30.14:05:35::SCWMssOS::Completed writemss as part of save.
TRACE::2026-09-30.14:05:35::SCWMssOS::Commit changes completed.
TRACE::2026-09-30.14:05:35::SCWPlatform::Trying to open the hw design at /users/students/r0885482/Documents/DDP/sw_package_2026/sw_project/project_sw/ecc_project_wrapper/hw/ecc_project_wrapper.xsa
TRACE::2026-09-30.14:05:35::SCWPlatform::DSA given /users/students/r0885482/Documents/DDP/sw_package_2026/sw_project/project_sw/ecc_project_wrapper/hw/ecc_project_wrapper.xsa
TRACE::2026-09-30.14:05:35::SCWPlatform::DSA absoulate path /users/students/r0885482/Documents/DDP/sw_package_2026/sw_project/project_sw/ecc_project_wrapper/hw/ecc_project_wrapper.xsa
TRACE::2026-09-30.14:05:35::SCWPlatform::DSA directory /users/students/r0885482/Documents/DDP/sw_package_2026/sw_project/project_sw/ecc_project_wrapper/hw
TRACE::2026-09-30.14:05:35::SCWPlatform:: Platform Path /users/students/r0885482/Documents/DDP/sw_package_2026/sw_project/project_sw/ecc_project_wrapper/hw/ecc_project_wrapper.xsa
TRACE::2026-09-30.14:05:35::SCWPlatform:: Unique name xilinx:pynq-z2::0.0
TRACE::2026-09-30.14:05:35::SCWPlatform::Trying to set the existing hwdb with name rsa_project_wrapper_0
TRACE::2026-09-30.14:05:35::SCWPlatform::Opened existing hwdb rsa_project_wrapper_0
TRACE::2026-09-30.14:05:35::SCWPlatform::Found the Hw Db part of the input DSA
TRACE::2026-09-30.14:05:35::SCWMssOS::Checking the sw design at  /users/students/r0885482/Documents/DDP/sw_package_2026/sw_project/project_sw/ecc_project_wrapper/zynq_fsbl/zynq_fsbl_bsp/system.mss
TRACE::2026-09-30.14:05:35::SCWMssOS::DEBUG:  swdes dump  /users/students/r0885482/Documents/DDP/sw_package_2026/sw_project/project_sw/ecc_project_wrapper/zynq_fsbl/zynq_fsbl_bsp/system.mss|system||

TRACE::2026-09-30.14:05:35::SCWMssOS::Sw design exists and opened at  /users/students/r0885482/Documents/DDP/sw_package_2026/sw_project/project_sw/ecc_project_wrapper/zynq_fsbl/zynq_fsbl_bsp/system.mss
TRACE::2026-09-30.14:05:35::SCWPlatform::Trying to open the hw design at /users/students/r0885482/Documents/DDP/sw_package_2026/sw_project/project_sw/ecc_project_wrapper/hw/ecc_project_wrapper.xsa
TRACE::2026-09-30.14:05:35::SCWPlatform::DSA given /users/students/r0885482/Documents/DDP/sw_package_2026/sw_project/project_sw/ecc_project_wrapper/hw/ecc_project_wrapper.xsa
TRACE::2026-09-30.14:05:35::SCWPlatform::DSA absoulate path /users/students/r0885482/Documents/DDP/sw_package_2026/sw_project/project_sw/ecc_project_wrapper/hw/ecc_project_wrapper.xsa
TRACE::2026-09-30.14:05:35::SCWPlatform::DSA directory /users/students/r0885482/Documents/DDP/sw_package_2026/sw_project/project_sw/ecc_project_wrapper/hw
TRACE::2026-09-30.14:05:35::SCWPlatform:: Platform Path /users/students/r0885482/Documents/DDP/sw_package_2026/sw_project/project_sw/ecc_project_wrapper/hw/ecc_project_wrapper.xsa
TRACE::2026-09-30.14:05:35::SCWPlatform:: Unique name xilinx:pynq-z2::0.0
TRACE::2026-09-30.14:05:35::SCWPlatform::Trying to set the existing hwdb with name rsa_project_wrapper_0
TRACE::2026-09-30.14:05:35::SCWPlatform::Opened existing hwdb rsa_project_wrapper_0
TRACE::2026-09-30.14:05:35::SCWPlatform::Found the Hw Db part of the input DSA
TRACE::2026-09-30.14:05:35::SCWMssOS::Checking the sw design at  /users/students/r0885482/Documents/DDP/sw_package_2026/sw_project/project_sw/ecc_project_wrapper/zynq_fsbl/zynq_fsbl_bsp/system.mss
TRACE::2026-09-30.14:05:35::SCWMssOS::DEBUG:  swdes dump  /users/students/r0885482/Documents/DDP/sw_package_2026/sw_project/project_sw/ecc_project_wrapper/zynq_fsbl/zynq_fsbl_bsp/system.mss|system||

TRACE::2026-09-30.14:05:35::SCWMssOS::Sw design exists and opened at  /users/students/r0885482/Documents/DDP/sw_package_2026/sw_project/project_sw/ecc_project_wrapper/zynq_fsbl/zynq_fsbl_bsp/system.mss
TRACE::2026-09-30.14:05:35::SCWPlatform::Trying to open the hw design at /users/students/r0885482/Documents/DDP/sw_package_2026/sw_project/project_sw/ecc_project_wrapper/hw/ecc_project_wrapper.xsa
TRACE::2026-09-30.14:05:35::SCWPlatform::DSA given /users/students/r0885482/Documents/DDP/sw_package_2026/sw_project/project_sw/ecc_project_wrapper/hw/ecc_project_wrapper.xsa
TRACE::2026-09-30.14:05:35::SCWPlatform::DSA absoulate path /users/students/r0885482/Documents/DDP/sw_package_2026/sw_project/project_sw/ecc_project_wrapper/hw/ecc_project_wrapper.xsa
TRACE::2026-09-30.14:05:35::SCWPlatform::DSA directory /users/students/r0885482/Documents/DDP/sw_package_2026/sw_project/project_sw/ecc_project_wrapper/hw
TRACE::2026-09-30.14:05:35::SCWPlatform:: Platform Path /users/students/r0885482/Documents/DDP/sw_package_2026/sw_project/project_sw/ecc_project_wrapper/hw/ecc_project_wrapper.xsa
TRACE::2026-09-30.14:05:35::SCWPlatform:: Unique name xilinx:pynq-z2::0.0
TRACE::2026-09-30.14:05:35::SCWPlatform::Trying to set the existing hwdb with name rsa_project_wrapper_0
TRACE::2026-09-30.14:05:35::SCWPlatform::Opened existing hwdb rsa_project_wrapper_0
TRACE::2026-09-30.14:05:35::SCWPlatform::Found the Hw Db part of the input DSA
TRACE::2026-09-30.14:05:35::SCWMssOS::Checking the sw design at  /users/students/r0885482/Documents/DDP/sw_package_2026/sw_project/project_sw/ecc_project_wrapper/zynq_fsbl/zynq_fsbl_bsp/system.mss
TRACE::2026-09-30.14:05:35::SCWMssOS::DEBUG:  swdes dump  /users/students/r0885482/Documents/DDP/sw_package_2026/sw_project/project_sw/ecc_project_wrapper/zynq_fsbl/zynq_fsbl_bsp/system.mss|system||

TRACE::2026-09-30.14:05:35::SCWMssOS::Sw design exists and opened at  /users/students/r0885482/Documents/DDP/sw_package_2026/sw_project/project_sw/ecc_project_wrapper/zynq_fsbl/zynq_fsbl_bsp/system.mss
TRACE::2026-09-30.14:05:35::SCWWriter::formatted JSON is {
	"platformName":	"ecc_project_wrapper",
	"sprVersion":	"2.0",
	"mode":	"cmd",
	"dsaType":	"Fixed",
	"platformDesc":	"ecc_project_wrapper",
	"platHandOff":	"src/tcl/ecc_project_wrapper.xsa",
	"platIntHandOff":	"<platformDir>/hw/ecc_project_wrapper.xsa",
	"deviceType":	"zynq",
	"platIsPrebuiltAutogen":	"false",
	"platIsNoBootBsp":	"false",
	"platFsblTarget":	"ps7_cortexa9_0",
	"hasFsblMakeHasChanges":	"false",
	"hasPmufwMakeHasChanges":	"false",
	"fsblExtraCompilerFlags":	"-MMD -MP       -mcpu=cortex-a9 -mfpu=vfpv3 -mfloat-abi=hard ",
	"platPreBuiltFlag":	false,
	"platformSamplesDir":	"",
	"platActiveSys":	"ecc_project_wrapper",
	"systems":	[{
			"systemName":	"ecc_project_wrapper",
			"systemDesc":	"ecc_project_wrapper",
			"sysIsBootAutoGen":	"true",
			"systemDispName":	"ecc_project_wrapper",
			"sysActiveDom":	"zynq_fsbl",
			"sysDefaultDom":	"",
			"domains":	[{
					"domainName":	"zynq_fsbl",
					"domainDispName":	"zynq_fsbl",
					"domainDesc":	"FSBL Application BSP - Auto Generated.",
					"processors":	"ps7_cortexa9_0",
					"os":	"standalone",
					"sdxOs":	"standalone",
					"debugEnable":	"",
					"domRuntimes":	["cpp"],
					"swRepo":	"",
					"mssOsVer":	"8.1",
					"mssFile":	"",
					"md5Digest":	"2c92122f18c5fd40d52fe668ff4c852c",
					"compatibleApp":	"zynq_fsbl",
					"domType":	"bootDomain",
					"arch":	"32-bit",
					"appSettings":	{
						"appCompilerFlags":	"",
						"appLinkerFlags":	""
					},
					"addedLibs":	["xilffs:5.0", "xilrsa:1.6"],
					"libOptions":	{
						"libsContainingOptions":	[]
					},
					"prebuiltLibs":	{
						"prebuiltIncPath":	[],
						"prebuiltLibPath":	[]
					},
					"isolation":	{
					}
				}]
		}]
}
TRACE::2026-09-30.14:05:35::SCWMssOS::Saving the mss changes /users/students/r0885482/Documents/DDP/sw_package_2026/sw_project/project_sw/ecc_project_wrapper/zynq_fsbl/zynq_fsbl_bsp/system.mss
TRACE::2026-09-30.14:05:35::SCWMssOS::Found a swdesign opened with the mssfile.
TRACE::2026-09-30.14:05:35::SCWMssOS::Completed writemss as part of save.
TRACE::2026-09-30.14:05:35::SCWMssOS::Commit changes completed.
TRACE::2026-09-30.14:05:35::SCWPlatform::Trying to open the hw design at /users/students/r0885482/Documents/DDP/sw_package_2026/sw_project/project_sw/ecc_project_wrapper/hw/ecc_project_wrapper.xsa
TRACE::2026-09-30.14:05:35::SCWPlatform::DSA given /users/students/r0885482/Documents/DDP/sw_package_2026/sw_project/project_sw/ecc_project_wrapper/hw/ecc_project_wrapper.xsa
TRACE::2026-09-30.14:05:35::SCWPlatform::DSA absoulate path /users/students/r0885482/Documents/DDP/sw_package_2026/sw_project/project_sw/ecc_project_wrapper/hw/ecc_project_wrapper.xsa
TRACE::2026-09-30.14:05:35::SCWPlatform::DSA directory /users/students/r0885482/Documents/DDP/sw_package_2026/sw_project/project_sw/ecc_project_wrapper/hw
TRACE::2026-09-30.14:05:35::SCWPlatform:: Platform Path /users/students/r0885482/Documents/DDP/sw_package_2026/sw_project/project_sw/ecc_project_wrapper/hw/ecc_project_wrapper.xsa
TRACE::2026-09-30.14:05:35::SCWPlatform:: Unique name xilinx:pynq-z2::0.0
TRACE::2026-09-30.14:05:35::SCWPlatform::Trying to set the existing hwdb with name rsa_project_wrapper_0
TRACE::2026-09-30.14:05:35::SCWPlatform::Opened existing hwdb rsa_project_wrapper_0
TRACE::2026-09-30.14:05:35::SCWPlatform::Found the Hw Db part of the input DSA
TRACE::2026-09-30.14:05:35::SCWMssOS::Checking the sw design at  /users/students/r0885482/Documents/DDP/sw_package_2026/sw_project/project_sw/ecc_project_wrapper/zynq_fsbl/zynq_fsbl_bsp/system.mss
TRACE::2026-09-30.14:05:35::SCWMssOS::DEBUG:  swdes dump  /users/students/r0885482/Documents/DDP/sw_package_2026/sw_project/project_sw/ecc_project_wrapper/zynq_fsbl/zynq_fsbl_bsp/system.mss|system||

TRACE::2026-09-30.14:05:35::SCWMssOS::Sw design exists and opened at  /users/students/r0885482/Documents/DDP/sw_package_2026/sw_project/project_sw/ecc_project_wrapper/zynq_fsbl/zynq_fsbl_bsp/system.mss
TRACE::2026-09-30.14:05:35::SCWPlatform::Trying to open the hw design at /users/students/r0885482/Documents/DDP/sw_package_2026/sw_project/project_sw/ecc_project_wrapper/hw/ecc_project_wrapper.xsa
TRACE::2026-09-30.14:05:35::SCWPlatform::DSA given /users/students/r0885482/Documents/DDP/sw_package_2026/sw_project/project_sw/ecc_project_wrapper/hw/ecc_project_wrapper.xsa
TRACE::2026-09-30.14:05:35::SCWPlatform::DSA absoulate path /users/students/r0885482/Documents/DDP/sw_package_2026/sw_project/project_sw/ecc_project_wrapper/hw/ecc_project_wrapper.xsa
TRACE::2026-09-30.14:05:35::SCWPlatform::DSA directory /users/students/r0885482/Documents/DDP/sw_package_2026/sw_project/project_sw/ecc_project_wrapper/hw
TRACE::2026-09-30.14:05:35::SCWPlatform:: Platform Path /users/students/r0885482/Documents/DDP/sw_package_2026/sw_project/project_sw/ecc_project_wrapper/hw/ecc_project_wrapper.xsa
TRACE::2026-09-30.14:05:35::SCWPlatform:: Unique name xilinx:pynq-z2::0.0
TRACE::2026-09-30.14:05:35::SCWPlatform::Trying to set the existing hwdb with name rsa_project_wrapper_0
TRACE::2026-09-30.14:05:35::SCWPlatform::Opened existing hwdb rsa_project_wrapper_0
TRACE::2026-09-30.14:05:35::SCWPlatform::Found the Hw Db part of the input DSA
TRACE::2026-09-30.14:05:35::SCWMssOS::Checking the sw design at  /users/students/r0885482/Documents/DDP/sw_package_2026/sw_project/project_sw/ecc_project_wrapper/zynq_fsbl/zynq_fsbl_bsp/system.mss
TRACE::2026-09-30.14:05:35::SCWMssOS::DEBUG:  swdes dump  /users/students/r0885482/Documents/DDP/sw_package_2026/sw_project/project_sw/ecc_project_wrapper/zynq_fsbl/zynq_fsbl_bsp/system.mss|system||

TRACE::2026-09-30.14:05:35::SCWMssOS::Sw design exists and opened at  /users/students/r0885482/Documents/DDP/sw_package_2026/sw_project/project_sw/ecc_project_wrapper/zynq_fsbl/zynq_fsbl_bsp/system.mss
TRACE::2026-09-30.14:05:35::SCWPlatform::Trying to open the hw design at /users/students/r0885482/Documents/DDP/sw_package_2026/sw_project/project_sw/ecc_project_wrapper/hw/ecc_project_wrapper.xsa
TRACE::2026-09-30.14:05:35::SCWPlatform::DSA given /users/students/r0885482/Documents/DDP/sw_package_2026/sw_project/project_sw/ecc_project_wrapper/hw/ecc_project_wrapper.xsa
TRACE::2026-09-30.14:05:35::SCWPlatform::DSA absoulate path /users/students/r0885482/Documents/DDP/sw_package_2026/sw_project/project_sw/ecc_project_wrapper/hw/ecc_project_wrapper.xsa
TRACE::2026-09-30.14:05:35::SCWPlatform::DSA directory /users/students/r0885482/Documents/DDP/sw_package_2026/sw_project/project_sw/ecc_project_wrapper/hw
TRACE::2026-09-30.14:05:35::SCWPlatform:: Platform Path /users/students/r0885482/Documents/DDP/sw_package_2026/sw_project/project_sw/ecc_project_wrapper/hw/ecc_project_wrapper.xsa
TRACE::2026-09-30.14:05:35::SCWPlatform:: Unique name xilinx:pynq-z2::0.0
TRACE::2026-09-30.14:05:35::SCWPlatform::Trying to set the existing hwdb with name rsa_project_wrapper_0
TRACE::2026-09-30.14:05:35::SCWPlatform::Opened existing hwdb rsa_project_wrapper_0
TRACE::2026-09-30.14:05:35::SCWPlatform::Found the Hw Db part of the input DSA
TRACE::2026-09-30.14:05:35::SCWMssOS::Checking the sw design at  /users/students/r0885482/Documents/DDP/sw_package_2026/sw_project/project_sw/ecc_project_wrapper/zynq_fsbl/zynq_fsbl_bsp/system.mss
TRACE::2026-09-30.14:05:35::SCWMssOS::DEBUG:  swdes dump  /users/students/r0885482/Documents/DDP/sw_package_2026/sw_project/project_sw/ecc_project_wrapper/zynq_fsbl/zynq_fsbl_bsp/system.mss|system||

TRACE::2026-09-30.14:05:35::SCWMssOS::Sw design exists and opened at  /users/students/r0885482/Documents/DDP/sw_package_2026/sw_project/project_sw/ecc_project_wrapper/zynq_fsbl/zynq_fsbl_bsp/system.mss
TRACE::2026-09-30.14:05:35::SCWWriter::formatted JSON is {
	"platformName":	"ecc_project_wrapper",
	"sprVersion":	"2.0",
	"mode":	"cmd",
	"dsaType":	"Fixed",
	"platformDesc":	"ecc_project_wrapper",
	"platHandOff":	"src/tcl/ecc_project_wrapper.xsa",
	"platIntHandOff":	"<platformDir>/hw/ecc_project_wrapper.xsa",
	"deviceType":	"zynq",
	"platIsPrebuiltAutogen":	"false",
	"platIsNoBootBsp":	"false",
	"platFsblTarget":	"ps7_cortexa9_0",
	"hasFsblMakeHasChanges":	"false",
	"hasPmufwMakeHasChanges":	"false",
	"fsblExtraCompilerFlags":	"-MMD -MP       -mcpu=cortex-a9 -mfpu=vfpv3 -mfloat-abi=hard ",
	"platPreBuiltFlag":	false,
	"platformSamplesDir":	"",
	"platActiveSys":	"ecc_project_wrapper",
	"systems":	[{
			"systemName":	"ecc_project_wrapper",
			"systemDesc":	"ecc_project_wrapper",
			"sysIsBootAutoGen":	"true",
			"systemDispName":	"ecc_project_wrapper",
			"sysActiveDom":	"zynq_fsbl",
			"sysDefaultDom":	"",
			"domains":	[{
					"domainName":	"zynq_fsbl",
					"domainDispName":	"zynq_fsbl",
					"domainDesc":	"FSBL Application BSP - Auto Generated.",
					"processors":	"ps7_cortexa9_0",
					"os":	"standalone",
					"sdxOs":	"standalone",
					"debugEnable":	"",
					"domRuntimes":	["cpp"],
					"swRepo":	"",
					"mssOsVer":	"8.1",
					"mssFile":	"",
					"md5Digest":	"2c92122f18c5fd40d52fe668ff4c852c",
					"compatibleApp":	"zynq_fsbl",
					"domType":	"bootDomain",
					"arch":	"32-bit",
					"appSettings":	{
						"appCompilerFlags":	"",
						"appLinkerFlags":	""
					},
					"addedLibs":	["xilffs:5.0", "xilrsa:1.6"],
					"libOptions":	{
						"libsContainingOptions":	[]
					},
					"prebuiltLibs":	{
						"prebuiltIncPath":	[],
						"prebuiltLibPath":	[]
					},
					"isolation":	{
					}
				}]
		}]
}
TRACE::2026-09-30.14:05:35::SCWPlatform::Trying to open the hw design at /users/students/r0885482/Documents/DDP/sw_package_2026/sw_project/project_sw/ecc_project_wrapper/hw/ecc_project_wrapper.xsa
TRACE::2026-09-30.14:05:35::SCWPlatform::DSA given /users/students/r0885482/Documents/DDP/sw_package_2026/sw_project/project_sw/ecc_project_wrapper/hw/ecc_project_wrapper.xsa
TRACE::2026-09-30.14:05:35::SCWPlatform::DSA absoulate path /users/students/r0885482/Documents/DDP/sw_package_2026/sw_project/project_sw/ecc_project_wrapper/hw/ecc_project_wrapper.xsa
TRACE::2026-09-30.14:05:35::SCWPlatform::DSA directory /users/students/r0885482/Documents/DDP/sw_package_2026/sw_project/project_sw/ecc_project_wrapper/hw
TRACE::2026-09-30.14:05:35::SCWPlatform:: Platform Path /users/students/r0885482/Documents/DDP/sw_package_2026/sw_project/project_sw/ecc_project_wrapper/hw/ecc_project_wrapper.xsa
TRACE::2026-09-30.14:05:35::SCWPlatform:: Unique name xilinx:pynq-z2::0.0
TRACE::2026-09-30.14:05:35::SCWPlatform::Trying to set the existing hwdb with name rsa_project_wrapper_0
TRACE::2026-09-30.14:05:35::SCWPlatform::Opened existing hwdb rsa_project_wrapper_0
TRACE::2026-09-30.14:05:35::SCWPlatform::Found the Hw Db part of the input DSA
TRACE::2026-09-30.14:05:35::SCWDomain::checking for install qemu data   : 
TRACE::2026-09-30.14:05:35::SCWDomain:: Using the QEMU Data from install at  : /esat/micas-data/software/Xilinx/vitis_2023.1/Vitis/2023.1/data/emulation/platforms/zynq/sw/a9_standalone/qemu/
TRACE::2026-09-30.14:05:35::SCWDomain:: Using the QEMU args  from install at  : /esat/micas-data/software/Xilinx/vitis_2023.1/Vitis/2023.1/data/emulation/platforms/zynq/sw/a9_standalone/qemu/qemu_args.txt
TRACE::2026-09-30.14:05:35::SCWPlatform::Trying to open the hw design at /users/students/r0885482/Documents/DDP/sw_package_2026/sw_project/project_sw/ecc_project_wrapper/hw/ecc_project_wrapper.xsa
TRACE::2026-09-30.14:05:35::SCWPlatform::DSA given /users/students/r0885482/Documents/DDP/sw_package_2026/sw_project/project_sw/ecc_project_wrapper/hw/ecc_project_wrapper.xsa
TRACE::2026-09-30.14:05:35::SCWPlatform::DSA absoulate path /users/students/r0885482/Documents/DDP/sw_package_2026/sw_project/project_sw/ecc_project_wrapper/hw/ecc_project_wrapper.xsa
TRACE::2026-09-30.14:05:35::SCWPlatform::DSA directory /users/students/r0885482/Documents/DDP/sw_package_2026/sw_project/project_sw/ecc_project_wrapper/hw
TRACE::2026-09-30.14:05:35::SCWPlatform:: Platform Path /users/students/r0885482/Documents/DDP/sw_package_2026/sw_project/project_sw/ecc_project_wrapper/hw/ecc_project_wrapper.xsa
TRACE::2026-09-30.14:05:35::SCWPlatform:: Unique name xilinx:pynq-z2::0.0
TRACE::2026-09-30.14:05:35::SCWPlatform::Trying to set the existing hwdb with name rsa_project_wrapper_0
TRACE::2026-09-30.14:05:35::SCWPlatform::Opened existing hwdb rsa_project_wrapper_0
TRACE::2026-09-30.14:05:35::SCWPlatform::Found the Hw Db part of the input DSA
TRACE::2026-09-30.14:05:35::SCWPlatform::Trying to open the hw design at /users/students/r0885482/Documents/DDP/sw_package_2026/sw_project/project_sw/ecc_project_wrapper/hw/ecc_project_wrapper.xsa
TRACE::2026-09-30.14:05:35::SCWPlatform::DSA given /users/students/r0885482/Documents/DDP/sw_package_2026/sw_project/project_sw/ecc_project_wrapper/hw/ecc_project_wrapper.xsa
TRACE::2026-09-30.14:05:35::SCWPlatform::DSA absoulate path /users/students/r0885482/Documents/DDP/sw_package_2026/sw_project/project_sw/ecc_project_wrapper/hw/ecc_project_wrapper.xsa
TRACE::2026-09-30.14:05:35::SCWPlatform::DSA directory /users/students/r0885482/Documents/DDP/sw_package_2026/sw_project/project_sw/ecc_project_wrapper/hw
TRACE::2026-09-30.14:05:35::SCWPlatform:: Platform Path /users/students/r0885482/Documents/DDP/sw_package_2026/sw_project/project_sw/ecc_project_wrapper/hw/ecc_project_wrapper.xsa
TRACE::2026-09-30.14:05:35::SCWPlatform:: Unique name xilinx:pynq-z2::0.0
TRACE::2026-09-30.14:05:35::SCWPlatform::Trying to set the existing hwdb with name rsa_project_wrapper_0
TRACE::2026-09-30.14:05:35::SCWPlatform::Opened existing hwdb rsa_project_wrapper_0
TRACE::2026-09-30.14:05:35::SCWPlatform::Found the Hw Db part of the input DSA
TRACE::2026-09-30.14:05:35::SCWDomain::Qemu Directory name is changed from "" to "qemu"
TRACE::2026-09-30.14:05:35::SCWPlatform::Trying to open the hw design at /users/students/r0885482/Documents/DDP/sw_package_2026/sw_project/project_sw/ecc_project_wrapper/hw/ecc_project_wrapper.xsa
TRACE::2026-09-30.14:05:35::SCWPlatform::DSA given /users/students/r0885482/Documents/DDP/sw_package_2026/sw_project/project_sw/ecc_project_wrapper/hw/ecc_project_wrapper.xsa
TRACE::2026-09-30.14:05:35::SCWPlatform::DSA absoulate path /users/students/r0885482/Documents/DDP/sw_package_2026/sw_project/project_sw/ecc_project_wrapper/hw/ecc_project_wrapper.xsa
TRACE::2026-09-30.14:05:35::SCWPlatform::DSA directory /users/students/r0885482/Documents/DDP/sw_package_2026/sw_project/project_sw/ecc_project_wrapper/hw
TRACE::2026-09-30.14:05:35::SCWPlatform:: Platform Path /users/students/r0885482/Documents/DDP/sw_package_2026/sw_project/project_sw/ecc_project_wrapper/hw/ecc_project_wrapper.xsa
TRACE::2026-09-30.14:05:35::SCWPlatform:: Unique name xilinx:pynq-z2::0.0
TRACE::2026-09-30.14:05:35::SCWPlatform::Trying to set the existing hwdb with name rsa_project_wrapper_0
TRACE::2026-09-30.14:05:35::SCWPlatform::Opened existing hwdb rsa_project_wrapper_0
TRACE::2026-09-30.14:05:35::SCWPlatform::Found the Hw Db part of the input DSA
TRACE::2026-09-30.14:05:35::SCWMssOS::Checking the sw design at  /users/students/r0885482/Documents/DDP/sw_package_2026/sw_project/project_sw/ecc_project_wrapper/ps7_cortexa9_0/standalone_domain/bsp/system.mss
TRACE::2026-09-30.14:05:35::SCWMssOS::DEBUG:  swdes dump  /users/students/r0885482/Documents/DDP/sw_package_2026/sw_project/project_sw/ecc_project_wrapper/zynq_fsbl/zynq_fsbl_bsp/system.mss|system||

TRACE::2026-09-30.14:05:35::SCWMssOS::No sw design opened at  /users/students/r0885482/Documents/DDP/sw_package_2026/sw_project/project_sw/ecc_project_wrapper/ps7_cortexa9_0/standalone_domain/bsp/system.mss
TRACE::2026-09-30.14:05:35::SCWMssOS::mss does not exists at /users/students/r0885482/Documents/DDP/sw_package_2026/sw_project/project_sw/ecc_project_wrapper/ps7_cortexa9_0/standalone_domain/bsp/system.mss
TRACE::2026-09-30.14:05:35::SCWMssOS::Creating sw design at  /users/students/r0885482/Documents/DDP/sw_package_2026/sw_project/project_sw/ecc_project_wrapper/ps7_cortexa9_0/standalone_domain/bsp/system.mss
TRACE::2026-09-30.14:05:35::SCWMssOS::Adding the swdes entry, created swdb /users/students/r0885482/Documents/DDP/sw_package_2026/sw_project/project_sw/ecc_project_wrapper/ps7_cortexa9_0/standalone_domain/bsp/system.mss with des name /users/students/r0885482/Documents/DDP/sw_package_2026/sw_project/project_sw/ecc_project_wrapper/ps7_cortexa9_0/standalone_domain/bsp/system.mss
TRACE::2026-09-30.14:05:35::SCWMssOS::updating the scw layer changes to swdes at   /users/students/r0885482/Documents/DDP/sw_package_2026/sw_project/project_sw/ecc_project_wrapper/ps7_cortexa9_0/standalone_domain/bsp/system.mss
TRACE::2026-09-30.14:05:35::SCWMssOS::Writing mss at /users/students/r0885482/Documents/DDP/sw_package_2026/sw_project/project_sw/ecc_project_wrapper/ps7_cortexa9_0/standalone_domain/bsp/system.mss
TRACE::2026-09-30.14:05:35::SCWMssOS::Completed writing the mss file at /users/students/r0885482/Documents/DDP/sw_package_2026/sw_project/project_sw/ecc_project_wrapper/ps7_cortexa9_0/standalone_domain/bsp
TRACE::2026-09-30.14:05:35::SCWMssOS::Picking up changes from newly written mss file into SCW Layer. 
TRACE::2026-09-30.14:05:35::SCWMssOS::Updated the changes from newly written mss file into SCW Layer. 
TRACE::2026-09-30.14:05:35::SCWMssOS::Completed writing the mss file at /users/students/r0885482/Documents/DDP/sw_package_2026/sw_project/project_sw/ecc_project_wrapper/ps7_cortexa9_0/standalone_domain/bsp
TRACE::2026-09-30.14:05:35::SCWMssOS::Forcing BSP Sources regeneration.
TRACE::2026-09-30.14:05:36::SCWMssOS::Saving the mss changes /users/students/r0885482/Documents/DDP/sw_package_2026/sw_project/project_sw/ecc_project_wrapper/zynq_fsbl/zynq_fsbl_bsp/system.mss
TRACE::2026-09-30.14:05:36::SCWMssOS::Found a swdesign opened with the mssfile.
TRACE::2026-09-30.14:05:36::SCWMssOS::Completed writemss as part of save.
TRACE::2026-09-30.14:05:36::SCWMssOS::Commit changes completed.
TRACE::2026-09-30.14:05:36::SCWMssOS::Saving the mss changes /users/students/r0885482/Documents/DDP/sw_package_2026/sw_project/project_sw/ecc_project_wrapper/ps7_cortexa9_0/standalone_domain/bsp/system.mss
TRACE::2026-09-30.14:05:36::SCWMssOS::Adding the swdes entry, mss present, able to open swdb /users/students/r0885482/Documents/DDP/sw_package_2026/sw_project/project_sw/ecc_project_wrapper/ps7_cortexa9_0/standalone_domain/bsp/system.mss with des name system_0
TRACE::2026-09-30.14:05:36::SCWMssOS::Writing the mss file completed /users/students/r0885482/Documents/DDP/sw_package_2026/sw_project/project_sw/ecc_project_wrapper/ps7_cortexa9_0/standalone_domain/bsp/system.mss
TRACE::2026-09-30.14:05:36::SCWMssOS::Commit changes completed.
TRACE::2026-09-30.14:05:36::SCWPlatform::Trying to open the hw design at /users/students/r0885482/Documents/DDP/sw_package_2026/sw_project/project_sw/ecc_project_wrapper/hw/ecc_project_wrapper.xsa
TRACE::2026-09-30.14:05:36::SCWPlatform::DSA given /users/students/r0885482/Documents/DDP/sw_package_2026/sw_project/project_sw/ecc_project_wrapper/hw/ecc_project_wrapper.xsa
TRACE::2026-09-30.14:05:36::SCWPlatform::DSA absoulate path /users/students/r0885482/Documents/DDP/sw_package_2026/sw_project/project_sw/ecc_project_wrapper/hw/ecc_project_wrapper.xsa
TRACE::2026-09-30.14:05:36::SCWPlatform::DSA directory /users/students/r0885482/Documents/DDP/sw_package_2026/sw_project/project_sw/ecc_project_wrapper/hw
TRACE::2026-09-30.14:05:36::SCWPlatform:: Platform Path /users/students/r0885482/Documents/DDP/sw_package_2026/sw_project/project_sw/ecc_project_wrapper/hw/ecc_project_wrapper.xsa
TRACE::2026-09-30.14:05:36::SCWPlatform:: Unique name xilinx:pynq-z2::0.0
TRACE::2026-09-30.14:05:36::SCWPlatform::Trying to set the existing hwdb with name rsa_project_wrapper_0
TRACE::2026-09-30.14:05:36::SCWPlatform::Opened existing hwdb rsa_project_wrapper_0
TRACE::2026-09-30.14:05:36::SCWPlatform::Found the Hw Db part of the input DSA
TRACE::2026-09-30.14:05:36::SCWMssOS::Checking the sw design at  /users/students/r0885482/Documents/DDP/sw_package_2026/sw_project/project_sw/ecc_project_wrapper/zynq_fsbl/zynq_fsbl_bsp/system.mss
TRACE::2026-09-30.14:05:36::SCWMssOS::DEBUG:  swdes dump  /users/students/r0885482/Documents/DDP/sw_package_2026/sw_project/project_sw/ecc_project_wrapper/ps7_cortexa9_0/standalone_domain/bsp/system.mss|system_0||
/users/students/r0885482/Documents/DDP/sw_package_2026/sw_project/project_sw/ecc_project_wrapper/zynq_fsbl/zynq_fsbl_bsp/system.mss|system||

TRACE::2026-09-30.14:05:36::SCWMssOS::Sw design exists and opened at  /users/students/r0885482/Documents/DDP/sw_package_2026/sw_project/project_sw/ecc_project_wrapper/zynq_fsbl/zynq_fsbl_bsp/system.mss
TRACE::2026-09-30.14:05:36::SCWPlatform::Trying to open the hw design at /users/students/r0885482/Documents/DDP/sw_package_2026/sw_project/project_sw/ecc_project_wrapper/hw/ecc_project_wrapper.xsa
TRACE::2026-09-30.14:05:36::SCWPlatform::DSA given /users/students/r0885482/Documents/DDP/sw_package_2026/sw_project/project_sw/ecc_project_wrapper/hw/ecc_project_wrapper.xsa
TRACE::2026-09-30.14:05:36::SCWPlatform::DSA absoulate path /users/students/r0885482/Documents/DDP/sw_package_2026/sw_project/project_sw/ecc_project_wrapper/hw/ecc_project_wrapper.xsa
TRACE::2026-09-30.14:05:36::SCWPlatform::DSA directory /users/students/r0885482/Documents/DDP/sw_package_2026/sw_project/project_sw/ecc_project_wrapper/hw
TRACE::2026-09-30.14:05:36::SCWPlatform:: Platform Path /users/students/r0885482/Documents/DDP/sw_package_2026/sw_project/project_sw/ecc_project_wrapper/hw/ecc_project_wrapper.xsa
TRACE::2026-09-30.14:05:36::SCWPlatform:: Unique name xilinx:pynq-z2::0.0
TRACE::2026-09-30.14:05:36::SCWPlatform::Trying to set the existing hwdb with name rsa_project_wrapper_0
TRACE::2026-09-30.14:05:36::SCWPlatform::Opened existing hwdb rsa_project_wrapper_0
TRACE::2026-09-30.14:05:36::SCWPlatform::Found the Hw Db part of the input DSA
TRACE::2026-09-30.14:05:36::SCWMssOS::Checking the sw design at  /users/students/r0885482/Documents/DDP/sw_package_2026/sw_project/project_sw/ecc_project_wrapper/zynq_fsbl/zynq_fsbl_bsp/system.mss
TRACE::2026-09-30.14:05:36::SCWMssOS::DEBUG:  swdes dump  /users/students/r0885482/Documents/DDP/sw_package_2026/sw_project/project_sw/ecc_project_wrapper/ps7_cortexa9_0/standalone_domain/bsp/system.mss|system_0||
/users/students/r0885482/Documents/DDP/sw_package_2026/sw_project/project_sw/ecc_project_wrapper/zynq_fsbl/zynq_fsbl_bsp/system.mss|system||

TRACE::2026-09-30.14:05:36::SCWMssOS::Sw design exists and opened at  /users/students/r0885482/Documents/DDP/sw_package_2026/sw_project/project_sw/ecc_project_wrapper/zynq_fsbl/zynq_fsbl_bsp/system.mss
TRACE::2026-09-30.14:05:36::SCWPlatform::Trying to open the hw design at /users/students/r0885482/Documents/DDP/sw_package_2026/sw_project/project_sw/ecc_project_wrapper/hw/ecc_project_wrapper.xsa
TRACE::2026-09-30.14:05:36::SCWPlatform::DSA given /users/students/r0885482/Documents/DDP/sw_package_2026/sw_project/project_sw/ecc_project_wrapper/hw/ecc_project_wrapper.xsa
TRACE::2026-09-30.14:05:36::SCWPlatform::DSA absoulate path /users/students/r0885482/Documents/DDP/sw_package_2026/sw_project/project_sw/ecc_project_wrapper/hw/ecc_project_wrapper.xsa
TRACE::2026-09-30.14:05:36::SCWPlatform::DSA directory /users/students/r0885482/Documents/DDP/sw_package_2026/sw_project/project_sw/ecc_project_wrapper/hw
TRACE::2026-09-30.14:05:36::SCWPlatform:: Platform Path /users/students/r0885482/Documents/DDP/sw_package_2026/sw_project/project_sw/ecc_project_wrapper/hw/ecc_project_wrapper.xsa
TRACE::2026-09-30.14:05:36::SCWPlatform:: Unique name xilinx:pynq-z2::0.0
TRACE::2026-09-30.14:05:36::SCWPlatform::Trying to set the existing hwdb with name rsa_project_wrapper_0
TRACE::2026-09-30.14:05:36::SCWPlatform::Opened existing hwdb rsa_project_wrapper_0
TRACE::2026-09-30.14:05:36::SCWPlatform::Found the Hw Db part of the input DSA
TRACE::2026-09-30.14:05:36::SCWMssOS::Checking the sw design at  /users/students/r0885482/Documents/DDP/sw_package_2026/sw_project/project_sw/ecc_project_wrapper/zynq_fsbl/zynq_fsbl_bsp/system.mss
TRACE::2026-09-30.14:05:36::SCWMssOS::DEBUG:  swdes dump  /users/students/r0885482/Documents/DDP/sw_package_2026/sw_project/project_sw/ecc_project_wrapper/ps7_cortexa9_0/standalone_domain/bsp/system.mss|system_0||
/users/students/r0885482/Documents/DDP/sw_package_2026/sw_project/project_sw/ecc_project_wrapper/zynq_fsbl/zynq_fsbl_bsp/system.mss|system||

TRACE::2026-09-30.14:05:36::SCWMssOS::Sw design exists and opened at  /users/students/r0885482/Documents/DDP/sw_package_2026/sw_project/project_sw/ecc_project_wrapper/zynq_fsbl/zynq_fsbl_bsp/system.mss
TRACE::2026-09-30.14:05:36::SCWPlatform::Trying to open the hw design at /users/students/r0885482/Documents/DDP/sw_package_2026/sw_project/project_sw/ecc_project_wrapper/hw/ecc_project_wrapper.xsa
TRACE::2026-09-30.14:05:36::SCWPlatform::DSA given /users/students/r0885482/Documents/DDP/sw_package_2026/sw_project/project_sw/ecc_project_wrapper/hw/ecc_project_wrapper.xsa
TRACE::2026-09-30.14:05:36::SCWPlatform::DSA absoulate path /users/students/r0885482/Documents/DDP/sw_package_2026/sw_project/project_sw/ecc_project_wrapper/hw/ecc_project_wrapper.xsa
TRACE::2026-09-30.14:05:36::SCWPlatform::DSA directory /users/students/r0885482/Documents/DDP/sw_package_2026/sw_project/project_sw/ecc_project_wrapper/hw
TRACE::2026-09-30.14:05:36::SCWPlatform:: Platform Path /users/students/r0885482/Documents/DDP/sw_package_2026/sw_project/project_sw/ecc_project_wrapper/hw/ecc_project_wrapper.xsa
TRACE::2026-09-30.14:05:36::SCWPlatform:: Unique name xilinx:pynq-z2::0.0
TRACE::2026-09-30.14:05:36::SCWPlatform::Trying to set the existing hwdb with name rsa_project_wrapper_0
TRACE::2026-09-30.14:05:36::SCWPlatform::Opened existing hwdb rsa_project_wrapper_0
TRACE::2026-09-30.14:05:36::SCWPlatform::Found the Hw Db part of the input DSA
TRACE::2026-09-30.14:05:36::SCWMssOS::Checking the sw design at  /users/students/r0885482/Documents/DDP/sw_package_2026/sw_project/project_sw/ecc_project_wrapper/ps7_cortexa9_0/standalone_domain/bsp/system.mss
TRACE::2026-09-30.14:05:36::SCWMssOS::DEBUG:  swdes dump  /users/students/r0885482/Documents/DDP/sw_package_2026/sw_project/project_sw/ecc_project_wrapper/ps7_cortexa9_0/standalone_domain/bsp/system.mss|system_0||
/users/students/r0885482/Documents/DDP/sw_package_2026/sw_project/project_sw/ecc_project_wrapper/zynq_fsbl/zynq_fsbl_bsp/system.mss|system||

TRACE::2026-09-30.14:05:36::SCWMssOS::Sw design exists and opened at  /users/students/r0885482/Documents/DDP/sw_package_2026/sw_project/project_sw/ecc_project_wrapper/ps7_cortexa9_0/standalone_domain/bsp/system.mss
TRACE::2026-09-30.14:05:36::SCWPlatform::Trying to open the hw design at /users/students/r0885482/Documents/DDP/sw_package_2026/sw_project/project_sw/ecc_project_wrapper/hw/ecc_project_wrapper.xsa
TRACE::2026-09-30.14:05:36::SCWPlatform::DSA given /users/students/r0885482/Documents/DDP/sw_package_2026/sw_project/project_sw/ecc_project_wrapper/hw/ecc_project_wrapper.xsa
TRACE::2026-09-30.14:05:36::SCWPlatform::DSA absoulate path /users/students/r0885482/Documents/DDP/sw_package_2026/sw_project/project_sw/ecc_project_wrapper/hw/ecc_project_wrapper.xsa
TRACE::2026-09-30.14:05:36::SCWPlatform::DSA directory /users/students/r0885482/Documents/DDP/sw_package_2026/sw_project/project_sw/ecc_project_wrapper/hw
TRACE::2026-09-30.14:05:36::SCWPlatform:: Platform Path /users/students/r0885482/Documents/DDP/sw_package_2026/sw_project/project_sw/ecc_project_wrapper/hw/ecc_project_wrapper.xsa
TRACE::2026-09-30.14:05:36::SCWPlatform:: Unique name xilinx:pynq-z2::0.0
TRACE::2026-09-30.14:05:36::SCWPlatform::Trying to set the existing hwdb with name rsa_project_wrapper_0
TRACE::2026-09-30.14:05:36::SCWPlatform::Opened existing hwdb rsa_project_wrapper_0
TRACE::2026-09-30.14:05:36::SCWPlatform::Found the Hw Db part of the input DSA
TRACE::2026-09-30.14:05:36::SCWMssOS::Checking the sw design at  /users/students/r0885482/Documents/DDP/sw_package_2026/sw_project/project_sw/ecc_project_wrapper/ps7_cortexa9_0/standalone_domain/bsp/system.mss
TRACE::2026-09-30.14:05:36::SCWMssOS::DEBUG:  swdes dump  /users/students/r0885482/Documents/DDP/sw_package_2026/sw_project/project_sw/ecc_project_wrapper/ps7_cortexa9_0/standalone_domain/bsp/system.mss|system_0||
/users/students/r0885482/Documents/DDP/sw_package_2026/sw_project/project_sw/ecc_project_wrapper/zynq_fsbl/zynq_fsbl_bsp/system.mss|system||

TRACE::2026-09-30.14:05:36::SCWMssOS::Sw design exists and opened at  /users/students/r0885482/Documents/DDP/sw_package_2026/sw_project/project_sw/ecc_project_wrapper/ps7_cortexa9_0/standalone_domain/bsp/system.mss
TRACE::2026-09-30.14:05:36::SCWPlatform::Trying to open the hw design at /users/students/r0885482/Documents/DDP/sw_package_2026/sw_project/project_sw/ecc_project_wrapper/hw/ecc_project_wrapper.xsa
TRACE::2026-09-30.14:05:36::SCWPlatform::DSA given /users/students/r0885482/Documents/DDP/sw_package_2026/sw_project/project_sw/ecc_project_wrapper/hw/ecc_project_wrapper.xsa
TRACE::2026-09-30.14:05:36::SCWPlatform::DSA absoulate path /users/students/r0885482/Documents/DDP/sw_package_2026/sw_project/project_sw/ecc_project_wrapper/hw/ecc_project_wrapper.xsa
TRACE::2026-09-30.14:05:36::SCWPlatform::DSA directory /users/students/r0885482/Documents/DDP/sw_package_2026/sw_project/project_sw/ecc_project_wrapper/hw
TRACE::2026-09-30.14:05:36::SCWPlatform:: Platform Path /users/students/r0885482/Documents/DDP/sw_package_2026/sw_project/project_sw/ecc_project_wrapper/hw/ecc_project_wrapper.xsa
TRACE::2026-09-30.14:05:36::SCWPlatform:: Unique name xilinx:pynq-z2::0.0
TRACE::2026-09-30.14:05:36::SCWPlatform::Trying to set the existing hwdb with name rsa_project_wrapper_0
TRACE::2026-09-30.14:05:36::SCWPlatform::Opened existing hwdb rsa_project_wrapper_0
TRACE::2026-09-30.14:05:36::SCWPlatform::Found the Hw Db part of the input DSA
TRACE::2026-09-30.14:05:36::SCWMssOS::Checking the sw design at  /users/students/r0885482/Documents/DDP/sw_package_2026/sw_project/project_sw/ecc_project_wrapper/ps7_cortexa9_0/standalone_domain/bsp/system.mss
TRACE::2026-09-30.14:05:36::SCWMssOS::DEBUG:  swdes dump  /users/students/r0885482/Documents/DDP/sw_package_2026/sw_project/project_sw/ecc_project_wrapper/ps7_cortexa9_0/standalone_domain/bsp/system.mss|system_0||
/users/students/r0885482/Documents/DDP/sw_package_2026/sw_project/project_sw/ecc_project_wrapper/zynq_fsbl/zynq_fsbl_bsp/system.mss|system||

TRACE::2026-09-30.14:05:36::SCWMssOS::Sw design exists and opened at  /users/students/r0885482/Documents/DDP/sw_package_2026/sw_project/project_sw/ecc_project_wrapper/ps7_cortexa9_0/standalone_domain/bsp/system.mss
TRACE::2026-09-30.14:05:36::SCWWriter::formatted JSON is {
	"platformName":	"ecc_project_wrapper",
	"sprVersion":	"2.0",
	"mode":	"cmd",
	"dsaType":	"Fixed",
	"platformDesc":	"ecc_project_wrapper",
	"platHandOff":	"src/tcl/ecc_project_wrapper.xsa",
	"platIntHandOff":	"<platformDir>/hw/ecc_project_wrapper.xsa",
	"deviceType":	"zynq",
	"platIsPrebuiltAutogen":	"false",
	"platIsNoBootBsp":	"false",
	"platFsblTarget":	"ps7_cortexa9_0",
	"hasFsblMakeHasChanges":	"false",
	"hasPmufwMakeHasChanges":	"false",
	"fsblExtraCompilerFlags":	"-MMD -MP       -mcpu=cortex-a9 -mfpu=vfpv3 -mfloat-abi=hard ",
	"platPreBuiltFlag":	false,
	"platformSamplesDir":	"",
	"platActiveSys":	"ecc_project_wrapper",
	"systems":	[{
			"systemName":	"ecc_project_wrapper",
			"systemDesc":	"ecc_project_wrapper",
			"sysIsBootAutoGen":	"true",
			"systemDispName":	"ecc_project_wrapper",
			"sysActiveDom":	"standalone_domain",
			"sysDefaultDom":	"standalone_domain",
			"domains":	[{
					"domainName":	"zynq_fsbl",
					"domainDispName":	"zynq_fsbl",
					"domainDesc":	"FSBL Application BSP - Auto Generated.",
					"processors":	"ps7_cortexa9_0",
					"os":	"standalone",
					"sdxOs":	"standalone",
					"debugEnable":	"",
					"domRuntimes":	["cpp"],
					"swRepo":	"",
					"mssOsVer":	"8.1",
					"mssFile":	"",
					"md5Digest":	"2c92122f18c5fd40d52fe668ff4c852c",
					"compatibleApp":	"zynq_fsbl",
					"domType":	"bootDomain",
					"arch":	"32-bit",
					"appSettings":	{
						"appCompilerFlags":	"",
						"appLinkerFlags":	""
					},
					"addedLibs":	["xilffs:5.0", "xilrsa:1.6"],
					"libOptions":	{
						"libsContainingOptions":	[]
					},
					"prebuiltLibs":	{
						"prebuiltIncPath":	[],
						"prebuiltLibPath":	[]
					},
					"isolation":	{
					}
				}, {
					"domainName":	"standalone_domain",
					"domainDispName":	"standalone on ps7_cortexa9_0",
					"domainDesc":	"standalone_domain",
					"processors":	"ps7_cortexa9_0",
					"os":	"standalone",
					"sdxOs":	"standalone",
					"qemuArgs":	"<platformDir>/resources/ecc_project_wrapper/standalone_domain/qemu_args.txt",
					"qemuData":	"<platformDir>/resources/ecc_project_wrapper/standalone_domain/qemu",
					"debugEnable":	"False",
					"domRuntimes":	["cpp"],
					"swRepo":	"",
					"mssOsVer":	"8.1",
					"mssFile":	"",
					"md5Digest":	"5458ab32d357d609abddc6af46557d25",
					"compatibleApp":	"hello_world",
					"domType":	"mssDomain",
					"arch":	"32-bit",
					"appSettings":	{
						"appCompilerFlags":	"",
						"appLinkerFlags":	""
					},
					"addedLibs":	[],
					"libOptions":	{
						"libsContainingOptions":	[]
					},
					"prebuiltLibs":	{
						"prebuiltIncPath":	[],
						"prebuiltLibPath":	[]
					},
					"isolation":	{
					}
				}]
		}]
}
LOG::2026-09-30.14:05:36::SCWPlatform::Started generating the artifacts platform ecc_project_wrapper
TRACE::2026-09-30.14:05:36::SCWPlatform::Sanity checking of platform is completed
LOG::2026-09-30.14:05:36::SCWPlatform::Started generating the artifacts for system configuration ecc_project_wrapper
LOG::2026-09-30.14:05:36::SCWSystem::Checking the domain zynq_fsbl
LOG::2026-09-30.14:05:36::SCWSystem::Doing application build for :  zynq_fsbl
TRACE::2026-09-30.14:05:36::SCWBDomain::Not a forced makefile updation, No changes are present. 
TRACE::2026-09-30.14:05:36::SCWDomain::Skipping the build for domain :  zynq_fsbl
LOG::2026-09-30.14:05:36::SCWSystem::Checking the domain standalone_domain
LOG::2026-09-30.14:05:36::SCWSystem::Not a boot domain 
LOG::2026-09-30.14:05:36::SCWSystem::Started Processing the domain standalone_domain
TRACE::2026-09-30.14:05:36::SCWDomain::Generating domain artifcats
TRACE::2026-09-30.14:05:36::SCWMssOS::Generating standalone artifcats
TRACE::2026-09-30.14:05:36::SCWMssOS::Copying the qemu file from  /users/students/r0885482/Documents/DDP/sw_package_2026/sw_project/project_sw/ecc_project_wrapper/resources/ecc_project_wrapper/standalone_domain/qemu_args.txt To /users/students/r0885482/Documents/DDP/sw_package_2026/sw_project/project_sw/ecc_project_wrapper/export/ecc_project_wrapper/sw/ecc_project_wrapper/qemu/
TRACE::2026-09-30.14:05:36::SCWMssOS::Copying the qemu file from  /users/students/r0885482/Documents/DDP/sw_package_2026/sw_project/project_sw/ecc_project_wrapper/resources/ecc_project_wrapper/standalone_domain/qemu_args.txt To /users/students/r0885482/Documents/DDP/sw_package_2026/sw_project/project_sw/ecc_project_wrapper/export/ecc_project_wrapper/sw/ecc_project_wrapper/standalone_domain/qemu/
TRACE::2026-09-30.14:05:36::SCWMssOS:: Copying the user libraries. 
TRACE::2026-09-30.14:05:36::SCWPlatform::Trying to open the hw design at /users/students/r0885482/Documents/DDP/sw_package_2026/sw_project/project_sw/ecc_project_wrapper/hw/ecc_project_wrapper.xsa
TRACE::2026-09-30.14:05:36::SCWPlatform::DSA given /users/students/r0885482/Documents/DDP/sw_package_2026/sw_project/project_sw/ecc_project_wrapper/hw/ecc_project_wrapper.xsa
TRACE::2026-09-30.14:05:36::SCWPlatform::DSA absoulate path /users/students/r0885482/Documents/DDP/sw_package_2026/sw_project/project_sw/ecc_project_wrapper/hw/ecc_project_wrapper.xsa
TRACE::2026-09-30.14:05:36::SCWPlatform::DSA directory /users/students/r0885482/Documents/DDP/sw_package_2026/sw_project/project_sw/ecc_project_wrapper/hw
TRACE::2026-09-30.14:05:36::SCWPlatform:: Platform Path /users/students/r0885482/Documents/DDP/sw_package_2026/sw_project/project_sw/ecc_project_wrapper/hw/ecc_project_wrapper.xsa
TRACE::2026-09-30.14:05:36::SCWPlatform:: Unique name xilinx:pynq-z2::0.0
TRACE::2026-09-30.14:05:36::SCWPlatform::Trying to set the existing hwdb with name rsa_project_wrapper_0
TRACE::2026-09-30.14:05:36::SCWPlatform::Opened existing hwdb rsa_project_wrapper_0
TRACE::2026-09-30.14:05:36::SCWPlatform::Found the Hw Db part of the input DSA
TRACE::2026-09-30.14:05:36::SCWMssOS::Checking the sw design at  /users/students/r0885482/Documents/DDP/sw_package_2026/sw_project/project_sw/ecc_project_wrapper/ps7_cortexa9_0/standalone_domain/bsp/system.mss
TRACE::2026-09-30.14:05:36::SCWMssOS::DEBUG:  swdes dump  /users/students/r0885482/Documents/DDP/sw_package_2026/sw_project/project_sw/ecc_project_wrapper/ps7_cortexa9_0/standalone_domain/bsp/system.mss|system_0||
/users/students/r0885482/Documents/DDP/sw_package_2026/sw_project/project_sw/ecc_project_wrapper/zynq_fsbl/zynq_fsbl_bsp/system.mss|system||

TRACE::2026-09-30.14:05:36::SCWMssOS::Sw design exists and opened at  /users/students/r0885482/Documents/DDP/sw_package_2026/sw_project/project_sw/ecc_project_wrapper/ps7_cortexa9_0/standalone_domain/bsp/system.mss
TRACE::2026-09-30.14:05:36::SCWMssOS::Completed writing the mss file at /users/students/r0885482/Documents/DDP/sw_package_2026/sw_project/project_sw/ecc_project_wrapper/ps7_cortexa9_0/standalone_domain/bsp
TRACE::2026-09-30.14:05:36::SCWMssOS::Mss edits present, copying mssfile into export location /users/students/r0885482/Documents/DDP/sw_package_2026/sw_project/project_sw/ecc_project_wrapper/ps7_cortexa9_0/standalone_domain/bsp/system.mss
TRACE::2026-09-30.14:05:36::SCWMssOS::bsp generated is upto date with the mss file. Skipping bsp generation.
TRACE::2026-09-30.14:05:36::SCWMssOS::BSP is already built. skipping the bsp build ... 
TRACE::2026-09-30.14:05:36::SCWDomain::Skipping the build for domain :  standalone_domain
TRACE::2026-09-30.14:05:36::SCWMssOS::skipping the bsp build ... 
TRACE::2026-09-30.14:05:36::SCWMssOS::Copying to export directory.
TRACE::2026-09-30.14:05:36::SCWMssOS:: Checking if to create the Supporting Applications
TRACE::2026-09-30.14:05:36::SCWMssOS:: No Linux domain exists, trying to generate FSBL 
TRACE::2026-09-30.14:05:36::SCWMssOS:: Completed Standalone Artifacts creation 
LOG::2026-09-30.14:05:36::SCWSystem::Completed Processing the domain standalone_domain
LOG::2026-09-30.14:05:36::SCWSystem::Completed Processing the sysconfig ecc_project_wrapper
LOG::2026-09-30.14:05:36::SCWPlatform::Completed generating the artifacts for system configuration ecc_project_wrapper
TRACE::2026-09-30.14:05:36::SCWPlatform::Started preparing the platform 
TRACE::2026-09-30.14:05:36::SCWSystem::Writing the bif file for system config ecc_project_wrapper
TRACE::2026-09-30.14:05:36::SCWSystem::dir created 
TRACE::2026-09-30.14:05:36::SCWSystem::Writing the bif 
TRACE::2026-09-30.14:05:36::SCWPlatform::Started writing the spfm file 
TRACE::2026-09-30.14:05:36::SCWPlatform::Started writing the xpfm file 
TRACE::2026-09-30.14:05:36::SCWPlatform::Completed generating the platform
TRACE::2026-09-30.14:05:36::SCWMssOS::Saving the mss changes /users/students/r0885482/Documents/DDP/sw_package_2026/sw_project/project_sw/ecc_project_wrapper/zynq_fsbl/zynq_fsbl_bsp/system.mss
TRACE::2026-09-30.14:05:36::SCWMssOS::Found a swdesign opened with the mssfile.
TRACE::2026-09-30.14:05:36::SCWMssOS::Completed writemss as part of save.
TRACE::2026-09-30.14:05:36::SCWMssOS::Commit changes completed.
TRACE::2026-09-30.14:05:36::SCWMssOS::Saving the mss changes /users/students/r0885482/Documents/DDP/sw_package_2026/sw_project/project_sw/ecc_project_wrapper/ps7_cortexa9_0/standalone_domain/bsp/system.mss
TRACE::2026-09-30.14:05:36::SCWMssOS::Found a swdesign opened with the mssfile.
TRACE::2026-09-30.14:05:36::SCWMssOS::Completed writemss as part of save.
TRACE::2026-09-30.14:05:36::SCWMssOS::Commit changes completed.
TRACE::2026-09-30.14:05:37::SCWPlatform::Trying to open the hw design at /users/students/r0885482/Documents/DDP/sw_package_2026/sw_project/project_sw/ecc_project_wrapper/hw/ecc_project_wrapper.xsa
TRACE::2026-09-30.14:05:37::SCWPlatform::DSA given /users/students/r0885482/Documents/DDP/sw_package_2026/sw_project/project_sw/ecc_project_wrapper/hw/ecc_project_wrapper.xsa
TRACE::2026-09-30.14:05:37::SCWPlatform::DSA absoulate path /users/students/r0885482/Documents/DDP/sw_package_2026/sw_project/project_sw/ecc_project_wrapper/hw/ecc_project_wrapper.xsa
TRACE::2026-09-30.14:05:37::SCWPlatform::DSA directory /users/students/r0885482/Documents/DDP/sw_package_2026/sw_project/project_sw/ecc_project_wrapper/hw
TRACE::2026-09-30.14:05:37::SCWPlatform:: Platform Path /users/students/r0885482/Documents/DDP/sw_package_2026/sw_project/project_sw/ecc_project_wrapper/hw/ecc_project_wrapper.xsa
TRACE::2026-09-30.14:05:37::SCWPlatform:: Unique name xilinx:pynq-z2::0.0
TRACE::2026-09-30.14:05:37::SCWPlatform::Trying to set the existing hwdb with name rsa_project_wrapper_0
TRACE::2026-09-30.14:05:37::SCWPlatform::Opened existing hwdb rsa_project_wrapper_0
TRACE::2026-09-30.14:05:37::SCWPlatform::Found the Hw Db part of the input DSA
TRACE::2026-09-30.14:05:37::SCWMssOS::Checking the sw design at  /users/students/r0885482/Documents/DDP/sw_package_2026/sw_project/project_sw/ecc_project_wrapper/zynq_fsbl/zynq_fsbl_bsp/system.mss
TRACE::2026-09-30.14:05:37::SCWMssOS::DEBUG:  swdes dump  /users/students/r0885482/Documents/DDP/sw_package_2026/sw_project/project_sw/ecc_project_wrapper/ps7_cortexa9_0/standalone_domain/bsp/system.mss|system_0||
/users/students/r0885482/Documents/DDP/sw_package_2026/sw_project/project_sw/ecc_project_wrapper/zynq_fsbl/zynq_fsbl_bsp/system.mss|system||

TRACE::2026-09-30.14:05:37::SCWMssOS::Sw design exists and opened at  /users/students/r0885482/Documents/DDP/sw_package_2026/sw_project/project_sw/ecc_project_wrapper/zynq_fsbl/zynq_fsbl_bsp/system.mss
TRACE::2026-09-30.14:05:37::SCWPlatform::Trying to open the hw design at /users/students/r0885482/Documents/DDP/sw_package_2026/sw_project/project_sw/ecc_project_wrapper/hw/ecc_project_wrapper.xsa
TRACE::2026-09-30.14:05:37::SCWPlatform::DSA given /users/students/r0885482/Documents/DDP/sw_package_2026/sw_project/project_sw/ecc_project_wrapper/hw/ecc_project_wrapper.xsa
TRACE::2026-09-30.14:05:37::SCWPlatform::DSA absoulate path /users/students/r0885482/Documents/DDP/sw_package_2026/sw_project/project_sw/ecc_project_wrapper/hw/ecc_project_wrapper.xsa
TRACE::2026-09-30.14:05:37::SCWPlatform::DSA directory /users/students/r0885482/Documents/DDP/sw_package_2026/sw_project/project_sw/ecc_project_wrapper/hw
TRACE::2026-09-30.14:05:37::SCWPlatform:: Platform Path /users/students/r0885482/Documents/DDP/sw_package_2026/sw_project/project_sw/ecc_project_wrapper/hw/ecc_project_wrapper.xsa
TRACE::2026-09-30.14:05:37::SCWPlatform:: Unique name xilinx:pynq-z2::0.0
TRACE::2026-09-30.14:05:37::SCWPlatform::Trying to set the existing hwdb with name rsa_project_wrapper_0
TRACE::2026-09-30.14:05:37::SCWPlatform::Opened existing hwdb rsa_project_wrapper_0
TRACE::2026-09-30.14:05:37::SCWPlatform::Found the Hw Db part of the input DSA
TRACE::2026-09-30.14:05:37::SCWMssOS::Checking the sw design at  /users/students/r0885482/Documents/DDP/sw_package_2026/sw_project/project_sw/ecc_project_wrapper/zynq_fsbl/zynq_fsbl_bsp/system.mss
TRACE::2026-09-30.14:05:37::SCWMssOS::DEBUG:  swdes dump  /users/students/r0885482/Documents/DDP/sw_package_2026/sw_project/project_sw/ecc_project_wrapper/ps7_cortexa9_0/standalone_domain/bsp/system.mss|system_0||
/users/students/r0885482/Documents/DDP/sw_package_2026/sw_project/project_sw/ecc_project_wrapper/zynq_fsbl/zynq_fsbl_bsp/system.mss|system||

TRACE::2026-09-30.14:05:37::SCWMssOS::Sw design exists and opened at  /users/students/r0885482/Documents/DDP/sw_package_2026/sw_project/project_sw/ecc_project_wrapper/zynq_fsbl/zynq_fsbl_bsp/system.mss
TRACE::2026-09-30.14:05:37::SCWPlatform::Trying to open the hw design at /users/students/r0885482/Documents/DDP/sw_package_2026/sw_project/project_sw/ecc_project_wrapper/hw/ecc_project_wrapper.xsa
TRACE::2026-09-30.14:05:37::SCWPlatform::DSA given /users/students/r0885482/Documents/DDP/sw_package_2026/sw_project/project_sw/ecc_project_wrapper/hw/ecc_project_wrapper.xsa
TRACE::2026-09-30.14:05:37::SCWPlatform::DSA absoulate path /users/students/r0885482/Documents/DDP/sw_package_2026/sw_project/project_sw/ecc_project_wrapper/hw/ecc_project_wrapper.xsa
TRACE::2026-09-30.14:05:37::SCWPlatform::DSA directory /users/students/r0885482/Documents/DDP/sw_package_2026/sw_project/project_sw/ecc_project_wrapper/hw
TRACE::2026-09-30.14:05:37::SCWPlatform:: Platform Path /users/students/r0885482/Documents/DDP/sw_package_2026/sw_project/project_sw/ecc_project_wrapper/hw/ecc_project_wrapper.xsa
TRACE::2026-09-30.14:05:37::SCWPlatform:: Unique name xilinx:pynq-z2::0.0
TRACE::2026-09-30.14:05:37::SCWPlatform::Trying to set the existing hwdb with name rsa_project_wrapper_0
TRACE::2026-09-30.14:05:37::SCWPlatform::Opened existing hwdb rsa_project_wrapper_0
TRACE::2026-09-30.14:05:37::SCWPlatform::Found the Hw Db part of the input DSA
TRACE::2026-09-30.14:05:37::SCWMssOS::Checking the sw design at  /users/students/r0885482/Documents/DDP/sw_package_2026/sw_project/project_sw/ecc_project_wrapper/zynq_fsbl/zynq_fsbl_bsp/system.mss
TRACE::2026-09-30.14:05:37::SCWMssOS::DEBUG:  swdes dump  /users/students/r0885482/Documents/DDP/sw_package_2026/sw_project/project_sw/ecc_project_wrapper/ps7_cortexa9_0/standalone_domain/bsp/system.mss|system_0||
/users/students/r0885482/Documents/DDP/sw_package_2026/sw_project/project_sw/ecc_project_wrapper/zynq_fsbl/zynq_fsbl_bsp/system.mss|system||

TRACE::2026-09-30.14:05:37::SCWMssOS::Sw design exists and opened at  /users/students/r0885482/Documents/DDP/sw_package_2026/sw_project/project_sw/ecc_project_wrapper/zynq_fsbl/zynq_fsbl_bsp/system.mss
TRACE::2026-09-30.14:05:37::SCWPlatform::Trying to open the hw design at /users/students/r0885482/Documents/DDP/sw_package_2026/sw_project/project_sw/ecc_project_wrapper/hw/ecc_project_wrapper.xsa
TRACE::2026-09-30.14:05:37::SCWPlatform::DSA given /users/students/r0885482/Documents/DDP/sw_package_2026/sw_project/project_sw/ecc_project_wrapper/hw/ecc_project_wrapper.xsa
TRACE::2026-09-30.14:05:37::SCWPlatform::DSA absoulate path /users/students/r0885482/Documents/DDP/sw_package_2026/sw_project/project_sw/ecc_project_wrapper/hw/ecc_project_wrapper.xsa
TRACE::2026-09-30.14:05:37::SCWPlatform::DSA directory /users/students/r0885482/Documents/DDP/sw_package_2026/sw_project/project_sw/ecc_project_wrapper/hw
TRACE::2026-09-30.14:05:37::SCWPlatform:: Platform Path /users/students/r0885482/Documents/DDP/sw_package_2026/sw_project/project_sw/ecc_project_wrapper/hw/ecc_project_wrapper.xsa
TRACE::2026-09-30.14:05:37::SCWPlatform:: Unique name xilinx:pynq-z2::0.0
TRACE::2026-09-30.14:05:37::SCWPlatform::Trying to set the existing hwdb with name rsa_project_wrapper_0
TRACE::2026-09-30.14:05:37::SCWPlatform::Opened existing hwdb rsa_project_wrapper_0
TRACE::2026-09-30.14:05:37::SCWPlatform::Found the Hw Db part of the input DSA
TRACE::2026-09-30.14:05:37::SCWMssOS::Checking the sw design at  /users/students/r0885482/Documents/DDP/sw_package_2026/sw_project/project_sw/ecc_project_wrapper/ps7_cortexa9_0/standalone_domain/bsp/system.mss
TRACE::2026-09-30.14:05:37::SCWMssOS::DEBUG:  swdes dump  /users/students/r0885482/Documents/DDP/sw_package_2026/sw_project/project_sw/ecc_project_wrapper/ps7_cortexa9_0/standalone_domain/bsp/system.mss|system_0||
/users/students/r0885482/Documents/DDP/sw_package_2026/sw_project/project_sw/ecc_project_wrapper/zynq_fsbl/zynq_fsbl_bsp/system.mss|system||

TRACE::2026-09-30.14:05:37::SCWMssOS::Sw design exists and opened at  /users/students/r0885482/Documents/DDP/sw_package_2026/sw_project/project_sw/ecc_project_wrapper/ps7_cortexa9_0/standalone_domain/bsp/system.mss
TRACE::2026-09-30.14:05:37::SCWPlatform::Trying to open the hw design at /users/students/r0885482/Documents/DDP/sw_package_2026/sw_project/project_sw/ecc_project_wrapper/hw/ecc_project_wrapper.xsa
TRACE::2026-09-30.14:05:37::SCWPlatform::DSA given /users/students/r0885482/Documents/DDP/sw_package_2026/sw_project/project_sw/ecc_project_wrapper/hw/ecc_project_wrapper.xsa
TRACE::2026-09-30.14:05:37::SCWPlatform::DSA absoulate path /users/students/r0885482/Documents/DDP/sw_package_2026/sw_project/project_sw/ecc_project_wrapper/hw/ecc_project_wrapper.xsa
TRACE::2026-09-30.14:05:37::SCWPlatform::DSA directory /users/students/r0885482/Documents/DDP/sw_package_2026/sw_project/project_sw/ecc_project_wrapper/hw
TRACE::2026-09-30.14:05:37::SCWPlatform:: Platform Path /users/students/r0885482/Documents/DDP/sw_package_2026/sw_project/project_sw/ecc_project_wrapper/hw/ecc_project_wrapper.xsa
TRACE::2026-09-30.14:05:37::SCWPlatform:: Unique name xilinx:pynq-z2::0.0
TRACE::2026-09-30.14:05:37::SCWPlatform::Trying to set the existing hwdb with name rsa_project_wrapper_0
TRACE::2026-09-30.14:05:37::SCWPlatform::Opened existing hwdb rsa_project_wrapper_0
TRACE::2026-09-30.14:05:37::SCWPlatform::Found the Hw Db part of the input DSA
TRACE::2026-09-30.14:05:37::SCWMssOS::Checking the sw design at  /users/students/r0885482/Documents/DDP/sw_package_2026/sw_project/project_sw/ecc_project_wrapper/ps7_cortexa9_0/standalone_domain/bsp/system.mss
TRACE::2026-09-30.14:05:37::SCWMssOS::DEBUG:  swdes dump  /users/students/r0885482/Documents/DDP/sw_package_2026/sw_project/project_sw/ecc_project_wrapper/ps7_cortexa9_0/standalone_domain/bsp/system.mss|system_0||
/users/students/r0885482/Documents/DDP/sw_package_2026/sw_project/project_sw/ecc_project_wrapper/zynq_fsbl/zynq_fsbl_bsp/system.mss|system||

TRACE::2026-09-30.14:05:37::SCWMssOS::Sw design exists and opened at  /users/students/r0885482/Documents/DDP/sw_package_2026/sw_project/project_sw/ecc_project_wrapper/ps7_cortexa9_0/standalone_domain/bsp/system.mss
TRACE::2026-09-30.14:05:37::SCWPlatform::Trying to open the hw design at /users/students/r0885482/Documents/DDP/sw_package_2026/sw_project/project_sw/ecc_project_wrapper/hw/ecc_project_wrapper.xsa
TRACE::2026-09-30.14:05:37::SCWPlatform::DSA given /users/students/r0885482/Documents/DDP/sw_package_2026/sw_project/project_sw/ecc_project_wrapper/hw/ecc_project_wrapper.xsa
TRACE::2026-09-30.14:05:37::SCWPlatform::DSA absoulate path /users/students/r0885482/Documents/DDP/sw_package_2026/sw_project/project_sw/ecc_project_wrapper/hw/ecc_project_wrapper.xsa
TRACE::2026-09-30.14:05:37::SCWPlatform::DSA directory /users/students/r0885482/Documents/DDP/sw_package_2026/sw_project/project_sw/ecc_project_wrapper/hw
TRACE::2026-09-30.14:05:37::SCWPlatform:: Platform Path /users/students/r0885482/Documents/DDP/sw_package_2026/sw_project/project_sw/ecc_project_wrapper/hw/ecc_project_wrapper.xsa
TRACE::2026-09-30.14:05:37::SCWPlatform:: Unique name xilinx:pynq-z2::0.0
TRACE::2026-09-30.14:05:37::SCWPlatform::Trying to set the existing hwdb with name rsa_project_wrapper_0
TRACE::2026-09-30.14:05:37::SCWPlatform::Opened existing hwdb rsa_project_wrapper_0
TRACE::2026-09-30.14:05:37::SCWPlatform::Found the Hw Db part of the input DSA
TRACE::2026-09-30.14:05:37::SCWMssOS::Checking the sw design at  /users/students/r0885482/Documents/DDP/sw_package_2026/sw_project/project_sw/ecc_project_wrapper/ps7_cortexa9_0/standalone_domain/bsp/system.mss
TRACE::2026-09-30.14:05:37::SCWMssOS::DEBUG:  swdes dump  /users/students/r0885482/Documents/DDP/sw_package_2026/sw_project/project_sw/ecc_project_wrapper/ps7_cortexa9_0/standalone_domain/bsp/system.mss|system_0||
/users/students/r0885482/Documents/DDP/sw_package_2026/sw_project/project_sw/ecc_project_wrapper/zynq_fsbl/zynq_fsbl_bsp/system.mss|system||

TRACE::2026-09-30.14:05:37::SCWMssOS::Sw design exists and opened at  /users/students/r0885482/Documents/DDP/sw_package_2026/sw_project/project_sw/ecc_project_wrapper/ps7_cortexa9_0/standalone_domain/bsp/system.mss
TRACE::2026-09-30.14:05:37::SCWWriter::formatted JSON is {
	"platformName":	"ecc_project_wrapper",
	"sprVersion":	"2.0",
	"mode":	"cmd",
	"dsaType":	"Fixed",
	"platformDesc":	"ecc_project_wrapper",
	"platHandOff":	"src/tcl/ecc_project_wrapper.xsa",
	"platIntHandOff":	"<platformDir>/hw/ecc_project_wrapper.xsa",
	"deviceType":	"zynq",
	"platIsPrebuiltAutogen":	"false",
	"platIsNoBootBsp":	"false",
	"platFsblTarget":	"ps7_cortexa9_0",
	"hasFsblMakeHasChanges":	"false",
	"hasPmufwMakeHasChanges":	"false",
	"fsblExtraCompilerFlags":	"-MMD -MP       -mcpu=cortex-a9 -mfpu=vfpv3 -mfloat-abi=hard ",
	"platPreBuiltFlag":	false,
	"platformSamplesDir":	"",
	"platActiveSys":	"ecc_project_wrapper",
	"systems":	[{
			"systemName":	"ecc_project_wrapper",
			"systemDesc":	"ecc_project_wrapper",
			"sysIsBootAutoGen":	"true",
			"systemDispName":	"ecc_project_wrapper",
			"sysActiveDom":	"standalone_domain",
			"sysDefaultDom":	"standalone_domain",
			"domains":	[{
					"domainName":	"zynq_fsbl",
					"domainDispName":	"zynq_fsbl",
					"domainDesc":	"FSBL Application BSP - Auto Generated.",
					"processors":	"ps7_cortexa9_0",
					"os":	"standalone",
					"sdxOs":	"standalone",
					"debugEnable":	"",
					"domRuntimes":	["cpp"],
					"swRepo":	"",
					"mssOsVer":	"8.1",
					"mssFile":	"",
					"md5Digest":	"2c92122f18c5fd40d52fe668ff4c852c",
					"compatibleApp":	"zynq_fsbl",
					"domType":	"bootDomain",
					"arch":	"32-bit",
					"appSettings":	{
						"appCompilerFlags":	"",
						"appLinkerFlags":	""
					},
					"addedLibs":	["xilffs:5.0", "xilrsa:1.6"],
					"libOptions":	{
						"libsContainingOptions":	[]
					},
					"prebuiltLibs":	{
						"prebuiltIncPath":	[],
						"prebuiltLibPath":	[]
					},
					"isolation":	{
					}
				}, {
					"domainName":	"standalone_domain",
					"domainDispName":	"standalone on ps7_cortexa9_0",
					"domainDesc":	"standalone_domain",
					"processors":	"ps7_cortexa9_0",
					"os":	"standalone",
					"sdxOs":	"standalone",
					"qemuArgs":	"<platformDir>/resources/ecc_project_wrapper/standalone_domain/qemu_args.txt",
					"qemuData":	"<platformDir>/resources/ecc_project_wrapper/standalone_domain/qemu",
					"debugEnable":	"False",
					"domRuntimes":	["cpp"],
					"swRepo":	"",
					"mssOsVer":	"8.1",
					"mssFile":	"",
					"md5Digest":	"5458ab32d357d609abddc6af46557d25",
					"compatibleApp":	"hello_world",
					"domType":	"mssDomain",
					"arch":	"32-bit",
					"appSettings":	{
						"appCompilerFlags":	"",
						"appLinkerFlags":	""
					},
					"addedLibs":	[],
					"libOptions":	{
						"libsContainingOptions":	[]
					},
					"prebuiltLibs":	{
						"prebuiltIncPath":	[],
						"prebuiltLibPath":	[]
					},
					"isolation":	{
					}
				}]
		}]
}
KEYINFO::2026-09-30.14:05:37::SCWPlatform::updated the xpfm file.
TRACE::2026-09-30.14:05:37::SCWPlatform::Trying to open the hw design at /users/students/r0885482/Documents/DDP/sw_package_2026/sw_project/project_sw/ecc_project_wrapper/hw/ecc_project_wrapper.xsa
TRACE::2026-09-30.14:05:37::SCWPlatform::DSA given /users/students/r0885482/Documents/DDP/sw_package_2026/sw_project/project_sw/ecc_project_wrapper/hw/ecc_project_wrapper.xsa
TRACE::2026-09-30.14:05:37::SCWPlatform::DSA absoulate path /users/students/r0885482/Documents/DDP/sw_package_2026/sw_project/project_sw/ecc_project_wrapper/hw/ecc_project_wrapper.xsa
TRACE::2026-09-30.14:05:37::SCWPlatform::DSA directory /users/students/r0885482/Documents/DDP/sw_package_2026/sw_project/project_sw/ecc_project_wrapper/hw
TRACE::2026-09-30.14:05:37::SCWPlatform:: Platform Path /users/students/r0885482/Documents/DDP/sw_package_2026/sw_project/project_sw/ecc_project_wrapper/hw/ecc_project_wrapper.xsa
TRACE::2026-09-30.14:05:37::SCWPlatform:: Unique name xilinx:pynq-z2::0.0
TRACE::2026-09-30.14:05:37::SCWPlatform::Trying to set the existing hwdb with name rsa_project_wrapper_0
TRACE::2026-09-30.14:05:37::SCWPlatform::Opened existing hwdb rsa_project_wrapper_0
TRACE::2026-09-30.14:05:37::SCWPlatform::Found the Hw Db part of the input DSA
TRACE::2026-09-30.14:05:37::SCWMssOS::Checking the sw design at  /users/students/r0885482/Documents/DDP/sw_package_2026/sw_project/project_sw/ecc_project_wrapper/ps7_cortexa9_0/standalone_domain/bsp/system.mss
TRACE::2026-09-30.14:05:37::SCWMssOS::DEBUG:  swdes dump  /users/students/r0885482/Documents/DDP/sw_package_2026/sw_project/project_sw/ecc_project_wrapper/ps7_cortexa9_0/standalone_domain/bsp/system.mss|system_0||
/users/students/r0885482/Documents/DDP/sw_package_2026/sw_project/project_sw/ecc_project_wrapper/zynq_fsbl/zynq_fsbl_bsp/system.mss|system||

TRACE::2026-09-30.14:05:37::SCWMssOS::Sw design exists and opened at  /users/students/r0885482/Documents/DDP/sw_package_2026/sw_project/project_sw/ecc_project_wrapper/ps7_cortexa9_0/standalone_domain/bsp/system.mss
TRACE::2026-09-30.14:05:37::SCWMssOS::Saving the mss changes /users/students/r0885482/Documents/DDP/sw_package_2026/sw_project/project_sw/ecc_project_wrapper/zynq_fsbl/zynq_fsbl_bsp/system.mss
TRACE::2026-09-30.14:05:37::SCWMssOS::Found a swdesign opened with the mssfile.
TRACE::2026-09-30.14:05:37::SCWMssOS::Completed writemss as part of save.
TRACE::2026-09-30.14:05:37::SCWMssOS::Commit changes completed.
TRACE::2026-09-30.14:05:37::SCWMssOS::Saving the mss changes /users/students/r0885482/Documents/DDP/sw_package_2026/sw_project/project_sw/ecc_project_wrapper/ps7_cortexa9_0/standalone_domain/bsp/system.mss
TRACE::2026-09-30.14:05:37::SCWMssOS::Found a swdesign opened with the mssfile.
TRACE::2026-09-30.14:05:37::SCWMssOS::Completed writemss as part of save.
TRACE::2026-09-30.14:05:37::SCWMssOS::Commit changes completed.
TRACE::2026-09-30.14:05:37::SCWPlatform::Trying to open the hw design at /users/students/r0885482/Documents/DDP/sw_package_2026/sw_project/project_sw/ecc_project_wrapper/hw/ecc_project_wrapper.xsa
TRACE::2026-09-30.14:05:37::SCWPlatform::DSA given /users/students/r0885482/Documents/DDP/sw_package_2026/sw_project/project_sw/ecc_project_wrapper/hw/ecc_project_wrapper.xsa
TRACE::2026-09-30.14:05:37::SCWPlatform::DSA absoulate path /users/students/r0885482/Documents/DDP/sw_package_2026/sw_project/project_sw/ecc_project_wrapper/hw/ecc_project_wrapper.xsa
TRACE::2026-09-30.14:05:37::SCWPlatform::DSA directory /users/students/r0885482/Documents/DDP/sw_package_2026/sw_project/project_sw/ecc_project_wrapper/hw
TRACE::2026-09-30.14:05:37::SCWPlatform:: Platform Path /users/students/r0885482/Documents/DDP/sw_package_2026/sw_project/project_sw/ecc_project_wrapper/hw/ecc_project_wrapper.xsa
TRACE::2026-09-30.14:05:37::SCWPlatform:: Unique name xilinx:pynq-z2::0.0
TRACE::2026-09-30.14:05:37::SCWPlatform::Trying to set the existing hwdb with name rsa_project_wrapper_0
TRACE::2026-09-30.14:05:37::SCWPlatform::Opened existing hwdb rsa_project_wrapper_0
TRACE::2026-09-30.14:05:37::SCWPlatform::Found the Hw Db part of the input DSA
TRACE::2026-09-30.14:05:37::SCWMssOS::Checking the sw design at  /users/students/r0885482/Documents/DDP/sw_package_2026/sw_project/project_sw/ecc_project_wrapper/zynq_fsbl/zynq_fsbl_bsp/system.mss
TRACE::2026-09-30.14:05:37::SCWMssOS::DEBUG:  swdes dump  /users/students/r0885482/Documents/DDP/sw_package_2026/sw_project/project_sw/ecc_project_wrapper/ps7_cortexa9_0/standalone_domain/bsp/system.mss|system_0||
/users/students/r0885482/Documents/DDP/sw_package_2026/sw_project/project_sw/ecc_project_wrapper/zynq_fsbl/zynq_fsbl_bsp/system.mss|system||

TRACE::2026-09-30.14:05:37::SCWMssOS::Sw design exists and opened at  /users/students/r0885482/Documents/DDP/sw_package_2026/sw_project/project_sw/ecc_project_wrapper/zynq_fsbl/zynq_fsbl_bsp/system.mss
TRACE::2026-09-30.14:05:37::SCWPlatform::Trying to open the hw design at /users/students/r0885482/Documents/DDP/sw_package_2026/sw_project/project_sw/ecc_project_wrapper/hw/ecc_project_wrapper.xsa
TRACE::2026-09-30.14:05:37::SCWPlatform::DSA given /users/students/r0885482/Documents/DDP/sw_package_2026/sw_project/project_sw/ecc_project_wrapper/hw/ecc_project_wrapper.xsa
TRACE::2026-09-30.14:05:37::SCWPlatform::DSA absoulate path /users/students/r0885482/Documents/DDP/sw_package_2026/sw_project/project_sw/ecc_project_wrapper/hw/ecc_project_wrapper.xsa
TRACE::2026-09-30.14:05:37::SCWPlatform::DSA directory /users/students/r0885482/Documents/DDP/sw_package_2026/sw_project/project_sw/ecc_project_wrapper/hw
TRACE::2026-09-30.14:05:37::SCWPlatform:: Platform Path /users/students/r0885482/Documents/DDP/sw_package_2026/sw_project/project_sw/ecc_project_wrapper/hw/ecc_project_wrapper.xsa
TRACE::2026-09-30.14:05:37::SCWPlatform:: Unique name xilinx:pynq-z2::0.0
TRACE::2026-09-30.14:05:37::SCWPlatform::Trying to set the existing hwdb with name rsa_project_wrapper_0
TRACE::2026-09-30.14:05:37::SCWPlatform::Opened existing hwdb rsa_project_wrapper_0
TRACE::2026-09-30.14:05:37::SCWPlatform::Found the Hw Db part of the input DSA
TRACE::2026-09-30.14:05:37::SCWMssOS::Checking the sw design at  /users/students/r0885482/Documents/DDP/sw_package_2026/sw_project/project_sw/ecc_project_wrapper/zynq_fsbl/zynq_fsbl_bsp/system.mss
TRACE::2026-09-30.14:05:37::SCWMssOS::DEBUG:  swdes dump  /users/students/r0885482/Documents/DDP/sw_package_2026/sw_project/project_sw/ecc_project_wrapper/ps7_cortexa9_0/standalone_domain/bsp/system.mss|system_0||
/users/students/r0885482/Documents/DDP/sw_package_2026/sw_project/project_sw/ecc_project_wrapper/zynq_fsbl/zynq_fsbl_bsp/system.mss|system||

TRACE::2026-09-30.14:05:37::SCWMssOS::Sw design exists and opened at  /users/students/r0885482/Documents/DDP/sw_package_2026/sw_project/project_sw/ecc_project_wrapper/zynq_fsbl/zynq_fsbl_bsp/system.mss
TRACE::2026-09-30.14:05:37::SCWPlatform::Trying to open the hw design at /users/students/r0885482/Documents/DDP/sw_package_2026/sw_project/project_sw/ecc_project_wrapper/hw/ecc_project_wrapper.xsa
TRACE::2026-09-30.14:05:37::SCWPlatform::DSA given /users/students/r0885482/Documents/DDP/sw_package_2026/sw_project/project_sw/ecc_project_wrapper/hw/ecc_project_wrapper.xsa
TRACE::2026-09-30.14:05:37::SCWPlatform::DSA absoulate path /users/students/r0885482/Documents/DDP/sw_package_2026/sw_project/project_sw/ecc_project_wrapper/hw/ecc_project_wrapper.xsa
TRACE::2026-09-30.14:05:37::SCWPlatform::DSA directory /users/students/r0885482/Documents/DDP/sw_package_2026/sw_project/project_sw/ecc_project_wrapper/hw
TRACE::2026-09-30.14:05:37::SCWPlatform:: Platform Path /users/students/r0885482/Documents/DDP/sw_package_2026/sw_project/project_sw/ecc_project_wrapper/hw/ecc_project_wrapper.xsa
TRACE::2026-09-30.14:05:37::SCWPlatform:: Unique name xilinx:pynq-z2::0.0
TRACE::2026-09-30.14:05:37::SCWPlatform::Trying to set the existing hwdb with name rsa_project_wrapper_0
TRACE::2026-09-30.14:05:37::SCWPlatform::Opened existing hwdb rsa_project_wrapper_0
TRACE::2026-09-30.14:05:37::SCWPlatform::Found the Hw Db part of the input DSA
TRACE::2026-09-30.14:05:37::SCWMssOS::Checking the sw design at  /users/students/r0885482/Documents/DDP/sw_package_2026/sw_project/project_sw/ecc_project_wrapper/zynq_fsbl/zynq_fsbl_bsp/system.mss
TRACE::2026-09-30.14:05:37::SCWMssOS::DEBUG:  swdes dump  /users/students/r0885482/Documents/DDP/sw_package_2026/sw_project/project_sw/ecc_project_wrapper/ps7_cortexa9_0/standalone_domain/bsp/system.mss|system_0||
/users/students/r0885482/Documents/DDP/sw_package_2026/sw_project/project_sw/ecc_project_wrapper/zynq_fsbl/zynq_fsbl_bsp/system.mss|system||

TRACE::2026-09-30.14:05:37::SCWMssOS::Sw design exists and opened at  /users/students/r0885482/Documents/DDP/sw_package_2026/sw_project/project_sw/ecc_project_wrapper/zynq_fsbl/zynq_fsbl_bsp/system.mss
TRACE::2026-09-30.14:05:37::SCWPlatform::Trying to open the hw design at /users/students/r0885482/Documents/DDP/sw_package_2026/sw_project/project_sw/ecc_project_wrapper/hw/ecc_project_wrapper.xsa
TRACE::2026-09-30.14:05:37::SCWPlatform::DSA given /users/students/r0885482/Documents/DDP/sw_package_2026/sw_project/project_sw/ecc_project_wrapper/hw/ecc_project_wrapper.xsa
TRACE::2026-09-30.14:05:37::SCWPlatform::DSA absoulate path /users/students/r0885482/Documents/DDP/sw_package_2026/sw_project/project_sw/ecc_project_wrapper/hw/ecc_project_wrapper.xsa
TRACE::2026-09-30.14:05:37::SCWPlatform::DSA directory /users/students/r0885482/Documents/DDP/sw_package_2026/sw_project/project_sw/ecc_project_wrapper/hw
TRACE::2026-09-30.14:05:37::SCWPlatform:: Platform Path /users/students/r0885482/Documents/DDP/sw_package_2026/sw_project/project_sw/ecc_project_wrapper/hw/ecc_project_wrapper.xsa
TRACE::2026-09-30.14:05:37::SCWPlatform:: Unique name xilinx:pynq-z2::0.0
TRACE::2026-09-30.14:05:37::SCWPlatform::Trying to set the existing hwdb with name rsa_project_wrapper_0
TRACE::2026-09-30.14:05:37::SCWPlatform::Opened existing hwdb rsa_project_wrapper_0
TRACE::2026-09-30.14:05:37::SCWPlatform::Found the Hw Db part of the input DSA
TRACE::2026-09-30.14:05:37::SCWMssOS::Checking the sw design at  /users/students/r0885482/Documents/DDP/sw_package_2026/sw_project/project_sw/ecc_project_wrapper/ps7_cortexa9_0/standalone_domain/bsp/system.mss
TRACE::2026-09-30.14:05:37::SCWMssOS::DEBUG:  swdes dump  /users/students/r0885482/Documents/DDP/sw_package_2026/sw_project/project_sw/ecc_project_wrapper/ps7_cortexa9_0/standalone_domain/bsp/system.mss|system_0||
/users/students/r0885482/Documents/DDP/sw_package_2026/sw_project/project_sw/ecc_project_wrapper/zynq_fsbl/zynq_fsbl_bsp/system.mss|system||

TRACE::2026-09-30.14:05:37::SCWMssOS::Sw design exists and opened at  /users/students/r0885482/Documents/DDP/sw_package_2026/sw_project/project_sw/ecc_project_wrapper/ps7_cortexa9_0/standalone_domain/bsp/system.mss
TRACE::2026-09-30.14:05:37::SCWPlatform::Trying to open the hw design at /users/students/r0885482/Documents/DDP/sw_package_2026/sw_project/project_sw/ecc_project_wrapper/hw/ecc_project_wrapper.xsa
TRACE::2026-09-30.14:05:37::SCWPlatform::DSA given /users/students/r0885482/Documents/DDP/sw_package_2026/sw_project/project_sw/ecc_project_wrapper/hw/ecc_project_wrapper.xsa
TRACE::2026-09-30.14:05:37::SCWPlatform::DSA absoulate path /users/students/r0885482/Documents/DDP/sw_package_2026/sw_project/project_sw/ecc_project_wrapper/hw/ecc_project_wrapper.xsa
TRACE::2026-09-30.14:05:37::SCWPlatform::DSA directory /users/students/r0885482/Documents/DDP/sw_package_2026/sw_project/project_sw/ecc_project_wrapper/hw
TRACE::2026-09-30.14:05:37::SCWPlatform:: Platform Path /users/students/r0885482/Documents/DDP/sw_package_2026/sw_project/project_sw/ecc_project_wrapper/hw/ecc_project_wrapper.xsa
TRACE::2026-09-30.14:05:37::SCWPlatform:: Unique name xilinx:pynq-z2::0.0
TRACE::2026-09-30.14:05:37::SCWPlatform::Trying to set the existing hwdb with name rsa_project_wrapper_0
TRACE::2026-09-30.14:05:37::SCWPlatform::Opened existing hwdb rsa_project_wrapper_0
TRACE::2026-09-30.14:05:37::SCWPlatform::Found the Hw Db part of the input DSA
TRACE::2026-09-30.14:05:37::SCWMssOS::Checking the sw design at  /users/students/r0885482/Documents/DDP/sw_package_2026/sw_project/project_sw/ecc_project_wrapper/ps7_cortexa9_0/standalone_domain/bsp/system.mss
TRACE::2026-09-30.14:05:37::SCWMssOS::DEBUG:  swdes dump  /users/students/r0885482/Documents/DDP/sw_package_2026/sw_project/project_sw/ecc_project_wrapper/ps7_cortexa9_0/standalone_domain/bsp/system.mss|system_0||
/users/students/r0885482/Documents/DDP/sw_package_2026/sw_project/project_sw/ecc_project_wrapper/zynq_fsbl/zynq_fsbl_bsp/system.mss|system||

TRACE::2026-09-30.14:05:37::SCWMssOS::Sw design exists and opened at  /users/students/r0885482/Documents/DDP/sw_package_2026/sw_project/project_sw/ecc_project_wrapper/ps7_cortexa9_0/standalone_domain/bsp/system.mss
TRACE::2026-09-30.14:05:37::SCWPlatform::Trying to open the hw design at /users/students/r0885482/Documents/DDP/sw_package_2026/sw_project/project_sw/ecc_project_wrapper/hw/ecc_project_wrapper.xsa
TRACE::2026-09-30.14:05:37::SCWPlatform::DSA given /users/students/r0885482/Documents/DDP/sw_package_2026/sw_project/project_sw/ecc_project_wrapper/hw/ecc_project_wrapper.xsa
TRACE::2026-09-30.14:05:37::SCWPlatform::DSA absoulate path /users/students/r0885482/Documents/DDP/sw_package_2026/sw_project/project_sw/ecc_project_wrapper/hw/ecc_project_wrapper.xsa
TRACE::2026-09-30.14:05:37::SCWPlatform::DSA directory /users/students/r0885482/Documents/DDP/sw_package_2026/sw_project/project_sw/ecc_project_wrapper/hw
TRACE::2026-09-30.14:05:37::SCWPlatform:: Platform Path /users/students/r0885482/Documents/DDP/sw_package_2026/sw_project/project_sw/ecc_project_wrapper/hw/ecc_project_wrapper.xsa
TRACE::2026-09-30.14:05:37::SCWPlatform:: Unique name xilinx:pynq-z2::0.0
TRACE::2026-09-30.14:05:37::SCWPlatform::Trying to set the existing hwdb with name rsa_project_wrapper_0
TRACE::2026-09-30.14:05:37::SCWPlatform::Opened existing hwdb rsa_project_wrapper_0
TRACE::2026-09-30.14:05:37::SCWPlatform::Found the Hw Db part of the input DSA
TRACE::2026-09-30.14:05:37::SCWMssOS::Checking the sw design at  /users/students/r0885482/Documents/DDP/sw_package_2026/sw_project/project_sw/ecc_project_wrapper/ps7_cortexa9_0/standalone_domain/bsp/system.mss
TRACE::2026-09-30.14:05:37::SCWMssOS::DEBUG:  swdes dump  /users/students/r0885482/Documents/DDP/sw_package_2026/sw_project/project_sw/ecc_project_wrapper/ps7_cortexa9_0/standalone_domain/bsp/system.mss|system_0||
/users/students/r0885482/Documents/DDP/sw_package_2026/sw_project/project_sw/ecc_project_wrapper/zynq_fsbl/zynq_fsbl_bsp/system.mss|system||

TRACE::2026-09-30.14:05:37::SCWMssOS::Sw design exists and opened at  /users/students/r0885482/Documents/DDP/sw_package_2026/sw_project/project_sw/ecc_project_wrapper/ps7_cortexa9_0/standalone_domain/bsp/system.mss
TRACE::2026-09-30.14:05:37::SCWWriter::formatted JSON is {
	"platformName":	"ecc_project_wrapper",
	"sprVersion":	"2.0",
	"mode":	"cmd",
	"dsaType":	"Fixed",
	"platformDesc":	"ecc_project_wrapper",
	"platHandOff":	"src/tcl/ecc_project_wrapper.xsa",
	"platIntHandOff":	"<platformDir>/hw/ecc_project_wrapper.xsa",
	"deviceType":	"zynq",
	"platIsPrebuiltAutogen":	"false",
	"platIsNoBootBsp":	"false",
	"platFsblTarget":	"ps7_cortexa9_0",
	"hasFsblMakeHasChanges":	"false",
	"hasPmufwMakeHasChanges":	"false",
	"fsblExtraCompilerFlags":	"-MMD -MP       -mcpu=cortex-a9 -mfpu=vfpv3 -mfloat-abi=hard ",
	"platPreBuiltFlag":	false,
	"platformSamplesDir":	"",
	"platActiveSys":	"ecc_project_wrapper",
	"systems":	[{
			"systemName":	"ecc_project_wrapper",
			"systemDesc":	"ecc_project_wrapper",
			"sysIsBootAutoGen":	"true",
			"systemDispName":	"ecc_project_wrapper",
			"sysActiveDom":	"standalone_domain",
			"sysDefaultDom":	"standalone_domain",
			"domains":	[{
					"domainName":	"zynq_fsbl",
					"domainDispName":	"zynq_fsbl",
					"domainDesc":	"FSBL Application BSP - Auto Generated.",
					"processors":	"ps7_cortexa9_0",
					"os":	"standalone",
					"sdxOs":	"standalone",
					"debugEnable":	"",
					"domRuntimes":	["cpp"],
					"swRepo":	"",
					"mssOsVer":	"8.1",
					"mssFile":	"",
					"md5Digest":	"2c92122f18c5fd40d52fe668ff4c852c",
					"compatibleApp":	"zynq_fsbl",
					"domType":	"bootDomain",
					"arch":	"32-bit",
					"appSettings":	{
						"appCompilerFlags":	"",
						"appLinkerFlags":	""
					},
					"addedLibs":	["xilffs:5.0", "xilrsa:1.6"],
					"libOptions":	{
						"libsContainingOptions":	[]
					},
					"prebuiltLibs":	{
						"prebuiltIncPath":	[],
						"prebuiltLibPath":	[]
					},
					"isolation":	{
					}
				}, {
					"domainName":	"standalone_domain",
					"domainDispName":	"standalone on ps7_cortexa9_0",
					"domainDesc":	"standalone_domain",
					"processors":	"ps7_cortexa9_0",
					"os":	"standalone",
					"sdxOs":	"standalone",
					"qemuArgs":	"<platformDir>/resources/ecc_project_wrapper/standalone_domain/qemu_args.txt",
					"qemuData":	"<platformDir>/resources/ecc_project_wrapper/standalone_domain/qemu",
					"debugEnable":	"False",
					"domRuntimes":	["cpp"],
					"swRepo":	"",
					"mssOsVer":	"8.1",
					"mssFile":	"",
					"md5Digest":	"5458ab32d357d609abddc6af46557d25",
					"compatibleApp":	"hello_world",
					"domType":	"mssDomain",
					"arch":	"32-bit",
					"appSettings":	{
						"appCompilerFlags":	"",
						"appLinkerFlags":	""
					},
					"addedLibs":	[],
					"libOptions":	{
						"libsContainingOptions":	[]
					},
					"prebuiltLibs":	{
						"prebuiltIncPath":	[],
						"prebuiltLibPath":	[]
					},
					"isolation":	{
					}
				}]
		}]
}
TRACE::2026-09-30.14:05:37::SCWPlatform::Trying to open the hw design at /users/students/r0885482/Documents/DDP/sw_package_2026/sw_project/project_sw/ecc_project_wrapper/hw/ecc_project_wrapper.xsa
TRACE::2026-09-30.14:05:37::SCWPlatform::DSA given /users/students/r0885482/Documents/DDP/sw_package_2026/sw_project/project_sw/ecc_project_wrapper/hw/ecc_project_wrapper.xsa
TRACE::2026-09-30.14:05:37::SCWPlatform::DSA absoulate path /users/students/r0885482/Documents/DDP/sw_package_2026/sw_project/project_sw/ecc_project_wrapper/hw/ecc_project_wrapper.xsa
TRACE::2026-09-30.14:05:37::SCWPlatform::DSA directory /users/students/r0885482/Documents/DDP/sw_package_2026/sw_project/project_sw/ecc_project_wrapper/hw
TRACE::2026-09-30.14:05:37::SCWPlatform:: Platform Path /users/students/r0885482/Documents/DDP/sw_package_2026/sw_project/project_sw/ecc_project_wrapper/hw/ecc_project_wrapper.xsa
TRACE::2026-09-30.14:05:37::SCWPlatform:: Unique name xilinx:pynq-z2::0.0
TRACE::2026-09-30.14:05:37::SCWPlatform::Trying to set the existing hwdb with name rsa_project_wrapper_0
TRACE::2026-09-30.14:05:37::SCWPlatform::Opened existing hwdb rsa_project_wrapper_0
TRACE::2026-09-30.14:05:37::SCWPlatform::Found the Hw Db part of the input DSA
TRACE::2026-09-30.14:05:37::SCWMssOS::Checking the sw design at  /users/students/r0885482/Documents/DDP/sw_package_2026/sw_project/project_sw/ecc_project_wrapper/ps7_cortexa9_0/standalone_domain/bsp/system.mss
TRACE::2026-09-30.14:05:37::SCWMssOS::DEBUG:  swdes dump  /users/students/r0885482/Documents/DDP/sw_package_2026/sw_project/project_sw/ecc_project_wrapper/ps7_cortexa9_0/standalone_domain/bsp/system.mss|system_0||
/users/students/r0885482/Documents/DDP/sw_package_2026/sw_project/project_sw/ecc_project_wrapper/zynq_fsbl/zynq_fsbl_bsp/system.mss|system||

TRACE::2026-09-30.14:05:37::SCWMssOS::Sw design exists and opened at  /users/students/r0885482/Documents/DDP/sw_package_2026/sw_project/project_sw/ecc_project_wrapper/ps7_cortexa9_0/standalone_domain/bsp/system.mss
TRACE::2026-09-30.14:05:37::SCWPlatform::Trying to open the hw design at /users/students/r0885482/Documents/DDP/sw_package_2026/sw_project/project_sw/ecc_project_wrapper/hw/ecc_project_wrapper.xsa
TRACE::2026-09-30.14:05:37::SCWPlatform::DSA given /users/students/r0885482/Documents/DDP/sw_package_2026/sw_project/project_sw/ecc_project_wrapper/hw/ecc_project_wrapper.xsa
TRACE::2026-09-30.14:05:37::SCWPlatform::DSA absoulate path /users/students/r0885482/Documents/DDP/sw_package_2026/sw_project/project_sw/ecc_project_wrapper/hw/ecc_project_wrapper.xsa
TRACE::2026-09-30.14:05:37::SCWPlatform::DSA directory /users/students/r0885482/Documents/DDP/sw_package_2026/sw_project/project_sw/ecc_project_wrapper/hw
TRACE::2026-09-30.14:05:37::SCWPlatform:: Platform Path /users/students/r0885482/Documents/DDP/sw_package_2026/sw_project/project_sw/ecc_project_wrapper/hw/ecc_project_wrapper.xsa
TRACE::2026-09-30.14:05:37::SCWPlatform:: Unique name xilinx:pynq-z2::0.0
TRACE::2026-09-30.14:05:37::SCWPlatform::Trying to set the existing hwdb with name rsa_project_wrapper_0
TRACE::2026-09-30.14:05:37::SCWPlatform::Opened existing hwdb rsa_project_wrapper_0
TRACE::2026-09-30.14:05:37::SCWPlatform::Found the Hw Db part of the input DSA
TRACE::2026-09-30.14:05:37::SCWMssOS::Checking the sw design at  /users/students/r0885482/Documents/DDP/sw_package_2026/sw_project/project_sw/ecc_project_wrapper/ps7_cortexa9_0/standalone_domain/bsp/system.mss
TRACE::2026-09-30.14:05:37::SCWMssOS::DEBUG:  swdes dump  /users/students/r0885482/Documents/DDP/sw_package_2026/sw_project/project_sw/ecc_project_wrapper/ps7_cortexa9_0/standalone_domain/bsp/system.mss|system_0||
/users/students/r0885482/Documents/DDP/sw_package_2026/sw_project/project_sw/ecc_project_wrapper/zynq_fsbl/zynq_fsbl_bsp/system.mss|system||

TRACE::2026-09-30.14:05:37::SCWMssOS::Sw design exists and opened at  /users/students/r0885482/Documents/DDP/sw_package_2026/sw_project/project_sw/ecc_project_wrapper/ps7_cortexa9_0/standalone_domain/bsp/system.mss
TRACE::2026-09-30.14:05:37::SCWMssOS::Saving the mss changes /users/students/r0885482/Documents/DDP/sw_package_2026/sw_project/project_sw/ecc_project_wrapper/zynq_fsbl/zynq_fsbl_bsp/system.mss
TRACE::2026-09-30.14:05:37::SCWMssOS::Found a swdesign opened with the mssfile.
TRACE::2026-09-30.14:05:37::SCWMssOS::Completed writemss as part of save.
TRACE::2026-09-30.14:05:37::SCWMssOS::Commit changes completed.
TRACE::2026-09-30.14:05:37::SCWMssOS::Saving the mss changes /users/students/r0885482/Documents/DDP/sw_package_2026/sw_project/project_sw/ecc_project_wrapper/ps7_cortexa9_0/standalone_domain/bsp/system.mss
TRACE::2026-09-30.14:05:37::SCWMssOS::Found a swdesign opened with the mssfile.
TRACE::2026-09-30.14:05:37::SCWMssOS::Completed writemss as part of save.
TRACE::2026-09-30.14:05:37::SCWMssOS::Commit changes completed.
TRACE::2026-09-30.14:05:37::SCWPlatform::Trying to open the hw design at /users/students/r0885482/Documents/DDP/sw_package_2026/sw_project/project_sw/ecc_project_wrapper/hw/ecc_project_wrapper.xsa
TRACE::2026-09-30.14:05:37::SCWPlatform::DSA given /users/students/r0885482/Documents/DDP/sw_package_2026/sw_project/project_sw/ecc_project_wrapper/hw/ecc_project_wrapper.xsa
TRACE::2026-09-30.14:05:37::SCWPlatform::DSA absoulate path /users/students/r0885482/Documents/DDP/sw_package_2026/sw_project/project_sw/ecc_project_wrapper/hw/ecc_project_wrapper.xsa
TRACE::2026-09-30.14:05:37::SCWPlatform::DSA directory /users/students/r0885482/Documents/DDP/sw_package_2026/sw_project/project_sw/ecc_project_wrapper/hw
TRACE::2026-09-30.14:05:37::SCWPlatform:: Platform Path /users/students/r0885482/Documents/DDP/sw_package_2026/sw_project/project_sw/ecc_project_wrapper/hw/ecc_project_wrapper.xsa
TRACE::2026-09-30.14:05:37::SCWPlatform:: Unique name xilinx:pynq-z2::0.0
TRACE::2026-09-30.14:05:37::SCWPlatform::Trying to set the existing hwdb with name rsa_project_wrapper_0
TRACE::2026-09-30.14:05:37::SCWPlatform::Opened existing hwdb rsa_project_wrapper_0
TRACE::2026-09-30.14:05:37::SCWPlatform::Found the Hw Db part of the input DSA
TRACE::2026-09-30.14:05:37::SCWMssOS::Checking the sw design at  /users/students/r0885482/Documents/DDP/sw_package_2026/sw_project/project_sw/ecc_project_wrapper/zynq_fsbl/zynq_fsbl_bsp/system.mss
TRACE::2026-09-30.14:05:37::SCWMssOS::DEBUG:  swdes dump  /users/students/r0885482/Documents/DDP/sw_package_2026/sw_project/project_sw/ecc_project_wrapper/ps7_cortexa9_0/standalone_domain/bsp/system.mss|system_0||
/users/students/r0885482/Documents/DDP/sw_package_2026/sw_project/project_sw/ecc_project_wrapper/zynq_fsbl/zynq_fsbl_bsp/system.mss|system||

TRACE::2026-09-30.14:05:37::SCWMssOS::Sw design exists and opened at  /users/students/r0885482/Documents/DDP/sw_package_2026/sw_project/project_sw/ecc_project_wrapper/zynq_fsbl/zynq_fsbl_bsp/system.mss
TRACE::2026-09-30.14:05:37::SCWPlatform::Trying to open the hw design at /users/students/r0885482/Documents/DDP/sw_package_2026/sw_project/project_sw/ecc_project_wrapper/hw/ecc_project_wrapper.xsa
TRACE::2026-09-30.14:05:37::SCWPlatform::DSA given /users/students/r0885482/Documents/DDP/sw_package_2026/sw_project/project_sw/ecc_project_wrapper/hw/ecc_project_wrapper.xsa
TRACE::2026-09-30.14:05:37::SCWPlatform::DSA absoulate path /users/students/r0885482/Documents/DDP/sw_package_2026/sw_project/project_sw/ecc_project_wrapper/hw/ecc_project_wrapper.xsa
TRACE::2026-09-30.14:05:37::SCWPlatform::DSA directory /users/students/r0885482/Documents/DDP/sw_package_2026/sw_project/project_sw/ecc_project_wrapper/hw
TRACE::2026-09-30.14:05:37::SCWPlatform:: Platform Path /users/students/r0885482/Documents/DDP/sw_package_2026/sw_project/project_sw/ecc_project_wrapper/hw/ecc_project_wrapper.xsa
TRACE::2026-09-30.14:05:37::SCWPlatform:: Unique name xilinx:pynq-z2::0.0
TRACE::2026-09-30.14:05:37::SCWPlatform::Trying to set the existing hwdb with name rsa_project_wrapper_0
TRACE::2026-09-30.14:05:37::SCWPlatform::Opened existing hwdb rsa_project_wrapper_0
TRACE::2026-09-30.14:05:37::SCWPlatform::Found the Hw Db part of the input DSA
TRACE::2026-09-30.14:05:37::SCWMssOS::Checking the sw design at  /users/students/r0885482/Documents/DDP/sw_package_2026/sw_project/project_sw/ecc_project_wrapper/zynq_fsbl/zynq_fsbl_bsp/system.mss
TRACE::2026-09-30.14:05:37::SCWMssOS::DEBUG:  swdes dump  /users/students/r0885482/Documents/DDP/sw_package_2026/sw_project/project_sw/ecc_project_wrapper/ps7_cortexa9_0/standalone_domain/bsp/system.mss|system_0||
/users/students/r0885482/Documents/DDP/sw_package_2026/sw_project/project_sw/ecc_project_wrapper/zynq_fsbl/zynq_fsbl_bsp/system.mss|system||

TRACE::2026-09-30.14:05:37::SCWMssOS::Sw design exists and opened at  /users/students/r0885482/Documents/DDP/sw_package_2026/sw_project/project_sw/ecc_project_wrapper/zynq_fsbl/zynq_fsbl_bsp/system.mss
TRACE::2026-09-30.14:05:37::SCWPlatform::Trying to open the hw design at /users/students/r0885482/Documents/DDP/sw_package_2026/sw_project/project_sw/ecc_project_wrapper/hw/ecc_project_wrapper.xsa
TRACE::2026-09-30.14:05:37::SCWPlatform::DSA given /users/students/r0885482/Documents/DDP/sw_package_2026/sw_project/project_sw/ecc_project_wrapper/hw/ecc_project_wrapper.xsa
TRACE::2026-09-30.14:05:37::SCWPlatform::DSA absoulate path /users/students/r0885482/Documents/DDP/sw_package_2026/sw_project/project_sw/ecc_project_wrapper/hw/ecc_project_wrapper.xsa
TRACE::2026-09-30.14:05:37::SCWPlatform::DSA directory /users/students/r0885482/Documents/DDP/sw_package_2026/sw_project/project_sw/ecc_project_wrapper/hw
TRACE::2026-09-30.14:05:37::SCWPlatform:: Platform Path /users/students/r0885482/Documents/DDP/sw_package_2026/sw_project/project_sw/ecc_project_wrapper/hw/ecc_project_wrapper.xsa
TRACE::2026-09-30.14:05:37::SCWPlatform:: Unique name xilinx:pynq-z2::0.0
TRACE::2026-09-30.14:05:37::SCWPlatform::Trying to set the existing hwdb with name rsa_project_wrapper_0
TRACE::2026-09-30.14:05:37::SCWPlatform::Opened existing hwdb rsa_project_wrapper_0
TRACE::2026-09-30.14:05:37::SCWPlatform::Found the Hw Db part of the input DSA
TRACE::2026-09-30.14:05:37::SCWMssOS::Checking the sw design at  /users/students/r0885482/Documents/DDP/sw_package_2026/sw_project/project_sw/ecc_project_wrapper/zynq_fsbl/zynq_fsbl_bsp/system.mss
TRACE::2026-09-30.14:05:37::SCWMssOS::DEBUG:  swdes dump  /users/students/r0885482/Documents/DDP/sw_package_2026/sw_project/project_sw/ecc_project_wrapper/ps7_cortexa9_0/standalone_domain/bsp/system.mss|system_0||
/users/students/r0885482/Documents/DDP/sw_package_2026/sw_project/project_sw/ecc_project_wrapper/zynq_fsbl/zynq_fsbl_bsp/system.mss|system||

TRACE::2026-09-30.14:05:37::SCWMssOS::Sw design exists and opened at  /users/students/r0885482/Documents/DDP/sw_package_2026/sw_project/project_sw/ecc_project_wrapper/zynq_fsbl/zynq_fsbl_bsp/system.mss
TRACE::2026-09-30.14:05:37::SCWPlatform::Trying to open the hw design at /users/students/r0885482/Documents/DDP/sw_package_2026/sw_project/project_sw/ecc_project_wrapper/hw/ecc_project_wrapper.xsa
TRACE::2026-09-30.14:05:37::SCWPlatform::DSA given /users/students/r0885482/Documents/DDP/sw_package_2026/sw_project/project_sw/ecc_project_wrapper/hw/ecc_project_wrapper.xsa
TRACE::2026-09-30.14:05:37::SCWPlatform::DSA absoulate path /users/students/r0885482/Documents/DDP/sw_package_2026/sw_project/project_sw/ecc_project_wrapper/hw/ecc_project_wrapper.xsa
TRACE::2026-09-30.14:05:37::SCWPlatform::DSA directory /users/students/r0885482/Documents/DDP/sw_package_2026/sw_project/project_sw/ecc_project_wrapper/hw
TRACE::2026-09-30.14:05:37::SCWPlatform:: Platform Path /users/students/r0885482/Documents/DDP/sw_package_2026/sw_project/project_sw/ecc_project_wrapper/hw/ecc_project_wrapper.xsa
TRACE::2026-09-30.14:05:37::SCWPlatform:: Unique name xilinx:pynq-z2::0.0
TRACE::2026-09-30.14:05:37::SCWPlatform::Trying to set the existing hwdb with name rsa_project_wrapper_0
TRACE::2026-09-30.14:05:37::SCWPlatform::Opened existing hwdb rsa_project_wrapper_0
TRACE::2026-09-30.14:05:37::SCWPlatform::Found the Hw Db part of the input DSA
TRACE::2026-09-30.14:05:37::SCWMssOS::Checking the sw design at  /users/students/r0885482/Documents/DDP/sw_package_2026/sw_project/project_sw/ecc_project_wrapper/ps7_cortexa9_0/standalone_domain/bsp/system.mss
TRACE::2026-09-30.14:05:37::SCWMssOS::DEBUG:  swdes dump  /users/students/r0885482/Documents/DDP/sw_package_2026/sw_project/project_sw/ecc_project_wrapper/ps7_cortexa9_0/standalone_domain/bsp/system.mss|system_0||
/users/students/r0885482/Documents/DDP/sw_package_2026/sw_project/project_sw/ecc_project_wrapper/zynq_fsbl/zynq_fsbl_bsp/system.mss|system||

TRACE::2026-09-30.14:05:37::SCWMssOS::Sw design exists and opened at  /users/students/r0885482/Documents/DDP/sw_package_2026/sw_project/project_sw/ecc_project_wrapper/ps7_cortexa9_0/standalone_domain/bsp/system.mss
TRACE::2026-09-30.14:05:37::SCWPlatform::Trying to open the hw design at /users/students/r0885482/Documents/DDP/sw_package_2026/sw_project/project_sw/ecc_project_wrapper/hw/ecc_project_wrapper.xsa
TRACE::2026-09-30.14:05:37::SCWPlatform::DSA given /users/students/r0885482/Documents/DDP/sw_package_2026/sw_project/project_sw/ecc_project_wrapper/hw/ecc_project_wrapper.xsa
TRACE::2026-09-30.14:05:37::SCWPlatform::DSA absoulate path /users/students/r0885482/Documents/DDP/sw_package_2026/sw_project/project_sw/ecc_project_wrapper/hw/ecc_project_wrapper.xsa
TRACE::2026-09-30.14:05:37::SCWPlatform::DSA directory /users/students/r0885482/Documents/DDP/sw_package_2026/sw_project/project_sw/ecc_project_wrapper/hw
TRACE::2026-09-30.14:05:37::SCWPlatform:: Platform Path /users/students/r0885482/Documents/DDP/sw_package_2026/sw_project/project_sw/ecc_project_wrapper/hw/ecc_project_wrapper.xsa
TRACE::2026-09-30.14:05:37::SCWPlatform:: Unique name xilinx:pynq-z2::0.0
TRACE::2026-09-30.14:05:37::SCWPlatform::Trying to set the existing hwdb with name rsa_project_wrapper_0
TRACE::2026-09-30.14:05:37::SCWPlatform::Opened existing hwdb rsa_project_wrapper_0
TRACE::2026-09-30.14:05:37::SCWPlatform::Found the Hw Db part of the input DSA
TRACE::2026-09-30.14:05:37::SCWMssOS::Checking the sw design at  /users/students/r0885482/Documents/DDP/sw_package_2026/sw_project/project_sw/ecc_project_wrapper/ps7_cortexa9_0/standalone_domain/bsp/system.mss
TRACE::2026-09-30.14:05:37::SCWMssOS::DEBUG:  swdes dump  /users/students/r0885482/Documents/DDP/sw_package_2026/sw_project/project_sw/ecc_project_wrapper/ps7_cortexa9_0/standalone_domain/bsp/system.mss|system_0||
/users/students/r0885482/Documents/DDP/sw_package_2026/sw_project/project_sw/ecc_project_wrapper/zynq_fsbl/zynq_fsbl_bsp/system.mss|system||

TRACE::2026-09-30.14:05:37::SCWMssOS::Sw design exists and opened at  /users/students/r0885482/Documents/DDP/sw_package_2026/sw_project/project_sw/ecc_project_wrapper/ps7_cortexa9_0/standalone_domain/bsp/system.mss
TRACE::2026-09-30.14:05:37::SCWPlatform::Trying to open the hw design at /users/students/r0885482/Documents/DDP/sw_package_2026/sw_project/project_sw/ecc_project_wrapper/hw/ecc_project_wrapper.xsa
TRACE::2026-09-30.14:05:37::SCWPlatform::DSA given /users/students/r0885482/Documents/DDP/sw_package_2026/sw_project/project_sw/ecc_project_wrapper/hw/ecc_project_wrapper.xsa
TRACE::2026-09-30.14:05:37::SCWPlatform::DSA absoulate path /users/students/r0885482/Documents/DDP/sw_package_2026/sw_project/project_sw/ecc_project_wrapper/hw/ecc_project_wrapper.xsa
TRACE::2026-09-30.14:05:37::SCWPlatform::DSA directory /users/students/r0885482/Documents/DDP/sw_package_2026/sw_project/project_sw/ecc_project_wrapper/hw
TRACE::2026-09-30.14:05:37::SCWPlatform:: Platform Path /users/students/r0885482/Documents/DDP/sw_package_2026/sw_project/project_sw/ecc_project_wrapper/hw/ecc_project_wrapper.xsa
TRACE::2026-09-30.14:05:37::SCWPlatform:: Unique name xilinx:pynq-z2::0.0
TRACE::2026-09-30.14:05:37::SCWPlatform::Trying to set the existing hwdb with name rsa_project_wrapper_0
TRACE::2026-09-30.14:05:37::SCWPlatform::Opened existing hwdb rsa_project_wrapper_0
TRACE::2026-09-30.14:05:37::SCWPlatform::Found the Hw Db part of the input DSA
TRACE::2026-09-30.14:05:37::SCWMssOS::Checking the sw design at  /users/students/r0885482/Documents/DDP/sw_package_2026/sw_project/project_sw/ecc_project_wrapper/ps7_cortexa9_0/standalone_domain/bsp/system.mss
TRACE::2026-09-30.14:05:37::SCWMssOS::DEBUG:  swdes dump  /users/students/r0885482/Documents/DDP/sw_package_2026/sw_project/project_sw/ecc_project_wrapper/ps7_cortexa9_0/standalone_domain/bsp/system.mss|system_0||
/users/students/r0885482/Documents/DDP/sw_package_2026/sw_project/project_sw/ecc_project_wrapper/zynq_fsbl/zynq_fsbl_bsp/system.mss|system||

TRACE::2026-09-30.14:05:37::SCWMssOS::Sw design exists and opened at  /users/students/r0885482/Documents/DDP/sw_package_2026/sw_project/project_sw/ecc_project_wrapper/ps7_cortexa9_0/standalone_domain/bsp/system.mss
TRACE::2026-09-30.14:05:37::SCWWriter::formatted JSON is {
	"platformName":	"ecc_project_wrapper",
	"sprVersion":	"2.0",
	"mode":	"cmd",
	"dsaType":	"Fixed",
	"platformDesc":	"ecc_project_wrapper",
	"platHandOff":	"src/tcl/ecc_project_wrapper.xsa",
	"platIntHandOff":	"<platformDir>/hw/ecc_project_wrapper.xsa",
	"deviceType":	"zynq",
	"platIsPrebuiltAutogen":	"false",
	"platIsNoBootBsp":	"false",
	"platFsblTarget":	"ps7_cortexa9_0",
	"hasFsblMakeHasChanges":	"false",
	"hasPmufwMakeHasChanges":	"false",
	"fsblExtraCompilerFlags":	"-MMD -MP       -mcpu=cortex-a9 -mfpu=vfpv3 -mfloat-abi=hard ",
	"platPreBuiltFlag":	false,
	"platformSamplesDir":	"",
	"platActiveSys":	"ecc_project_wrapper",
	"systems":	[{
			"systemName":	"ecc_project_wrapper",
			"systemDesc":	"ecc_project_wrapper",
			"sysIsBootAutoGen":	"true",
			"systemDispName":	"ecc_project_wrapper",
			"sysActiveDom":	"standalone_domain",
			"sysDefaultDom":	"standalone_domain",
			"domains":	[{
					"domainName":	"zynq_fsbl",
					"domainDispName":	"zynq_fsbl",
					"domainDesc":	"FSBL Application BSP - Auto Generated.",
					"processors":	"ps7_cortexa9_0",
					"os":	"standalone",
					"sdxOs":	"standalone",
					"debugEnable":	"",
					"domRuntimes":	["cpp"],
					"swRepo":	"",
					"mssOsVer":	"8.1",
					"mssFile":	"",
					"md5Digest":	"2c92122f18c5fd40d52fe668ff4c852c",
					"compatibleApp":	"zynq_fsbl",
					"domType":	"bootDomain",
					"arch":	"32-bit",
					"appSettings":	{
						"appCompilerFlags":	"",
						"appLinkerFlags":	""
					},
					"addedLibs":	["xilffs:5.0", "xilrsa:1.6"],
					"libOptions":	{
						"libsContainingOptions":	[]
					},
					"prebuiltLibs":	{
						"prebuiltIncPath":	[],
						"prebuiltLibPath":	[]
					},
					"isolation":	{
					}
				}, {
					"domainName":	"standalone_domain",
					"domainDispName":	"standalone on ps7_cortexa9_0",
					"domainDesc":	"standalone_domain",
					"processors":	"ps7_cortexa9_0",
					"os":	"standalone",
					"sdxOs":	"standalone",
					"qemuArgs":	"<platformDir>/resources/ecc_project_wrapper/standalone_domain/qemu_args.txt",
					"qemuData":	"<platformDir>/resources/ecc_project_wrapper/standalone_domain/qemu",
					"debugEnable":	"False",
					"domRuntimes":	["cpp"],
					"swRepo":	"",
					"mssOsVer":	"8.1",
					"mssFile":	"",
					"md5Digest":	"5458ab32d357d609abddc6af46557d25",
					"compatibleApp":	"hello_world",
					"domType":	"mssDomain",
					"arch":	"32-bit",
					"appSettings":	{
						"appCompilerFlags":	"",
						"appLinkerFlags":	""
					},
					"addedLibs":	[],
					"libOptions":	{
						"libsContainingOptions":	[]
					},
					"prebuiltLibs":	{
						"prebuiltIncPath":	[],
						"prebuiltLibPath":	[]
					},
					"isolation":	{
					}
				}]
		}]
}
LOG::2026-09-30.14:05:37::SCWPlatform::Started generating the artifacts platform ecc_project_wrapper
TRACE::2026-09-30.14:05:37::SCWPlatform::Sanity checking of platform is completed
LOG::2026-09-30.14:05:37::SCWPlatform::Started generating the artifacts for system configuration ecc_project_wrapper
LOG::2026-09-30.14:05:37::SCWSystem::Started Processing the domain standalone_domain
TRACE::2026-09-30.14:05:37::SCWDomain::Generating domain artifcats
TRACE::2026-09-30.14:05:37::SCWMssOS::Generating standalone artifcats
TRACE::2026-09-30.14:05:37::SCWMssOS::Copying the qemu file from  /users/students/r0885482/Documents/DDP/sw_package_2026/sw_project/project_sw/ecc_project_wrapper/resources/ecc_project_wrapper/standalone_domain/qemu_args.txt To /users/students/r0885482/Documents/DDP/sw_package_2026/sw_project/project_sw/ecc_project_wrapper/export/ecc_project_wrapper/sw/ecc_project_wrapper/qemu/
TRACE::2026-09-30.14:05:37::SCWMssOS::Copying the qemu file from  /users/students/r0885482/Documents/DDP/sw_package_2026/sw_project/project_sw/ecc_project_wrapper/resources/ecc_project_wrapper/standalone_domain/qemu_args.txt To /users/students/r0885482/Documents/DDP/sw_package_2026/sw_project/project_sw/ecc_project_wrapper/export/ecc_project_wrapper/sw/ecc_project_wrapper/standalone_domain/qemu/
TRACE::2026-09-30.14:05:37::SCWMssOS:: Copying the user libraries. 
TRACE::2026-09-30.14:05:37::SCWPlatform::Trying to open the hw design at /users/students/r0885482/Documents/DDP/sw_package_2026/sw_project/project_sw/ecc_project_wrapper/hw/ecc_project_wrapper.xsa
TRACE::2026-09-30.14:05:37::SCWPlatform::DSA given /users/students/r0885482/Documents/DDP/sw_package_2026/sw_project/project_sw/ecc_project_wrapper/hw/ecc_project_wrapper.xsa
TRACE::2026-09-30.14:05:37::SCWPlatform::DSA absoulate path /users/students/r0885482/Documents/DDP/sw_package_2026/sw_project/project_sw/ecc_project_wrapper/hw/ecc_project_wrapper.xsa
TRACE::2026-09-30.14:05:37::SCWPlatform::DSA directory /users/students/r0885482/Documents/DDP/sw_package_2026/sw_project/project_sw/ecc_project_wrapper/hw
TRACE::2026-09-30.14:05:37::SCWPlatform:: Platform Path /users/students/r0885482/Documents/DDP/sw_package_2026/sw_project/project_sw/ecc_project_wrapper/hw/ecc_project_wrapper.xsa
TRACE::2026-09-30.14:05:37::SCWPlatform:: Unique name xilinx:pynq-z2::0.0
TRACE::2026-09-30.14:05:37::SCWPlatform::Trying to set the existing hwdb with name rsa_project_wrapper_0
TRACE::2026-09-30.14:05:37::SCWPlatform::Opened existing hwdb rsa_project_wrapper_0
TRACE::2026-09-30.14:05:37::SCWPlatform::Found the Hw Db part of the input DSA
TRACE::2026-09-30.14:05:37::SCWMssOS::Checking the sw design at  /users/students/r0885482/Documents/DDP/sw_package_2026/sw_project/project_sw/ecc_project_wrapper/ps7_cortexa9_0/standalone_domain/bsp/system.mss
TRACE::2026-09-30.14:05:37::SCWMssOS::DEBUG:  swdes dump  /users/students/r0885482/Documents/DDP/sw_package_2026/sw_project/project_sw/ecc_project_wrapper/ps7_cortexa9_0/standalone_domain/bsp/system.mss|system_0||
/users/students/r0885482/Documents/DDP/sw_package_2026/sw_project/project_sw/ecc_project_wrapper/zynq_fsbl/zynq_fsbl_bsp/system.mss|system||

TRACE::2026-09-30.14:05:37::SCWMssOS::Sw design exists and opened at  /users/students/r0885482/Documents/DDP/sw_package_2026/sw_project/project_sw/ecc_project_wrapper/ps7_cortexa9_0/standalone_domain/bsp/system.mss
TRACE::2026-09-30.14:05:37::SCWMssOS::Completed writing the mss file at /users/students/r0885482/Documents/DDP/sw_package_2026/sw_project/project_sw/ecc_project_wrapper/ps7_cortexa9_0/standalone_domain/bsp
TRACE::2026-09-30.14:05:37::SCWMssOS::Mss edits present, copying mssfile into export location /users/students/r0885482/Documents/DDP/sw_package_2026/sw_project/project_sw/ecc_project_wrapper/ps7_cortexa9_0/standalone_domain/bsp/system.mss
TRACE::2026-09-30.14:05:37::SCWMssOS::bsp generated is upto date with the mss file. Skipping bsp generation.
TRACE::2026-09-30.14:05:37::SCWMssOS::BSP is already built. skipping the bsp build ... 
TRACE::2026-09-30.14:05:37::SCWDomain::Building the domain as part of full build :  standalone_domain
TRACE::2026-09-30.14:05:37::SCWMssOS::skipping the bsp build ... 
TRACE::2026-09-30.14:05:37::SCWMssOS::Copying to export directory.
TRACE::2026-09-30.14:05:37::SCWMssOS:: Checking if to create the Supporting Applications
TRACE::2026-09-30.14:05:37::SCWMssOS:: No Linux domain exists, trying to generate FSBL 
TRACE::2026-09-30.14:05:37::SCWMssOS:: Completed Standalone Artifacts creation 
LOG::2026-09-30.14:05:37::SCWSystem::Completed Processing the domain standalone_domain
LOG::2026-09-30.14:05:37::SCWSystem::Completed Processing the sysconfig ecc_project_wrapper
LOG::2026-09-30.14:05:37::SCWPlatform::Completed generating the artifacts for system configuration ecc_project_wrapper
TRACE::2026-09-30.14:05:37::SCWPlatform::Started preparing the platform 
TRACE::2026-09-30.14:05:37::SCWSystem::Writing the bif file for system config ecc_project_wrapper
TRACE::2026-09-30.14:05:37::SCWSystem::dir created 
TRACE::2026-09-30.14:05:37::SCWSystem::Writing the bif 
TRACE::2026-09-30.14:05:37::SCWPlatform::Started writing the spfm file 
TRACE::2026-09-30.14:05:37::SCWPlatform::Started writing the xpfm file 
TRACE::2026-09-30.14:05:37::SCWPlatform::Completed generating the platform
TRACE::2026-09-30.14:05:37::SCWMssOS::Saving the mss changes /users/students/r0885482/Documents/DDP/sw_package_2026/sw_project/project_sw/ecc_project_wrapper/zynq_fsbl/zynq_fsbl_bsp/system.mss
TRACE::2026-09-30.14:05:37::SCWMssOS::Found a swdesign opened with the mssfile.
TRACE::2026-09-30.14:05:37::SCWMssOS::Completed writemss as part of save.
TRACE::2026-09-30.14:05:37::SCWMssOS::Commit changes completed.
TRACE::2026-09-30.14:05:37::SCWMssOS::Saving the mss changes /users/students/r0885482/Documents/DDP/sw_package_2026/sw_project/project_sw/ecc_project_wrapper/ps7_cortexa9_0/standalone_domain/bsp/system.mss
TRACE::2026-09-30.14:05:37::SCWMssOS::Found a swdesign opened with the mssfile.
TRACE::2026-09-30.14:05:37::SCWMssOS::Completed writemss as part of save.
TRACE::2026-09-30.14:05:37::SCWMssOS::Commit changes completed.
TRACE::2026-09-30.14:05:37::SCWPlatform::Trying to open the hw design at /users/students/r0885482/Documents/DDP/sw_package_2026/sw_project/project_sw/ecc_project_wrapper/hw/ecc_project_wrapper.xsa
TRACE::2026-09-30.14:05:37::SCWPlatform::DSA given /users/students/r0885482/Documents/DDP/sw_package_2026/sw_project/project_sw/ecc_project_wrapper/hw/ecc_project_wrapper.xsa
TRACE::2026-09-30.14:05:37::SCWPlatform::DSA absoulate path /users/students/r0885482/Documents/DDP/sw_package_2026/sw_project/project_sw/ecc_project_wrapper/hw/ecc_project_wrapper.xsa
TRACE::2026-09-30.14:05:37::SCWPlatform::DSA directory /users/students/r0885482/Documents/DDP/sw_package_2026/sw_project/project_sw/ecc_project_wrapper/hw
TRACE::2026-09-30.14:05:37::SCWPlatform:: Platform Path /users/students/r0885482/Documents/DDP/sw_package_2026/sw_project/project_sw/ecc_project_wrapper/hw/ecc_project_wrapper.xsa
TRACE::2026-09-30.14:05:37::SCWPlatform:: Unique name xilinx:pynq-z2::0.0
TRACE::2026-09-30.14:05:37::SCWPlatform::Trying to set the existing hwdb with name rsa_project_wrapper_0
TRACE::2026-09-30.14:05:37::SCWPlatform::Opened existing hwdb rsa_project_wrapper_0
TRACE::2026-09-30.14:05:37::SCWPlatform::Found the Hw Db part of the input DSA
TRACE::2026-09-30.14:05:37::SCWMssOS::Checking the sw design at  /users/students/r0885482/Documents/DDP/sw_package_2026/sw_project/project_sw/ecc_project_wrapper/zynq_fsbl/zynq_fsbl_bsp/system.mss
TRACE::2026-09-30.14:05:37::SCWMssOS::DEBUG:  swdes dump  /users/students/r0885482/Documents/DDP/sw_package_2026/sw_project/project_sw/ecc_project_wrapper/ps7_cortexa9_0/standalone_domain/bsp/system.mss|system_0||
/users/students/r0885482/Documents/DDP/sw_package_2026/sw_project/project_sw/ecc_project_wrapper/zynq_fsbl/zynq_fsbl_bsp/system.mss|system||

TRACE::2026-09-30.14:05:37::SCWMssOS::Sw design exists and opened at  /users/students/r0885482/Documents/DDP/sw_package_2026/sw_project/project_sw/ecc_project_wrapper/zynq_fsbl/zynq_fsbl_bsp/system.mss
TRACE::2026-09-30.14:05:37::SCWPlatform::Trying to open the hw design at /users/students/r0885482/Documents/DDP/sw_package_2026/sw_project/project_sw/ecc_project_wrapper/hw/ecc_project_wrapper.xsa
TRACE::2026-09-30.14:05:37::SCWPlatform::DSA given /users/students/r0885482/Documents/DDP/sw_package_2026/sw_project/project_sw/ecc_project_wrapper/hw/ecc_project_wrapper.xsa
TRACE::2026-09-30.14:05:37::SCWPlatform::DSA absoulate path /users/students/r0885482/Documents/DDP/sw_package_2026/sw_project/project_sw/ecc_project_wrapper/hw/ecc_project_wrapper.xsa
TRACE::2026-09-30.14:05:37::SCWPlatform::DSA directory /users/students/r0885482/Documents/DDP/sw_package_2026/sw_project/project_sw/ecc_project_wrapper/hw
TRACE::2026-09-30.14:05:37::SCWPlatform:: Platform Path /users/students/r0885482/Documents/DDP/sw_package_2026/sw_project/project_sw/ecc_project_wrapper/hw/ecc_project_wrapper.xsa
TRACE::2026-09-30.14:05:37::SCWPlatform:: Unique name xilinx:pynq-z2::0.0
TRACE::2026-09-30.14:05:37::SCWPlatform::Trying to set the existing hwdb with name rsa_project_wrapper_0
TRACE::2026-09-30.14:05:37::SCWPlatform::Opened existing hwdb rsa_project_wrapper_0
TRACE::2026-09-30.14:05:37::SCWPlatform::Found the Hw Db part of the input DSA
TRACE::2026-09-30.14:05:37::SCWMssOS::Checking the sw design at  /users/students/r0885482/Documents/DDP/sw_package_2026/sw_project/project_sw/ecc_project_wrapper/zynq_fsbl/zynq_fsbl_bsp/system.mss
TRACE::2026-09-30.14:05:37::SCWMssOS::DEBUG:  swdes dump  /users/students/r0885482/Documents/DDP/sw_package_2026/sw_project/project_sw/ecc_project_wrapper/ps7_cortexa9_0/standalone_domain/bsp/system.mss|system_0||
/users/students/r0885482/Documents/DDP/sw_package_2026/sw_project/project_sw/ecc_project_wrapper/zynq_fsbl/zynq_fsbl_bsp/system.mss|system||

TRACE::2026-09-30.14:05:37::SCWMssOS::Sw design exists and opened at  /users/students/r0885482/Documents/DDP/sw_package_2026/sw_project/project_sw/ecc_project_wrapper/zynq_fsbl/zynq_fsbl_bsp/system.mss
TRACE::2026-09-30.14:05:37::SCWPlatform::Trying to open the hw design at /users/students/r0885482/Documents/DDP/sw_package_2026/sw_project/project_sw/ecc_project_wrapper/hw/ecc_project_wrapper.xsa
TRACE::2026-09-30.14:05:37::SCWPlatform::DSA given /users/students/r0885482/Documents/DDP/sw_package_2026/sw_project/project_sw/ecc_project_wrapper/hw/ecc_project_wrapper.xsa
TRACE::2026-09-30.14:05:37::SCWPlatform::DSA absoulate path /users/students/r0885482/Documents/DDP/sw_package_2026/sw_project/project_sw/ecc_project_wrapper/hw/ecc_project_wrapper.xsa
TRACE::2026-09-30.14:05:37::SCWPlatform::DSA directory /users/students/r0885482/Documents/DDP/sw_package_2026/sw_project/project_sw/ecc_project_wrapper/hw
TRACE::2026-09-30.14:05:37::SCWPlatform:: Platform Path /users/students/r0885482/Documents/DDP/sw_package_2026/sw_project/project_sw/ecc_project_wrapper/hw/ecc_project_wrapper.xsa
TRACE::2026-09-30.14:05:37::SCWPlatform:: Unique name xilinx:pynq-z2::0.0
TRACE::2026-09-30.14:05:37::SCWPlatform::Trying to set the existing hwdb with name rsa_project_wrapper_0
TRACE::2026-09-30.14:05:37::SCWPlatform::Opened existing hwdb rsa_project_wrapper_0
TRACE::2026-09-30.14:05:37::SCWPlatform::Found the Hw Db part of the input DSA
TRACE::2026-09-30.14:05:37::SCWMssOS::Checking the sw design at  /users/students/r0885482/Documents/DDP/sw_package_2026/sw_project/project_sw/ecc_project_wrapper/zynq_fsbl/zynq_fsbl_bsp/system.mss
TRACE::2026-09-30.14:05:37::SCWMssOS::DEBUG:  swdes dump  /users/students/r0885482/Documents/DDP/sw_package_2026/sw_project/project_sw/ecc_project_wrapper/ps7_cortexa9_0/standalone_domain/bsp/system.mss|system_0||
/users/students/r0885482/Documents/DDP/sw_package_2026/sw_project/project_sw/ecc_project_wrapper/zynq_fsbl/zynq_fsbl_bsp/system.mss|system||

TRACE::2026-09-30.14:05:37::SCWMssOS::Sw design exists and opened at  /users/students/r0885482/Documents/DDP/sw_package_2026/sw_project/project_sw/ecc_project_wrapper/zynq_fsbl/zynq_fsbl_bsp/system.mss
TRACE::2026-09-30.14:05:37::SCWPlatform::Trying to open the hw design at /users/students/r0885482/Documents/DDP/sw_package_2026/sw_project/project_sw/ecc_project_wrapper/hw/ecc_project_wrapper.xsa
TRACE::2026-09-30.14:05:37::SCWPlatform::DSA given /users/students/r0885482/Documents/DDP/sw_package_2026/sw_project/project_sw/ecc_project_wrapper/hw/ecc_project_wrapper.xsa
TRACE::2026-09-30.14:05:37::SCWPlatform::DSA absoulate path /users/students/r0885482/Documents/DDP/sw_package_2026/sw_project/project_sw/ecc_project_wrapper/hw/ecc_project_wrapper.xsa
TRACE::2026-09-30.14:05:37::SCWPlatform::DSA directory /users/students/r0885482/Documents/DDP/sw_package_2026/sw_project/project_sw/ecc_project_wrapper/hw
TRACE::2026-09-30.14:05:37::SCWPlatform:: Platform Path /users/students/r0885482/Documents/DDP/sw_package_2026/sw_project/project_sw/ecc_project_wrapper/hw/ecc_project_wrapper.xsa
TRACE::2026-09-30.14:05:37::SCWPlatform:: Unique name xilinx:pynq-z2::0.0
TRACE::2026-09-30.14:05:37::SCWPlatform::Trying to set the existing hwdb with name rsa_project_wrapper_0
TRACE::2026-09-30.14:05:37::SCWPlatform::Opened existing hwdb rsa_project_wrapper_0
TRACE::2026-09-30.14:05:37::SCWPlatform::Found the Hw Db part of the input DSA
TRACE::2026-09-30.14:05:37::SCWMssOS::Checking the sw design at  /users/students/r0885482/Documents/DDP/sw_package_2026/sw_project/project_sw/ecc_project_wrapper/ps7_cortexa9_0/standalone_domain/bsp/system.mss
TRACE::2026-09-30.14:05:37::SCWMssOS::DEBUG:  swdes dump  /users/students/r0885482/Documents/DDP/sw_package_2026/sw_project/project_sw/ecc_project_wrapper/ps7_cortexa9_0/standalone_domain/bsp/system.mss|system_0||
/users/students/r0885482/Documents/DDP/sw_package_2026/sw_project/project_sw/ecc_project_wrapper/zynq_fsbl/zynq_fsbl_bsp/system.mss|system||

TRACE::2026-09-30.14:05:37::SCWMssOS::Sw design exists and opened at  /users/students/r0885482/Documents/DDP/sw_package_2026/sw_project/project_sw/ecc_project_wrapper/ps7_cortexa9_0/standalone_domain/bsp/system.mss
TRACE::2026-09-30.14:05:37::SCWPlatform::Trying to open the hw design at /users/students/r0885482/Documents/DDP/sw_package_2026/sw_project/project_sw/ecc_project_wrapper/hw/ecc_project_wrapper.xsa
TRACE::2026-09-30.14:05:37::SCWPlatform::DSA given /users/students/r0885482/Documents/DDP/sw_package_2026/sw_project/project_sw/ecc_project_wrapper/hw/ecc_project_wrapper.xsa
TRACE::2026-09-30.14:05:37::SCWPlatform::DSA absoulate path /users/students/r0885482/Documents/DDP/sw_package_2026/sw_project/project_sw/ecc_project_wrapper/hw/ecc_project_wrapper.xsa
TRACE::2026-09-30.14:05:37::SCWPlatform::DSA directory /users/students/r0885482/Documents/DDP/sw_package_2026/sw_project/project_sw/ecc_project_wrapper/hw
TRACE::2026-09-30.14:05:37::SCWPlatform:: Platform Path /users/students/r0885482/Documents/DDP/sw_package_2026/sw_project/project_sw/ecc_project_wrapper/hw/ecc_project_wrapper.xsa
TRACE::2026-09-30.14:05:37::SCWPlatform:: Unique name xilinx:pynq-z2::0.0
TRACE::2026-09-30.14:05:37::SCWPlatform::Trying to set the existing hwdb with name rsa_project_wrapper_0
TRACE::2026-09-30.14:05:37::SCWPlatform::Opened existing hwdb rsa_project_wrapper_0
TRACE::2026-09-30.14:05:37::SCWPlatform::Found the Hw Db part of the input DSA
TRACE::2026-09-30.14:05:37::SCWMssOS::Checking the sw design at  /users/students/r0885482/Documents/DDP/sw_package_2026/sw_project/project_sw/ecc_project_wrapper/ps7_cortexa9_0/standalone_domain/bsp/system.mss
TRACE::2026-09-30.14:05:37::SCWMssOS::DEBUG:  swdes dump  /users/students/r0885482/Documents/DDP/sw_package_2026/sw_project/project_sw/ecc_project_wrapper/ps7_cortexa9_0/standalone_domain/bsp/system.mss|system_0||
/users/students/r0885482/Documents/DDP/sw_package_2026/sw_project/project_sw/ecc_project_wrapper/zynq_fsbl/zynq_fsbl_bsp/system.mss|system||

TRACE::2026-09-30.14:05:37::SCWMssOS::Sw design exists and opened at  /users/students/r0885482/Documents/DDP/sw_package_2026/sw_project/project_sw/ecc_project_wrapper/ps7_cortexa9_0/standalone_domain/bsp/system.mss
TRACE::2026-09-30.14:05:37::SCWPlatform::Trying to open the hw design at /users/students/r0885482/Documents/DDP/sw_package_2026/sw_project/project_sw/ecc_project_wrapper/hw/ecc_project_wrapper.xsa
TRACE::2026-09-30.14:05:37::SCWPlatform::DSA given /users/students/r0885482/Documents/DDP/sw_package_2026/sw_project/project_sw/ecc_project_wrapper/hw/ecc_project_wrapper.xsa
TRACE::2026-09-30.14:05:37::SCWPlatform::DSA absoulate path /users/students/r0885482/Documents/DDP/sw_package_2026/sw_project/project_sw/ecc_project_wrapper/hw/ecc_project_wrapper.xsa
TRACE::2026-09-30.14:05:37::SCWPlatform::DSA directory /users/students/r0885482/Documents/DDP/sw_package_2026/sw_project/project_sw/ecc_project_wrapper/hw
TRACE::2026-09-30.14:05:37::SCWPlatform:: Platform Path /users/students/r0885482/Documents/DDP/sw_package_2026/sw_project/project_sw/ecc_project_wrapper/hw/ecc_project_wrapper.xsa
TRACE::2026-09-30.14:05:37::SCWPlatform:: Unique name xilinx:pynq-z2::0.0
TRACE::2026-09-30.14:05:37::SCWPlatform::Trying to set the existing hwdb with name rsa_project_wrapper_0
TRACE::2026-09-30.14:05:37::SCWPlatform::Opened existing hwdb rsa_project_wrapper_0
TRACE::2026-09-30.14:05:37::SCWPlatform::Found the Hw Db part of the input DSA
TRACE::2026-09-30.14:05:37::SCWMssOS::Checking the sw design at  /users/students/r0885482/Documents/DDP/sw_package_2026/sw_project/project_sw/ecc_project_wrapper/ps7_cortexa9_0/standalone_domain/bsp/system.mss
TRACE::2026-09-30.14:05:37::SCWMssOS::DEBUG:  swdes dump  /users/students/r0885482/Documents/DDP/sw_package_2026/sw_project/project_sw/ecc_project_wrapper/ps7_cortexa9_0/standalone_domain/bsp/system.mss|system_0||
/users/students/r0885482/Documents/DDP/sw_package_2026/sw_project/project_sw/ecc_project_wrapper/zynq_fsbl/zynq_fsbl_bsp/system.mss|system||

TRACE::2026-09-30.14:05:37::SCWMssOS::Sw design exists and opened at  /users/students/r0885482/Documents/DDP/sw_package_2026/sw_project/project_sw/ecc_project_wrapper/ps7_cortexa9_0/standalone_domain/bsp/system.mss
TRACE::2026-09-30.14:05:37::SCWWriter::formatted JSON is {
	"platformName":	"ecc_project_wrapper",
	"sprVersion":	"2.0",
	"mode":	"cmd",
	"dsaType":	"Fixed",
	"platformDesc":	"ecc_project_wrapper",
	"platHandOff":	"src/tcl/ecc_project_wrapper.xsa",
	"platIntHandOff":	"<platformDir>/hw/ecc_project_wrapper.xsa",
	"deviceType":	"zynq",
	"platIsPrebuiltAutogen":	"false",
	"platIsNoBootBsp":	"false",
	"platFsblTarget":	"ps7_cortexa9_0",
	"hasFsblMakeHasChanges":	"false",
	"hasPmufwMakeHasChanges":	"false",
	"fsblExtraCompilerFlags":	"-MMD -MP       -mcpu=cortex-a9 -mfpu=vfpv3 -mfloat-abi=hard ",
	"platPreBuiltFlag":	false,
	"platformSamplesDir":	"",
	"platActiveSys":	"ecc_project_wrapper",
	"systems":	[{
			"systemName":	"ecc_project_wrapper",
			"systemDesc":	"ecc_project_wrapper",
			"sysIsBootAutoGen":	"true",
			"systemDispName":	"ecc_project_wrapper",
			"sysActiveDom":	"standalone_domain",
			"sysDefaultDom":	"standalone_domain",
			"domains":	[{
					"domainName":	"zynq_fsbl",
					"domainDispName":	"zynq_fsbl",
					"domainDesc":	"FSBL Application BSP - Auto Generated.",
					"processors":	"ps7_cortexa9_0",
					"os":	"standalone",
					"sdxOs":	"standalone",
					"debugEnable":	"",
					"domRuntimes":	["cpp"],
					"swRepo":	"",
					"mssOsVer":	"8.1",
					"mssFile":	"",
					"md5Digest":	"2c92122f18c5fd40d52fe668ff4c852c",
					"compatibleApp":	"zynq_fsbl",
					"domType":	"bootDomain",
					"arch":	"32-bit",
					"appSettings":	{
						"appCompilerFlags":	"",
						"appLinkerFlags":	""
					},
					"addedLibs":	["xilffs:5.0", "xilrsa:1.6"],
					"libOptions":	{
						"libsContainingOptions":	[]
					},
					"prebuiltLibs":	{
						"prebuiltIncPath":	[],
						"prebuiltLibPath":	[]
					},
					"isolation":	{
					}
				}, {
					"domainName":	"standalone_domain",
					"domainDispName":	"standalone on ps7_cortexa9_0",
					"domainDesc":	"standalone_domain",
					"processors":	"ps7_cortexa9_0",
					"os":	"standalone",
					"sdxOs":	"standalone",
					"qemuArgs":	"<platformDir>/resources/ecc_project_wrapper/standalone_domain/qemu_args.txt",
					"qemuData":	"<platformDir>/resources/ecc_project_wrapper/standalone_domain/qemu",
					"debugEnable":	"False",
					"domRuntimes":	["cpp"],
					"swRepo":	"",
					"mssOsVer":	"8.1",
					"mssFile":	"",
					"md5Digest":	"5458ab32d357d609abddc6af46557d25",
					"compatibleApp":	"hello_world",
					"domType":	"mssDomain",
					"arch":	"32-bit",
					"appSettings":	{
						"appCompilerFlags":	"",
						"appLinkerFlags":	""
					},
					"addedLibs":	[],
					"libOptions":	{
						"libsContainingOptions":	[]
					},
					"prebuiltLibs":	{
						"prebuiltIncPath":	[],
						"prebuiltLibPath":	[]
					},
					"isolation":	{
					}
				}]
		}]
}
KEYINFO::2026-09-30.14:05:37::SCWPlatform::updated the xpfm file.
LOG::2026-09-30.14:05:44::SCWPlatform::Started generating the artifacts platform ecc_project_wrapper
TRACE::2026-09-30.14:05:44::SCWPlatform::Sanity checking of platform is completed
LOG::2026-09-30.14:05:44::SCWPlatform::Started generating the artifacts for system configuration ecc_project_wrapper
LOG::2026-09-30.14:05:44::SCWSystem::Checking the domain zynq_fsbl
LOG::2026-09-30.14:05:44::SCWSystem::Doing application build for :  zynq_fsbl
TRACE::2026-09-30.14:05:44::SCWBDomain::Not a forced makefile updation, No changes are present. 
TRACE::2026-09-30.14:05:44::SCWDomain::Building the domain as part of full build :  zynq_fsbl
TRACE::2026-09-30.14:05:44::SCWPlatform::Trying to open the hw design at /users/students/r0885482/Documents/DDP/sw_package_2026/sw_project/project_sw/ecc_project_wrapper/hw/ecc_project_wrapper.xsa
TRACE::2026-09-30.14:05:44::SCWPlatform::DSA given /users/students/r0885482/Documents/DDP/sw_package_2026/sw_project/project_sw/ecc_project_wrapper/hw/ecc_project_wrapper.xsa
TRACE::2026-09-30.14:05:44::SCWPlatform::DSA absoulate path /users/students/r0885482/Documents/DDP/sw_package_2026/sw_project/project_sw/ecc_project_wrapper/hw/ecc_project_wrapper.xsa
TRACE::2026-09-30.14:05:44::SCWPlatform::DSA directory /users/students/r0885482/Documents/DDP/sw_package_2026/sw_project/project_sw/ecc_project_wrapper/hw
TRACE::2026-09-30.14:05:44::SCWPlatform:: Platform Path /users/students/r0885482/Documents/DDP/sw_package_2026/sw_project/project_sw/ecc_project_wrapper/hw/ecc_project_wrapper.xsa
TRACE::2026-09-30.14:05:44::SCWPlatform:: Unique name xilinx:pynq-z2::0.0
TRACE::2026-09-30.14:05:44::SCWPlatform::Trying to set the existing hwdb with name rsa_project_wrapper_0
TRACE::2026-09-30.14:05:44::SCWPlatform::Opened existing hwdb rsa_project_wrapper_0
TRACE::2026-09-30.14:05:44::SCWPlatform::Found the Hw Db part of the input DSA
TRACE::2026-09-30.14:05:44::SCWMssOS::Checking the sw design at  /users/students/r0885482/Documents/DDP/sw_package_2026/sw_project/project_sw/ecc_project_wrapper/zynq_fsbl/zynq_fsbl_bsp/system.mss
TRACE::2026-09-30.14:05:44::SCWMssOS::DEBUG:  swdes dump  /users/students/r0885482/Documents/DDP/sw_package_2026/sw_project/project_sw/ecc_project_wrapper/ps7_cortexa9_0/standalone_domain/bsp/system.mss|system_0||
/users/students/r0885482/Documents/DDP/sw_package_2026/sw_project/project_sw/ecc_project_wrapper/zynq_fsbl/zynq_fsbl_bsp/system.mss|system||

TRACE::2026-09-30.14:05:44::SCWMssOS::Sw design exists and opened at  /users/students/r0885482/Documents/DDP/sw_package_2026/sw_project/project_sw/ecc_project_wrapper/zynq_fsbl/zynq_fsbl_bsp/system.mss
TRACE::2026-09-30.14:05:44::SCWBDomain::Completed writing the mss file at /users/students/r0885482/Documents/DDP/sw_package_2026/sw_project/project_sw/ecc_project_wrapper/zynq_fsbl/zynq_fsbl_bsp
TRACE::2026-09-30.14:05:44::SCWBDomain::bsp generated is upto date with the mss file. Skipping bsp generation.
TRACE::2026-09-30.14:05:44::SCWBDomain::Not a forced makefile updation, No changes are present. 
TRACE::2026-09-30.14:05:44::SCWBDomain::System Command Ran  cd  /users/students/r0885482/Documents/DDP/sw_package_2026/sw_project/project_sw/ecc_project_wrapper/zynq_fsbl ; bash -c " make -C zynq_fsbl_bsp ; make  " 
TRACE::2026-09-30.14:05:44::SCWBDomain::make[1]: Entering directory '/users/students/r0885482/Documents/DDP/sw_package_2026/sw_project/project_sw/ecc_project_wrapper/z
TRACE::2026-09-30.14:05:44::SCWBDomain::ynq_fsbl/zynq_fsbl_bsp'

TRACE::2026-09-30.14:05:44::SCWBDomain::make --no-print-directory seq_libs

TRACE::2026-09-30.14:05:44::SCWBDomain::Running Make include in ps7_cortexa9_0/libsrc/axidma_v9_16/src

TRACE::2026-09-30.14:05:44::SCWBDomain::make -C ps7_cortexa9_0/libsrc/axidma_v9_16/src -s include  "SHELL=/bin/sh" "COMPILER=arm-none-eabi-gcc" "ASSEMBLER=arm-none-eab
TRACE::2026-09-30.14:05:44::SCWBDomain::i-as" "ARCHIVER=arm-none-eabi-ar" "COMPILER_FLAGS=  -O2 -c" "EXTRA_COMPILER_FLAGS=-mcpu=cortex-a9 -mfpu=vfpv3 -mfloat-abi=hard 
TRACE::2026-09-30.14:05:44::SCWBDomain::-nostartfiles -g -Wall -Wextra -fno-tree-loop-distribute-patterns"

TRACE::2026-09-30.14:05:44::SCWBDomain::Running Make include in ps7_cortexa9_0/libsrc/coresightps_dcc_v1_8/src

TRACE::2026-09-30.14:05:44::SCWBDomain::make -C ps7_cortexa9_0/libsrc/coresightps_dcc_v1_8/src -s include  "SHELL=/bin/sh" "COMPILER=arm-none-eabi-gcc" "ASSEMBLER=arm-
TRACE::2026-09-30.14:05:44::SCWBDomain::none-eabi-as" "ARCHIVER=arm-none-eabi-ar" "COMPILER_FLAGS=  -O2 -c" "EXTRA_COMPILER_FLAGS=-mcpu=cortex-a9 -mfpu=vfpv3 -mfloat-a
TRACE::2026-09-30.14:05:44::SCWBDomain::bi=hard -nostartfiles -g -Wall -Wextra -fno-tree-loop-distribute-patterns"

TRACE::2026-09-30.14:05:44::SCWBDomain::Running Make include in ps7_cortexa9_0/libsrc/cpu_cortexa9_v2_11/src

TRACE::2026-09-30.14:05:44::SCWBDomain::make -C ps7_cortexa9_0/libsrc/cpu_cortexa9_v2_11/src -s include  "SHELL=/bin/sh" "COMPILER=arm-none-eabi-gcc" "ASSEMBLER=arm-no
TRACE::2026-09-30.14:05:44::SCWBDomain::ne-eabi-as" "ARCHIVER=arm-none-eabi-ar" "COMPILER_FLAGS=  -O2 -c" "EXTRA_COMPILER_FLAGS=-mcpu=cortex-a9 -mfpu=vfpv3 -mfloat-abi
TRACE::2026-09-30.14:05:44::SCWBDomain::=hard -nostartfiles -g -Wall -Wextra -fno-tree-loop-distribute-patterns"

TRACE::2026-09-30.14:05:44::SCWBDomain::Running Make include in ps7_cortexa9_0/libsrc/ddrps_v1_2/src

TRACE::2026-09-30.14:05:44::SCWBDomain::make -C ps7_cortexa9_0/libsrc/ddrps_v1_2/src -s include  "SHELL=/bin/sh" "COMPILER=arm-none-eabi-gcc" "ASSEMBLER=arm-none-eabi-
TRACE::2026-09-30.14:05:44::SCWBDomain::as" "ARCHIVER=arm-none-eabi-ar" "COMPILER_FLAGS=  -O2 -c" "EXTRA_COMPILER_FLAGS=-mcpu=cortex-a9 -mfpu=vfpv3 -mfloat-abi=hard -n
TRACE::2026-09-30.14:05:44::SCWBDomain::ostartfiles -g -Wall -Wextra -fno-tree-loop-distribute-patterns"

TRACE::2026-09-30.14:05:44::SCWBDomain::Running Make include in ps7_cortexa9_0/libsrc/devcfg_v3_7/src

TRACE::2026-09-30.14:05:44::SCWBDomain::make -C ps7_cortexa9_0/libsrc/devcfg_v3_7/src -s include  "SHELL=/bin/sh" "COMPILER=arm-none-eabi-gcc" "ASSEMBLER=arm-none-eabi
TRACE::2026-09-30.14:05:44::SCWBDomain::-as" "ARCHIVER=arm-none-eabi-ar" "COMPILER_FLAGS=  -O2 -c" "EXTRA_COMPILER_FLAGS=-mcpu=cortex-a9 -mfpu=vfpv3 -mfloat-abi=hard -
TRACE::2026-09-30.14:05:44::SCWBDomain::nostartfiles -g -Wall -Wextra -fno-tree-loop-distribute-patterns"

TRACE::2026-09-30.14:05:44::SCWBDomain::Running Make include in ps7_cortexa9_0/libsrc/dmaps_v2_8/src

TRACE::2026-09-30.14:05:44::SCWBDomain::make -C ps7_cortexa9_0/libsrc/dmaps_v2_8/src -s include  "SHELL=/bin/sh" "COMPILER=arm-none-eabi-gcc" "ASSEMBLER=arm-none-eabi-
TRACE::2026-09-30.14:05:44::SCWBDomain::as" "ARCHIVER=arm-none-eabi-ar" "COMPILER_FLAGS=  -O2 -c" "EXTRA_COMPILER_FLAGS=-mcpu=cortex-a9 -mfpu=vfpv3 -mfloat-abi=hard -n
TRACE::2026-09-30.14:05:44::SCWBDomain::ostartfiles -g -Wall -Wextra -fno-tree-loop-distribute-patterns"

TRACE::2026-09-30.14:05:44::SCWBDomain::Running Make include in ps7_cortexa9_0/libsrc/emacps_v3_18/src

TRACE::2026-09-30.14:05:44::SCWBDomain::make -C ps7_cortexa9_0/libsrc/emacps_v3_18/src -s include  "SHELL=/bin/sh" "COMPILER=arm-none-eabi-gcc" "ASSEMBLER=arm-none-eab
TRACE::2026-09-30.14:05:44::SCWBDomain::i-as" "ARCHIVER=arm-none-eabi-ar" "COMPILER_FLAGS=  -O2 -c" "EXTRA_COMPILER_FLAGS=-mcpu=cortex-a9 -mfpu=vfpv3 -mfloat-abi=hard 
TRACE::2026-09-30.14:05:44::SCWBDomain::-nostartfiles -g -Wall -Wextra -fno-tree-loop-distribute-patterns"

TRACE::2026-09-30.14:05:44::SCWBDomain::Running Make include in ps7_cortexa9_0/libsrc/gpiops_v3_11/src

TRACE::2026-09-30.14:05:44::SCWBDomain::make -C ps7_cortexa9_0/libsrc/gpiops_v3_11/src -s include  "SHELL=/bin/sh" "COMPILER=arm-none-eabi-gcc" "ASSEMBLER=arm-none-eab
TRACE::2026-09-30.14:05:44::SCWBDomain::i-as" "ARCHIVER=arm-none-eabi-ar" "COMPILER_FLAGS=  -O2 -c" "EXTRA_COMPILER_FLAGS=-mcpu=cortex-a9 -mfpu=vfpv3 -mfloat-abi=hard 
TRACE::2026-09-30.14:05:44::SCWBDomain::-nostartfiles -g -Wall -Wextra -fno-tree-loop-distribute-patterns"

TRACE::2026-09-30.14:05:44::SCWBDomain::Running Make include in ps7_cortexa9_0/libsrc/qspips_v3_10/src

TRACE::2026-09-30.14:05:44::SCWBDomain::make -C ps7_cortexa9_0/libsrc/qspips_v3_10/src -s include  "SHELL=/bin/sh" "COMPILER=arm-none-eabi-gcc" "ASSEMBLER=arm-none-eab
TRACE::2026-09-30.14:05:44::SCWBDomain::i-as" "ARCHIVER=arm-none-eabi-ar" "COMPILER_FLAGS=  -O2 -c" "EXTRA_COMPILER_FLAGS=-mcpu=cortex-a9 -mfpu=vfpv3 -mfloat-abi=hard 
TRACE::2026-09-30.14:05:44::SCWBDomain::-nostartfiles -g -Wall -Wextra -fno-tree-loop-distribute-patterns"

TRACE::2026-09-30.14:05:44::SCWBDomain::Running Make include in ps7_cortexa9_0/libsrc/scugic_v5_1/src

TRACE::2026-09-30.14:05:44::SCWBDomain::make -C ps7_cortexa9_0/libsrc/scugic_v5_1/src -s include  "SHELL=/bin/sh" "COMPILER=arm-none-eabi-gcc" "ASSEMBLER=arm-none-eabi
TRACE::2026-09-30.14:05:44::SCWBDomain::-as" "ARCHIVER=arm-none-eabi-ar" "COMPILER_FLAGS=  -O2 -c" "EXTRA_COMPILER_FLAGS=-mcpu=cortex-a9 -mfpu=vfpv3 -mfloat-abi=hard -
TRACE::2026-09-30.14:05:44::SCWBDomain::nostartfiles -g -Wall -Wextra -fno-tree-loop-distribute-patterns"

TRACE::2026-09-30.14:05:44::SCWBDomain::Running Make include in ps7_cortexa9_0/libsrc/scutimer_v2_4/src

TRACE::2026-09-30.14:05:44::SCWBDomain::make -C ps7_cortexa9_0/libsrc/scutimer_v2_4/src -s include  "SHELL=/bin/sh" "COMPILER=arm-none-eabi-gcc" "ASSEMBLER=arm-none-ea
TRACE::2026-09-30.14:05:44::SCWBDomain::bi-as" "ARCHIVER=arm-none-eabi-ar" "COMPILER_FLAGS=  -O2 -c" "EXTRA_COMPILER_FLAGS=-mcpu=cortex-a9 -mfpu=vfpv3 -mfloat-abi=hard
TRACE::2026-09-30.14:05:44::SCWBDomain:: -nostartfiles -g -Wall -Wextra -fno-tree-loop-distribute-patterns"

TRACE::2026-09-30.14:05:44::SCWBDomain::Running Make include in ps7_cortexa9_0/libsrc/scuwdt_v2_4/src

TRACE::2026-09-30.14:05:44::SCWBDomain::make -C ps7_cortexa9_0/libsrc/scuwdt_v2_4/src -s include  "SHELL=/bin/sh" "COMPILER=arm-none-eabi-gcc" "ASSEMBLER=arm-none-eabi
TRACE::2026-09-30.14:05:44::SCWBDomain::-as" "ARCHIVER=arm-none-eabi-ar" "COMPILER_FLAGS=  -O2 -c" "EXTRA_COMPILER_FLAGS=-mcpu=cortex-a9 -mfpu=vfpv3 -mfloat-abi=hard -
TRACE::2026-09-30.14:05:44::SCWBDomain::nostartfiles -g -Wall -Wextra -fno-tree-loop-distribute-patterns"

TRACE::2026-09-30.14:05:44::SCWBDomain::Running Make include in ps7_cortexa9_0/libsrc/sdps_v4_1/src

TRACE::2026-09-30.14:05:44::SCWBDomain::make -C ps7_cortexa9_0/libsrc/sdps_v4_1/src -s include  "SHELL=/bin/sh" "COMPILER=arm-none-eabi-gcc" "ASSEMBLER=arm-none-eabi-a
TRACE::2026-09-30.14:05:44::SCWBDomain::s" "ARCHIVER=arm-none-eabi-ar" "COMPILER_FLAGS=  -O2 -c" "EXTRA_COMPILER_FLAGS=-mcpu=cortex-a9 -mfpu=vfpv3 -mfloat-abi=hard -no
TRACE::2026-09-30.14:05:44::SCWBDomain::startfiles -g -Wall -Wextra -fno-tree-loop-distribute-patterns"

TRACE::2026-09-30.14:05:44::SCWBDomain::Running Make include in ps7_cortexa9_0/libsrc/standalone_v8_1/src

TRACE::2026-09-30.14:05:44::SCWBDomain::make -C ps7_cortexa9_0/libsrc/standalone_v8_1/src -s include  "SHELL=/bin/sh" "COMPILER=arm-none-eabi-gcc" "ASSEMBLER=arm-none-
TRACE::2026-09-30.14:05:44::SCWBDomain::eabi-as" "ARCHIVER=arm-none-eabi-ar" "COMPILER_FLAGS=  -O2 -c" "EXTRA_COMPILER_FLAGS=-mcpu=cortex-a9 -mfpu=vfpv3 -mfloat-abi=ha
TRACE::2026-09-30.14:05:44::SCWBDomain::rd -nostartfiles -g -Wall -Wextra -fno-tree-loop-distribute-patterns"

TRACE::2026-09-30.14:05:44::SCWBDomain::Running Make include in ps7_cortexa9_0/libsrc/uartps_v3_12/src

TRACE::2026-09-30.14:05:44::SCWBDomain::make -C ps7_cortexa9_0/libsrc/uartps_v3_12/src -s include  "SHELL=/bin/sh" "COMPILER=arm-none-eabi-gcc" "ASSEMBLER=arm-none-eab
TRACE::2026-09-30.14:05:44::SCWBDomain::i-as" "ARCHIVER=arm-none-eabi-ar" "COMPILER_FLAGS=  -O2 -c" "EXTRA_COMPILER_FLAGS=-mcpu=cortex-a9 -mfpu=vfpv3 -mfloat-abi=hard 
TRACE::2026-09-30.14:05:44::SCWBDomain::-nostartfiles -g -Wall -Wextra -fno-tree-loop-distribute-patterns"

TRACE::2026-09-30.14:05:44::SCWBDomain::Running Make include in ps7_cortexa9_0/libsrc/usbps_v2_7/src

TRACE::2026-09-30.14:05:44::SCWBDomain::make -C ps7_cortexa9_0/libsrc/usbps_v2_7/src -s include  "SHELL=/bin/sh" "COMPILER=arm-none-eabi-gcc" "ASSEMBLER=arm-none-eabi-
TRACE::2026-09-30.14:05:44::SCWBDomain::as" "ARCHIVER=arm-none-eabi-ar" "COMPILER_FLAGS=  -O2 -c" "EXTRA_COMPILER_FLAGS=-mcpu=cortex-a9 -mfpu=vfpv3 -mfloat-abi=hard -n
TRACE::2026-09-30.14:05:44::SCWBDomain::ostartfiles -g -Wall -Wextra -fno-tree-loop-distribute-patterns"

TRACE::2026-09-30.14:05:44::SCWBDomain::Running Make include in ps7_cortexa9_0/libsrc/xadcps_v2_6/src

TRACE::2026-09-30.14:05:44::SCWBDomain::make -C ps7_cortexa9_0/libsrc/xadcps_v2_6/src -s include  "SHELL=/bin/sh" "COMPILER=arm-none-eabi-gcc" "ASSEMBLER=arm-none-eabi
TRACE::2026-09-30.14:05:44::SCWBDomain::-as" "ARCHIVER=arm-none-eabi-ar" "COMPILER_FLAGS=  -O2 -c" "EXTRA_COMPILER_FLAGS=-mcpu=cortex-a9 -mfpu=vfpv3 -mfloat-abi=hard -
TRACE::2026-09-30.14:05:44::SCWBDomain::nostartfiles -g -Wall -Wextra -fno-tree-loop-distribute-patterns"

TRACE::2026-09-30.14:05:44::SCWBDomain::Running Make include in ps7_cortexa9_0/libsrc/xilffs_v5_0/src

TRACE::2026-09-30.14:05:44::SCWBDomain::make -C ps7_cortexa9_0/libsrc/xilffs_v5_0/src -s include  "SHELL=/bin/sh" "COMPILER=arm-none-eabi-gcc" "ASSEMBLER=arm-none-eabi
TRACE::2026-09-30.14:05:44::SCWBDomain::-as" "ARCHIVER=arm-none-eabi-ar" "COMPILER_FLAGS=  -O2 -c" "EXTRA_COMPILER_FLAGS=-mcpu=cortex-a9 -mfpu=vfpv3 -mfloat-abi=hard -
TRACE::2026-09-30.14:05:44::SCWBDomain::nostartfiles -g -Wall -Wextra -fno-tree-loop-distribute-patterns"

TRACE::2026-09-30.14:05:45::SCWBDomain::Running Make include in ps7_cortexa9_0/libsrc/xilrsa_v1_6/src

TRACE::2026-09-30.14:05:45::SCWBDomain::make -C ps7_cortexa9_0/libsrc/xilrsa_v1_6/src -s include  "SHELL=/bin/sh" "COMPILER=arm-none-eabi-gcc" "ASSEMBLER=arm-none-eabi
TRACE::2026-09-30.14:05:45::SCWBDomain::-as" "ARCHIVER=arm-none-eabi-ar" "COMPILER_FLAGS=  -O2 -c" "EXTRA_COMPILER_FLAGS=-mcpu=cortex-a9 -mfpu=vfpv3 -mfloat-abi=hard -
TRACE::2026-09-30.14:05:45::SCWBDomain::nostartfiles -g -Wall -Wextra -fno-tree-loop-distribute-patterns"

TRACE::2026-09-30.14:05:45::SCWBDomain::Running Make libs in ps7_cortexa9_0/libsrc/xilrsa_v1_6/src

TRACE::2026-09-30.14:05:45::SCWBDomain::make -C ps7_cortexa9_0/libsrc/xilrsa_v1_6/src -s libs  "SHELL=/bin/sh" "COMPILER=arm-none-eabi-gcc" "ASSEMBLER=arm-none-eabi-as
TRACE::2026-09-30.14:05:45::SCWBDomain::" "ARCHIVER=arm-none-eabi-ar" "COMPILER_FLAGS=  -O2 -c" "EXTRA_COMPILER_FLAGS=-mcpu=cortex-a9 -mfpu=vfpv3 -mfloat-abi=hard -nos
TRACE::2026-09-30.14:05:45::SCWBDomain::tartfiles -g -Wall -Wextra -fno-tree-loop-distribute-patterns"

TRACE::2026-09-30.14:05:45::SCWBDomain::Finished building libraries sequentially.

TRACE::2026-09-30.14:05:45::SCWBDomain::make -j 10 --no-print-directory par_libs

TRACE::2026-09-30.14:05:45::SCWBDomain::Running Make include in ps7_cortexa9_0/libsrc/axidma_v9_16/src

TRACE::2026-09-30.14:05:45::SCWBDomain::make -C ps7_cortexa9_0/libsrc/axidma_v9_16/src -s include  "SHELL=/bin/sh" "COMPILER=arm-none-eabi-gcc" "ASSEMBLER=arm-none-eab
TRACE::2026-09-30.14:05:45::SCWBDomain::i-as" "ARCHIVER=arm-none-eabi-ar" "COMPILER_FLAGS=  -O2 -c" "EXTRA_COMPILER_FLAGS=-mcpu=cortex-a9 -mfpu=vfpv3 -mfloat-abi=hard 
TRACE::2026-09-30.14:05:45::SCWBDomain::-nostartfiles -g -Wall -Wextra -fno-tree-loop-distribute-patterns"

TRACE::2026-09-30.14:05:45::SCWBDomain::Running Make include in ps7_cortexa9_0/libsrc/coresightps_dcc_v1_8/src

TRACE::2026-09-30.14:05:45::SCWBDomain::make -C ps7_cortexa9_0/libsrc/coresightps_dcc_v1_8/src -s include  "SHELL=/bin/sh" "COMPILER=arm-none-eabi-gcc" "ASSEMBLER=arm-
TRACE::2026-09-30.14:05:45::SCWBDomain::none-eabi-as" "ARCHIVER=arm-none-eabi-ar" "COMPILER_FLAGS=  -O2 -c" "EXTRA_COMPILER_FLAGS=-mcpu=cortex-a9 -mfpu=vfpv3 -mfloat-a
TRACE::2026-09-30.14:05:45::SCWBDomain::bi=hard -nostartfiles -g -Wall -Wextra -fno-tree-loop-distribute-patterns"

TRACE::2026-09-30.14:05:45::SCWBDomain::Running Make include in ps7_cortexa9_0/libsrc/cpu_cortexa9_v2_11/src

TRACE::2026-09-30.14:05:45::SCWBDomain::Running Make include in ps7_cortexa9_0/libsrc/ddrps_v1_2/src

TRACE::2026-09-30.14:05:45::SCWBDomain::make -C ps7_cortexa9_0/libsrc/cpu_cortexa9_v2_11/src -s include  "SHELL=/bin/sh" "COMPILER=arm-none-eabi-gcc" "ASSEMBLER=arm-no
TRACE::2026-09-30.14:05:45::SCWBDomain::ne-eabi-as" "ARCHIVER=arm-none-eabi-ar" "COMPILER_FLAGS=  -O2 -c" "EXTRA_COMPILER_FLAGS=-mcpu=cortex-a9 -mfpu=vfpv3 -mfloat-abi
TRACE::2026-09-30.14:05:45::SCWBDomain::=hard -nostartfiles -g -Wall -Wextra -fno-tree-loop-distribute-patterns"

TRACE::2026-09-30.14:05:45::SCWBDomain::Running Make include in ps7_cortexa9_0/libsrc/devcfg_v3_7/src

TRACE::2026-09-30.14:05:45::SCWBDomain::make -C ps7_cortexa9_0/libsrc/ddrps_v1_2/src -s include  "SHELL=/bin/sh" "COMPILER=arm-none-eabi-gcc" "ASSEMBLER=arm-none-eabi-
TRACE::2026-09-30.14:05:45::SCWBDomain::as" "ARCHIVER=arm-none-eabi-ar" "COMPILER_FLAGS=  -O2 -c" "EXTRA_COMPILER_FLAGS=-mcpu=cortex-a9 -mfpu=vfpv3 -mfloat-abi=hard -n
TRACE::2026-09-30.14:05:45::SCWBDomain::ostartfiles -g -Wall -Wextra -fno-tree-loop-distribute-patterns"

TRACE::2026-09-30.14:05:45::SCWBDomain::make -C ps7_cortexa9_0/libsrc/devcfg_v3_7/src -s include  "SHELL=/bin/sh" "COMPILER=arm-none-eabi-gcc" "ASSEMBLER=arm-none-eabi
TRACE::2026-09-30.14:05:45::SCWBDomain::-as" "ARCHIVER=arm-none-eabi-ar" "COMPILER_FLAGS=  -O2 -c" "EXTRA_COMPILER_FLAGS=-mcpu=cortex-a9 -mfpu=vfpv3 -mfloat-abi=hard -
TRACE::2026-09-30.14:05:45::SCWBDomain::nostartfiles -g -Wall -Wextra -fno-tree-loop-distribute-patterns"

TRACE::2026-09-30.14:05:45::SCWBDomain::Running Make include in ps7_cortexa9_0/libsrc/dmaps_v2_8/src

TRACE::2026-09-30.14:05:45::SCWBDomain::make -C ps7_cortexa9_0/libsrc/dmaps_v2_8/src -s include  "SHELL=/bin/sh" "COMPILER=arm-none-eabi-gcc" "ASSEMBLER=arm-none-eabi-
TRACE::2026-09-30.14:05:45::SCWBDomain::as" "ARCHIVER=arm-none-eabi-ar" "COMPILER_FLAGS=  -O2 -c" "EXTRA_COMPILER_FLAGS=-mcpu=cortex-a9 -mfpu=vfpv3 -mfloat-abi=hard -n
TRACE::2026-09-30.14:05:45::SCWBDomain::ostartfiles -g -Wall -Wextra -fno-tree-loop-distribute-patterns"

TRACE::2026-09-30.14:05:45::SCWBDomain::Running Make include in ps7_cortexa9_0/libsrc/emacps_v3_18/src

TRACE::2026-09-30.14:05:45::SCWBDomain::make -C ps7_cortexa9_0/libsrc/emacps_v3_18/src -s include  "SHELL=/bin/sh" "COMPILER=arm-none-eabi-gcc" "ASSEMBLER=arm-none-eab
TRACE::2026-09-30.14:05:45::SCWBDomain::i-as" "ARCHIVER=arm-none-eabi-ar" "COMPILER_FLAGS=  -O2 -c" "EXTRA_COMPILER_FLAGS=-mcpu=cortex-a9 -mfpu=vfpv3 -mfloat-abi=hard 
TRACE::2026-09-30.14:05:45::SCWBDomain::-nostartfiles -g -Wall -Wextra -fno-tree-loop-distribute-patterns"

TRACE::2026-09-30.14:05:45::SCWBDomain::Running Make include in ps7_cortexa9_0/libsrc/gpiops_v3_11/src

TRACE::2026-09-30.14:05:45::SCWBDomain::make -C ps7_cortexa9_0/libsrc/gpiops_v3_11/src -s include  "SHELL=/bin/sh" "COMPILER=arm-none-eabi-gcc" "ASSEMBLER=arm-none-eab
TRACE::2026-09-30.14:05:45::SCWBDomain::i-as" "ARCHIVER=arm-none-eabi-ar" "COMPILER_FLAGS=  -O2 -c" "EXTRA_COMPILER_FLAGS=-mcpu=cortex-a9 -mfpu=vfpv3 -mfloat-abi=hard 
TRACE::2026-09-30.14:05:45::SCWBDomain::-nostartfiles -g -Wall -Wextra -fno-tree-loop-distribute-patterns"

TRACE::2026-09-30.14:05:45::SCWBDomain::Running Make include in ps7_cortexa9_0/libsrc/qspips_v3_10/src

TRACE::2026-09-30.14:05:45::SCWBDomain::Running Make include in ps7_cortexa9_0/libsrc/scugic_v5_1/src

TRACE::2026-09-30.14:05:45::SCWBDomain::make -C ps7_cortexa9_0/libsrc/qspips_v3_10/src -s include  "SHELL=/bin/sh" "COMPILER=arm-none-eabi-gcc" "ASSEMBLER=arm-none-eab
TRACE::2026-09-30.14:05:45::SCWBDomain::i-as" "ARCHIVER=arm-none-eabi-ar" "COMPILER_FLAGS=  -O2 -c" "EXTRA_COMPILER_FLAGS=-mcpu=cortex-a9 -mfpu=vfpv3 -mfloat-abi=hard 
TRACE::2026-09-30.14:05:45::SCWBDomain::-nostartfiles -g -Wall -Wextra -fno-tree-loop-distribute-patterns"

TRACE::2026-09-30.14:05:45::SCWBDomain::make -C ps7_cortexa9_0/libsrc/scugic_v5_1/src -s include  "SHELL=/bin/sh" "COMPILER=arm-none-eabi-gcc" "ASSEMBLER=arm-none-eabi
TRACE::2026-09-30.14:05:45::SCWBDomain::-as" "ARCHIVER=arm-none-eabi-ar" "COMPILER_FLAGS=  -O2 -c" "EXTRA_COMPILER_FLAGS=-mcpu=cortex-a9 -mfpu=vfpv3 -mfloat-abi=hard -
TRACE::2026-09-30.14:05:45::SCWBDomain::nostartfiles -g -Wall -Wextra -fno-tree-loop-distribute-patterns"

TRACE::2026-09-30.14:05:45::SCWBDomain::Running Make include in ps7_cortexa9_0/libsrc/scutimer_v2_4/src

TRACE::2026-09-30.14:05:45::SCWBDomain::Running Make include in ps7_cortexa9_0/libsrc/scuwdt_v2_4/src

TRACE::2026-09-30.14:05:45::SCWBDomain::make -C ps7_cortexa9_0/libsrc/scutimer_v2_4/src -s include  "SHELL=/bin/sh" "COMPILER=arm-none-eabi-gcc" "ASSEMBLER=arm-none-ea
TRACE::2026-09-30.14:05:45::SCWBDomain::bi-as" "ARCHIVER=arm-none-eabi-ar" "COMPILER_FLAGS=  -O2 -c" "EXTRA_COMPILER_FLAGS=-mcpu=cortex-a9 -mfpu=vfpv3 -mfloat-abi=hard
TRACE::2026-09-30.14:05:45::SCWBDomain:: -nostartfiles -g -Wall -Wextra -fno-tree-loop-distribute-patterns"

TRACE::2026-09-30.14:05:45::SCWBDomain::make -C ps7_cortexa9_0/libsrc/scuwdt_v2_4/src -s include  "SHELL=/bin/sh" "COMPILER=arm-none-eabi-gcc" "ASSEMBLER=arm-none-eabi
TRACE::2026-09-30.14:05:45::SCWBDomain::-as" "ARCHIVER=arm-none-eabi-ar" "COMPILER_FLAGS=  -O2 -c" "EXTRA_COMPILER_FLAGS=-mcpu=cortex-a9 -mfpu=vfpv3 -mfloat-abi=hard -
TRACE::2026-09-30.14:05:45::SCWBDomain::nostartfiles -g -Wall -Wextra -fno-tree-loop-distribute-patterns"

TRACE::2026-09-30.14:05:45::SCWBDomain::Running Make include in ps7_cortexa9_0/libsrc/sdps_v4_1/src

TRACE::2026-09-30.14:05:45::SCWBDomain::make -C ps7_cortexa9_0/libsrc/sdps_v4_1/src -s include  "SHELL=/bin/sh" "COMPILER=arm-none-eabi-gcc" "ASSEMBLER=arm-none-eabi-a
TRACE::2026-09-30.14:05:45::SCWBDomain::s" "ARCHIVER=arm-none-eabi-ar" "COMPILER_FLAGS=  -O2 -c" "EXTRA_COMPILER_FLAGS=-mcpu=cortex-a9 -mfpu=vfpv3 -mfloat-abi=hard -no
TRACE::2026-09-30.14:05:45::SCWBDomain::startfiles -g -Wall -Wextra -fno-tree-loop-distribute-patterns"

TRACE::2026-09-30.14:05:45::SCWBDomain::Running Make include in ps7_cortexa9_0/libsrc/standalone_v8_1/src

TRACE::2026-09-30.14:05:45::SCWBDomain::make -C ps7_cortexa9_0/libsrc/standalone_v8_1/src -s include  "SHELL=/bin/sh" "COMPILER=arm-none-eabi-gcc" "ASSEMBLER=arm-none-
TRACE::2026-09-30.14:05:45::SCWBDomain::eabi-as" "ARCHIVER=arm-none-eabi-ar" "COMPILER_FLAGS=  -O2 -c" "EXTRA_COMPILER_FLAGS=-mcpu=cortex-a9 -mfpu=vfpv3 -mfloat-abi=ha
TRACE::2026-09-30.14:05:45::SCWBDomain::rd -nostartfiles -g -Wall -Wextra -fno-tree-loop-distribute-patterns"

TRACE::2026-09-30.14:05:45::SCWBDomain::Running Make include in ps7_cortexa9_0/libsrc/uartps_v3_12/src

TRACE::2026-09-30.14:05:45::SCWBDomain::make -C ps7_cortexa9_0/libsrc/uartps_v3_12/src -s include  "SHELL=/bin/sh" "COMPILER=arm-none-eabi-gcc" "ASSEMBLER=arm-none-eab
TRACE::2026-09-30.14:05:45::SCWBDomain::i-as" "ARCHIVER=arm-none-eabi-ar" "COMPILER_FLAGS=  -O2 -c" "EXTRA_COMPILER_FLAGS=-mcpu=cortex-a9 -mfpu=vfpv3 -mfloat-abi=hard 
TRACE::2026-09-30.14:05:45::SCWBDomain::-nostartfiles -g -Wall -Wextra -fno-tree-loop-distribute-patterns"

TRACE::2026-09-30.14:05:45::SCWBDomain::Running Make include in ps7_cortexa9_0/libsrc/usbps_v2_7/src

TRACE::2026-09-30.14:05:45::SCWBDomain::Running Make include in ps7_cortexa9_0/libsrc/xadcps_v2_6/src

TRACE::2026-09-30.14:05:45::SCWBDomain::Running Make include in ps7_cortexa9_0/libsrc/xilffs_v5_0/src

TRACE::2026-09-30.14:05:45::SCWBDomain::Running Make include in ps7_cortexa9_0/libsrc/xilrsa_v1_6/src

TRACE::2026-09-30.14:05:45::SCWBDomain::make -C ps7_cortexa9_0/libsrc/usbps_v2_7/src -s include  "SHELL=/bin/sh" "COMPILER=arm-none-eabi-gcc" "ASSEMBLER=arm-none-eabi-
TRACE::2026-09-30.14:05:45::SCWBDomain::as" "ARCHIVER=arm-none-eabi-ar" "COMPILER_FLAGS=  -O2 -c" "EXTRA_COMPILER_FLAGS=-mcpu=cortex-a9 -mfpu=vfpv3 -mfloat-abi=hard -n
TRACE::2026-09-30.14:05:45::SCWBDomain::ostartfiles -g -Wall -Wextra -fno-tree-loop-distribute-patterns"

TRACE::2026-09-30.14:05:45::SCWBDomain::make -C ps7_cortexa9_0/libsrc/xadcps_v2_6/src -s include  "SHELL=/bin/sh" "COMPILER=arm-none-eabi-gcc" "ASSEMBLER=arm-none-eabi
TRACE::2026-09-30.14:05:45::SCWBDomain::-as" "ARCHIVER=arm-none-eabi-ar" "COMPILER_FLAGS=  -O2 -c" "EXTRA_COMPILER_FLAGS=-mcpu=cortex-a9 -mfpu=vfpv3 -mfloat-abi=hard -
TRACE::2026-09-30.14:05:45::SCWBDomain::nostartfiles -g -Wall -Wextra -fno-tree-loop-distribute-patterns"

TRACE::2026-09-30.14:05:45::SCWBDomain::make -C ps7_cortexa9_0/libsrc/xilffs_v5_0/src -s include  "SHELL=/bin/sh" "COMPILER=arm-none-eabi-gcc" "ASSEMBLER=arm-none-eabi
TRACE::2026-09-30.14:05:45::SCWBDomain::-as" "ARCHIVER=arm-none-eabi-ar" "COMPILER_FLAGS=  -O2 -c" "EXTRA_COMPILER_FLAGS=-mcpu=cortex-a9 -mfpu=vfpv3 -mfloat-abi=hard -
TRACE::2026-09-30.14:05:45::SCWBDomain::nostartfiles -g -Wall -Wextra -fno-tree-loop-distribute-patterns"

TRACE::2026-09-30.14:05:45::SCWBDomain::make -C ps7_cortexa9_0/libsrc/xilrsa_v1_6/src -s include  "SHELL=/bin/sh" "COMPILER=arm-none-eabi-gcc" "ASSEMBLER=arm-none-eabi
TRACE::2026-09-30.14:05:45::SCWBDomain::-as" "ARCHIVER=arm-none-eabi-ar" "COMPILER_FLAGS=  -O2 -c" "EXTRA_COMPILER_FLAGS=-mcpu=cortex-a9 -mfpu=vfpv3 -mfloat-abi=hard -
TRACE::2026-09-30.14:05:45::SCWBDomain::nostartfiles -g -Wall -Wextra -fno-tree-loop-distribute-patterns"

TRACE::2026-09-30.14:05:45::SCWBDomain::Running Make libs in ps7_cortexa9_0/libsrc/axidma_v9_16/src

TRACE::2026-09-30.14:05:45::SCWBDomain::Running Make libs in ps7_cortexa9_0/libsrc/coresightps_dcc_v1_8/src

TRACE::2026-09-30.14:05:45::SCWBDomain::make -C ps7_cortexa9_0/libsrc/axidma_v9_16/src -s libs  "SHELL=/bin/sh" "COMPILER=arm-none-eabi-gcc" "ASSEMBLER=arm-none-eabi-a
TRACE::2026-09-30.14:05:45::SCWBDomain::s" "ARCHIVER=arm-none-eabi-ar" "COMPILER_FLAGS=  -O2 -c" "EXTRA_COMPILER_FLAGS=-mcpu=cortex-a9 -mfpu=vfpv3 -mfloat-abi=hard -no
TRACE::2026-09-30.14:05:45::SCWBDomain::startfiles -g -Wall -Wextra -fno-tree-loop-distribute-patterns"

TRACE::2026-09-30.14:05:45::SCWBDomain::make -C ps7_cortexa9_0/libsrc/coresightps_dcc_v1_8/src -s libs  "SHELL=/bin/sh" "COMPILER=arm-none-eabi-gcc" "ASSEMBLER=arm-non
TRACE::2026-09-30.14:05:45::SCWBDomain::e-eabi-as" "ARCHIVER=arm-none-eabi-ar" "COMPILER_FLAGS=  -O2 -c" "EXTRA_COMPILER_FLAGS=-mcpu=cortex-a9 -mfpu=vfpv3 -mfloat-abi=
TRACE::2026-09-30.14:05:45::SCWBDomain::hard -nostartfiles -g -Wall -Wextra -fno-tree-loop-distribute-patterns"

TRACE::2026-09-30.14:05:45::SCWBDomain::Running Make libs in ps7_cortexa9_0/libsrc/cpu_cortexa9_v2_11/src

TRACE::2026-09-30.14:05:45::SCWBDomain::Running Make libs in ps7_cortexa9_0/libsrc/ddrps_v1_2/src

TRACE::2026-09-30.14:05:45::SCWBDomain::make -C ps7_cortexa9_0/libsrc/cpu_cortexa9_v2_11/src -s libs  "SHELL=/bin/sh" "COMPILER=arm-none-eabi-gcc" "ASSEMBLER=arm-none-
TRACE::2026-09-30.14:05:45::SCWBDomain::eabi-as" "ARCHIVER=arm-none-eabi-ar" "COMPILER_FLAGS=  -O2 -c" "EXTRA_COMPILER_FLAGS=-mcpu=cortex-a9 -mfpu=vfpv3 -mfloat-abi=ha
TRACE::2026-09-30.14:05:45::SCWBDomain::rd -nostartfiles -g -Wall -Wextra -fno-tree-loop-distribute-patterns"

TRACE::2026-09-30.14:05:45::SCWBDomain::make -C ps7_cortexa9_0/libsrc/ddrps_v1_2/src -s libs  "SHELL=/bin/sh" "COMPILER=arm-none-eabi-gcc" "ASSEMBLER=arm-none-eabi-as"
TRACE::2026-09-30.14:05:45::SCWBDomain:: "ARCHIVER=arm-none-eabi-ar" "COMPILER_FLAGS=  -O2 -c" "EXTRA_COMPILER_FLAGS=-mcpu=cortex-a9 -mfpu=vfpv3 -mfloat-abi=hard -nost
TRACE::2026-09-30.14:05:45::SCWBDomain::artfiles -g -Wall -Wextra -fno-tree-loop-distribute-patterns"

TRACE::2026-09-30.14:05:45::SCWBDomain::Running Make libs in ps7_cortexa9_0/libsrc/devcfg_v3_7/src

TRACE::2026-09-30.14:05:45::SCWBDomain::make -C ps7_cortexa9_0/libsrc/devcfg_v3_7/src -s libs  "SHELL=/bin/sh" "COMPILER=arm-none-eabi-gcc" "ASSEMBLER=arm-none-eabi-as
TRACE::2026-09-30.14:05:45::SCWBDomain::" "ARCHIVER=arm-none-eabi-ar" "COMPILER_FLAGS=  -O2 -c" "EXTRA_COMPILER_FLAGS=-mcpu=cortex-a9 -mfpu=vfpv3 -mfloat-abi=hard -nos
TRACE::2026-09-30.14:05:45::SCWBDomain::tartfiles -g -Wall -Wextra -fno-tree-loop-distribute-patterns"

TRACE::2026-09-30.14:05:45::SCWBDomain::Running Make libs in ps7_cortexa9_0/libsrc/dmaps_v2_8/src

TRACE::2026-09-30.14:05:45::SCWBDomain::make -C ps7_cortexa9_0/libsrc/dmaps_v2_8/src -s libs  "SHELL=/bin/sh" "COMPILER=arm-none-eabi-gcc" "ASSEMBLER=arm-none-eabi-as"
TRACE::2026-09-30.14:05:45::SCWBDomain:: "ARCHIVER=arm-none-eabi-ar" "COMPILER_FLAGS=  -O2 -c" "EXTRA_COMPILER_FLAGS=-mcpu=cortex-a9 -mfpu=vfpv3 -mfloat-abi=hard -nost
TRACE::2026-09-30.14:05:45::SCWBDomain::artfiles -g -Wall -Wextra -fno-tree-loop-distribute-patterns"

TRACE::2026-09-30.14:05:45::SCWBDomain::Running Make libs in ps7_cortexa9_0/libsrc/emacps_v3_18/src

TRACE::2026-09-30.14:05:45::SCWBDomain::make -C ps7_cortexa9_0/libsrc/emacps_v3_18/src -s libs  "SHELL=/bin/sh" "COMPILER=arm-none-eabi-gcc" "ASSEMBLER=arm-none-eabi-a
TRACE::2026-09-30.14:05:45::SCWBDomain::s" "ARCHIVER=arm-none-eabi-ar" "COMPILER_FLAGS=  -O2 -c" "EXTRA_COMPILER_FLAGS=-mcpu=cortex-a9 -mfpu=vfpv3 -mfloat-abi=hard -no
TRACE::2026-09-30.14:05:45::SCWBDomain::startfiles -g -Wall -Wextra -fno-tree-loop-distribute-patterns"

TRACE::2026-09-30.14:05:45::SCWBDomain::Running Make libs in ps7_cortexa9_0/libsrc/gpiops_v3_11/src

TRACE::2026-09-30.14:05:45::SCWBDomain::make -C ps7_cortexa9_0/libsrc/gpiops_v3_11/src -s libs  "SHELL=/bin/sh" "COMPILER=arm-none-eabi-gcc" "ASSEMBLER=arm-none-eabi-a
TRACE::2026-09-30.14:05:45::SCWBDomain::s" "ARCHIVER=arm-none-eabi-ar" "COMPILER_FLAGS=  -O2 -c" "EXTRA_COMPILER_FLAGS=-mcpu=cortex-a9 -mfpu=vfpv3 -mfloat-abi=hard -no
TRACE::2026-09-30.14:05:45::SCWBDomain::startfiles -g -Wall -Wextra -fno-tree-loop-distribute-patterns"

TRACE::2026-09-30.14:05:45::SCWBDomain::Running Make libs in ps7_cortexa9_0/libsrc/qspips_v3_10/src

TRACE::2026-09-30.14:05:45::SCWBDomain::make -C ps7_cortexa9_0/libsrc/qspips_v3_10/src -s libs  "SHELL=/bin/sh" "COMPILER=arm-none-eabi-gcc" "ASSEMBLER=arm-none-eabi-a
TRACE::2026-09-30.14:05:45::SCWBDomain::s" "ARCHIVER=arm-none-eabi-ar" "COMPILER_FLAGS=  -O2 -c" "EXTRA_COMPILER_FLAGS=-mcpu=cortex-a9 -mfpu=vfpv3 -mfloat-abi=hard -no
TRACE::2026-09-30.14:05:45::SCWBDomain::startfiles -g -Wall -Wextra -fno-tree-loop-distribute-patterns"

TRACE::2026-09-30.14:05:45::SCWBDomain::Running Make libs in ps7_cortexa9_0/libsrc/scugic_v5_1/src

TRACE::2026-09-30.14:05:45::SCWBDomain::make -C ps7_cortexa9_0/libsrc/scugic_v5_1/src -s libs  "SHELL=/bin/sh" "COMPILER=arm-none-eabi-gcc" "ASSEMBLER=arm-none-eabi-as
TRACE::2026-09-30.14:05:45::SCWBDomain::" "ARCHIVER=arm-none-eabi-ar" "COMPILER_FLAGS=  -O2 -c" "EXTRA_COMPILER_FLAGS=-mcpu=cortex-a9 -mfpu=vfpv3 -mfloat-abi=hard -nos
TRACE::2026-09-30.14:05:45::SCWBDomain::tartfiles -g -Wall -Wextra -fno-tree-loop-distribute-patterns"

TRACE::2026-09-30.14:05:45::SCWBDomain::Running Make libs in ps7_cortexa9_0/libsrc/scutimer_v2_4/src

TRACE::2026-09-30.14:05:45::SCWBDomain::make -C ps7_cortexa9_0/libsrc/scutimer_v2_4/src -s libs  "SHELL=/bin/sh" "COMPILER=arm-none-eabi-gcc" "ASSEMBLER=arm-none-eabi-
TRACE::2026-09-30.14:05:45::SCWBDomain::as" "ARCHIVER=arm-none-eabi-ar" "COMPILER_FLAGS=  -O2 -c" "EXTRA_COMPILER_FLAGS=-mcpu=cortex-a9 -mfpu=vfpv3 -mfloat-abi=hard -n
TRACE::2026-09-30.14:05:45::SCWBDomain::ostartfiles -g -Wall -Wextra -fno-tree-loop-distribute-patterns"

TRACE::2026-09-30.14:05:45::SCWBDomain::Running Make libs in ps7_cortexa9_0/libsrc/scuwdt_v2_4/src

TRACE::2026-09-30.14:05:45::SCWBDomain::make -C ps7_cortexa9_0/libsrc/scuwdt_v2_4/src -s libs  "SHELL=/bin/sh" "COMPILER=arm-none-eabi-gcc" "ASSEMBLER=arm-none-eabi-as
TRACE::2026-09-30.14:05:45::SCWBDomain::" "ARCHIVER=arm-none-eabi-ar" "COMPILER_FLAGS=  -O2 -c" "EXTRA_COMPILER_FLAGS=-mcpu=cortex-a9 -mfpu=vfpv3 -mfloat-abi=hard -nos
TRACE::2026-09-30.14:05:45::SCWBDomain::tartfiles -g -Wall -Wextra -fno-tree-loop-distribute-patterns"

TRACE::2026-09-30.14:05:45::SCWBDomain::Running Make libs in ps7_cortexa9_0/libsrc/sdps_v4_1/src

TRACE::2026-09-30.14:05:45::SCWBDomain::make -C ps7_cortexa9_0/libsrc/sdps_v4_1/src -s libs  "SHELL=/bin/sh" "COMPILER=arm-none-eabi-gcc" "ASSEMBLER=arm-none-eabi-as" 
TRACE::2026-09-30.14:05:45::SCWBDomain::"ARCHIVER=arm-none-eabi-ar" "COMPILER_FLAGS=  -O2 -c" "EXTRA_COMPILER_FLAGS=-mcpu=cortex-a9 -mfpu=vfpv3 -mfloat-abi=hard -nosta
TRACE::2026-09-30.14:05:45::SCWBDomain::rtfiles -g -Wall -Wextra -fno-tree-loop-distribute-patterns"

TRACE::2026-09-30.14:05:45::SCWBDomain::Running Make libs in ps7_cortexa9_0/libsrc/standalone_v8_1/src

TRACE::2026-09-30.14:05:45::SCWBDomain::make -C ps7_cortexa9_0/libsrc/standalone_v8_1/src -s libs  "SHELL=/bin/sh" "COMPILER=arm-none-eabi-gcc" "ASSEMBLER=arm-none-eab
TRACE::2026-09-30.14:05:45::SCWBDomain::i-as" "ARCHIVER=arm-none-eabi-ar" "COMPILER_FLAGS=  -O2 -c" "EXTRA_COMPILER_FLAGS=-mcpu=cortex-a9 -mfpu=vfpv3 -mfloat-abi=hard 
TRACE::2026-09-30.14:05:45::SCWBDomain::-nostartfiles -g -Wall -Wextra -fno-tree-loop-distribute-patterns"

TRACE::2026-09-30.14:05:45::SCWBDomain::Running Make libs in ps7_cortexa9_0/libsrc/uartps_v3_12/src

TRACE::2026-09-30.14:05:45::SCWBDomain::make -C ps7_cortexa9_0/libsrc/uartps_v3_12/src -s libs  "SHELL=/bin/sh" "COMPILER=arm-none-eabi-gcc" "ASSEMBLER=arm-none-eabi-a
TRACE::2026-09-30.14:05:45::SCWBDomain::s" "ARCHIVER=arm-none-eabi-ar" "COMPILER_FLAGS=  -O2 -c" "EXTRA_COMPILER_FLAGS=-mcpu=cortex-a9 -mfpu=vfpv3 -mfloat-abi=hard -no
TRACE::2026-09-30.14:05:45::SCWBDomain::startfiles -g -Wall -Wextra -fno-tree-loop-distribute-patterns"

TRACE::2026-09-30.14:05:45::SCWBDomain::Running Make libs in ps7_cortexa9_0/libsrc/usbps_v2_7/src

TRACE::2026-09-30.14:05:45::SCWBDomain::make -C ps7_cortexa9_0/libsrc/usbps_v2_7/src -s libs  "SHELL=/bin/sh" "COMPILER=arm-none-eabi-gcc" "ASSEMBLER=arm-none-eabi-as"
TRACE::2026-09-30.14:05:45::SCWBDomain:: "ARCHIVER=arm-none-eabi-ar" "COMPILER_FLAGS=  -O2 -c" "EXTRA_COMPILER_FLAGS=-mcpu=cortex-a9 -mfpu=vfpv3 -mfloat-abi=hard -nost
TRACE::2026-09-30.14:05:45::SCWBDomain::artfiles -g -Wall -Wextra -fno-tree-loop-distribute-patterns"

TRACE::2026-09-30.14:05:46::SCWBDomain::Running Make libs in ps7_cortexa9_0/libsrc/xadcps_v2_6/src

TRACE::2026-09-30.14:05:46::SCWBDomain::make -C ps7_cortexa9_0/libsrc/xadcps_v2_6/src -s libs  "SHELL=/bin/sh" "COMPILER=arm-none-eabi-gcc" "ASSEMBLER=arm-none-eabi-as
TRACE::2026-09-30.14:05:46::SCWBDomain::" "ARCHIVER=arm-none-eabi-ar" "COMPILER_FLAGS=  -O2 -c" "EXTRA_COMPILER_FLAGS=-mcpu=cortex-a9 -mfpu=vfpv3 -mfloat-abi=hard -nos
TRACE::2026-09-30.14:05:46::SCWBDomain::tartfiles -g -Wall -Wextra -fno-tree-loop-distribute-patterns"

TRACE::2026-09-30.14:05:46::SCWBDomain::Running Make libs in ps7_cortexa9_0/libsrc/xilffs_v5_0/src

TRACE::2026-09-30.14:05:46::SCWBDomain::make -C ps7_cortexa9_0/libsrc/xilffs_v5_0/src -s libs  "SHELL=/bin/sh" "COMPILER=arm-none-eabi-gcc" "ASSEMBLER=arm-none-eabi-as
TRACE::2026-09-30.14:05:46::SCWBDomain::" "ARCHIVER=arm-none-eabi-ar" "COMPILER_FLAGS=  -O2 -c" "EXTRA_COMPILER_FLAGS=-mcpu=cortex-a9 -mfpu=vfpv3 -mfloat-abi=hard -nos
TRACE::2026-09-30.14:05:46::SCWBDomain::tartfiles -g -Wall -Wextra -fno-tree-loop-distribute-patterns"

TRACE::2026-09-30.14:05:50::SCWBDomain::Finished building libraries parallelly.

TRACE::2026-09-30.14:05:50::SCWBDomain::make --no-print-directory archive

TRACE::2026-09-30.14:05:50::SCWBDomain::arm-none-eabi-ar -r  ps7_cortexa9_0/lib/libxil.a ps7_cortexa9_0/lib/_exit.o ps7_cortexa9_0/lib/_open.o ps7_cortexa9_0/lib/_sbrk
TRACE::2026-09-30.14:05:50::SCWBDomain::.o ps7_cortexa9_0/lib/abort.o ps7_cortexa9_0/lib/asm_vectors.o ps7_cortexa9_0/lib/boot.o ps7_cortexa9_0/lib/close.o ps7_cortexa
TRACE::2026-09-30.14:05:50::SCWBDomain::9_0/lib/cpputest_time.o ps7_cortexa9_0/lib/cpu_init.o ps7_cortexa9_0/lib/errno.o ps7_cortexa9_0/lib/fcntl.o ps7_cortexa9_0/lib/
TRACE::2026-09-30.14:05:50::SCWBDomain::fstat.o ps7_cortexa9_0/lib/getentropy.o ps7_cortexa9_0/lib/getpid.o ps7_cortexa9_0/lib/inbyte.o ps7_cortexa9_0/lib/isatty.o ps7
TRACE::2026-09-30.14:05:50::SCWBDomain::_cortexa9_0/lib/kill.o ps7_cortexa9_0/lib/lseek.o ps7_cortexa9_0/lib/open.o ps7_cortexa9_0/lib/outbyte.o ps7_cortexa9_0/lib/pri
TRACE::2026-09-30.14:05:50::SCWBDomain::nt.o ps7_cortexa9_0/lib/putnum.o ps7_cortexa9_0/lib/read.o ps7_cortexa9_0/lib/sbrk.o ps7_cortexa9_0/lib/sleep.o ps7_cortexa9_0/
TRACE::2026-09-30.14:05:50::SCWBDomain::lib/time.o ps7_cortexa9_0/lib/translation_table.o ps7_cortexa9_0/lib/unlink.o ps7_cortexa9_0/lib/usleep.o ps7_cortexa9_0/lib/ve
TRACE::2026-09-30.14:05:50::SCWBDomain::ctors.o ps7_cortexa9_0/lib/write.o ps7_cortexa9_0/lib/xadcps.o ps7_cortexa9_0/lib/xadcps_g.o ps7_cortexa9_0/lib/xadcps_intr.o p
TRACE::2026-09-30.14:05:50::SCWBDomain::s7_cortexa9_0/lib/xadcps_selftest.o ps7_cortexa9_0/lib/xadcps_sinit.o ps7_cortexa9_0/lib/xaxidma.o ps7_cortexa9_0/lib/xaxidma_b
TRACE::2026-09-30.14:05:50::SCWBDomain::d.o ps7_cortexa9_0/lib/xaxidma_bdring.o ps7_cortexa9_0/lib/xaxidma_g.o ps7_cortexa9_0/lib/xaxidma_selftest.o ps7_cortexa9_0/lib
TRACE::2026-09-30.14:05:50::SCWBDomain::/xaxidma_sinit.o ps7_cortexa9_0/lib/xcoresightpsdcc.o ps7_cortexa9_0/lib/xdevcfg.o ps7_cortexa9_0/lib/xdevcfg_g.o ps7_cortexa9_
TRACE::2026-09-30.14:05:50::SCWBDomain::0/lib/xdevcfg_hw.o ps7_cortexa9_0/lib/xdevcfg_intr.o ps7_cortexa9_0/lib/xdevcfg_selftest.o ps7_cortexa9_0/lib/xdevcfg_sinit.o p
TRACE::2026-09-30.14:05:50::SCWBDomain::s7_cortexa9_0/lib/xdmaps.o ps7_cortexa9_0/lib/xdmaps_g.o ps7_cortexa9_0/lib/xdmaps_hw.o ps7_cortexa9_0/lib/xdmaps_selftest.o ps
TRACE::2026-09-30.14:05:50::SCWBDomain::7_cortexa9_0/lib/xdmaps_sinit.o ps7_cortexa9_0/lib/xemacps.o ps7_cortexa9_0/lib/xemacps_bdring.o ps7_cortexa9_0/lib/xemacps_con
TRACE::2026-09-30.14:05:50::SCWBDomain::trol.o ps7_cortexa9_0/lib/xemacps_g.o ps7_cortexa9_0/lib/xemacps_hw.o ps7_cortexa9_0/lib/xemacps_intr.o ps7_cortexa9_0/lib/xema
TRACE::2026-09-30.14:05:50::SCWBDomain::cps_sinit.o ps7_cortexa9_0/lib/xgpiops.o ps7_cortexa9_0/lib/xgpiops_g.o ps7_cortexa9_0/lib/xgpiops_hw.o ps7_cortexa9_0/lib/xgpi
TRACE::2026-09-30.14:05:50::SCWBDomain::ops_intr.o ps7_cortexa9_0/lib/xgpiops_selftest.o ps7_cortexa9_0/lib/xgpiops_sinit.o ps7_cortexa9_0/lib/xil-crt0.o ps7_cortexa9_
TRACE::2026-09-30.14:05:50::SCWBDomain::0/lib/xil_assert.o ps7_cortexa9_0/lib/xil_cache.o ps7_cortexa9_0/lib/xil_clocking.o ps7_cortexa9_0/lib/xil_exception.o ps7_cort
TRACE::2026-09-30.14:05:50::SCWBDomain::exa9_0/lib/xil_mem.o ps7_cortexa9_0/lib/xil_misc_psreset_api.o ps7_cortexa9_0/lib/xil_mmu.o ps7_cortexa9_0/lib/xil_printf.o ps7
TRACE::2026-09-30.14:05:50::SCWBDomain::_cortexa9_0/lib/xil_sleepcommon.o ps7_cortexa9_0/lib/xil_sleeptimer.o ps7_cortexa9_0/lib/xil_spinlock.o ps7_cortexa9_0/lib/xil_
TRACE::2026-09-30.14:05:50::SCWBDomain::testcache.o ps7_cortexa9_0/lib/xil_testio.o ps7_cortexa9_0/lib/xil_testmem.o ps7_cortexa9_0/lib/xil_util.o ps7_cortexa9_0/lib/x
TRACE::2026-09-30.14:05:50::SCWBDomain::interrupt_wrap.o ps7_cortexa9_0/lib/xl2cc_counter.o ps7_cortexa9_0/lib/xplatform_info.o ps7_cortexa9_0/lib/xpm_counter.o ps7_co
TRACE::2026-09-30.14:05:50::SCWBDomain::rtexa9_0/lib/xqspips.o ps7_cortexa9_0/lib/xqspips_g.o ps7_cortexa9_0/lib/xqspips_hw.o ps7_cortexa9_0/lib/xqspips_options.o ps7_
TRACE::2026-09-30.14:05:50::SCWBDomain::cortexa9_0/lib/xqspips_selftest.o ps7_cortexa9_0/lib/xqspips_sinit.o ps7_cortexa9_0/lib/xscugic.o ps7_cortexa9_0/lib/xscugic_g.
TRACE::2026-09-30.14:05:50::SCWBDomain::o ps7_cortexa9_0/lib/xscugic_hw.o ps7_cortexa9_0/lib/xscugic_intr.o ps7_cortexa9_0/lib/xscugic_selftest.o ps7_cortexa9_0/lib/xs
TRACE::2026-09-30.14:05:50::SCWBDomain::cugic_sinit.o ps7_cortexa9_0/lib/xscutimer.o ps7_cortexa9_0/lib/xscutimer_g.o ps7_cortexa9_0/lib/xscutimer_selftest.o ps7_corte
TRACE::2026-09-30.14:05:50::SCWBDomain::xa9_0/lib/xscutimer_sinit.o ps7_cortexa9_0/lib/xscuwdt.o ps7_cortexa9_0/lib/xscuwdt_g.o ps7_cortexa9_0/lib/xscuwdt_selftest.o p
TRACE::2026-09-30.14:05:50::SCWBDomain::s7_cortexa9_0/lib/xscuwdt_sinit.o ps7_cortexa9_0/lib/xsdps.o ps7_cortexa9_0/lib/xsdps_card.o ps7_cortexa9_0/lib/xsdps_g.o ps7_c
TRACE::2026-09-30.14:05:50::SCWBDomain::ortexa9_0/lib/xsdps_host.o ps7_cortexa9_0/lib/xsdps_options.o ps7_cortexa9_0/lib/xsdps_sinit.o ps7_cortexa9_0/lib/xtime_l.o ps7
TRACE::2026-09-30.14:05:50::SCWBDomain::_cortexa9_0/lib/xuartps.o ps7_cortexa9_0/lib/xuartps_g.o ps7_cortexa9_0/lib/xuartps_hw.o ps7_cortexa9_0/lib/xuartps_intr.o ps7_
TRACE::2026-09-30.14:05:50::SCWBDomain::cortexa9_0/lib/xuartps_options.o ps7_cortexa9_0/lib/xuartps_selftest.o ps7_cortexa9_0/lib/xuartps_sinit.o ps7_cortexa9_0/lib/xu
TRACE::2026-09-30.14:05:50::SCWBDomain::sbps.o ps7_cortexa9_0/lib/xusbps_endpoint.o ps7_cortexa9_0/lib/xusbps_g.o ps7_cortexa9_0/lib/xusbps_hw.o ps7_cortexa9_0/lib/xus
TRACE::2026-09-30.14:05:50::SCWBDomain::bps_intr.o ps7_cortexa9_0/lib/xusbps_sinit.o

TRACE::2026-09-30.14:05:50::SCWBDomain::Finished building libraries

TRACE::2026-09-30.14:05:50::SCWBDomain::make[1]: Leaving directory '/users/students/r0885482/Documents/DDP/sw_package_2026/sw_project/project_sw/ecc_project_wrapper/zy
TRACE::2026-09-30.14:05:50::SCWBDomain::nq_fsbl/zynq_fsbl_bsp'

TRACE::2026-09-30.14:05:50::SCWBDomain::make[1]: Entering directory '/users/students/r0885482/Documents/DDP/sw_package_2026/sw_project/project_sw/ecc_project_wrapper/z
TRACE::2026-09-30.14:05:50::SCWBDomain::ynq_fsbl'

TRACE::2026-09-30.14:05:50::SCWBDomain::arm-none-eabi-gcc  -O2 -c -MMD -MP       -mcpu=cortex-a9 -mfpu=vfpv3 -mfloat-abi=hard  -c fsbl_hooks.c -o fsbl_hooks.o -Izynq_f
TRACE::2026-09-30.14:05:50::SCWBDomain::sbl_bsp/ps7_cortexa9_0/include -I.

TRACE::2026-09-30.14:05:50::SCWBDomain::arm-none-eabi-gcc  -O2 -c -MMD -MP       -mcpu=cortex-a9 -mfpu=vfpv3 -mfloat-abi=hard  -c image_mover.c -o image_mover.o -Izynq
TRACE::2026-09-30.14:05:50::SCWBDomain::_fsbl_bsp/ps7_cortexa9_0/include -I.

TRACE::2026-09-30.14:05:51::SCWBDomain::arm-none-eabi-gcc  -O2 -c -MMD -MP       -mcpu=cortex-a9 -mfpu=vfpv3 -mfloat-abi=hard  -c main.c -o main.o -Izynq_fsbl_bsp/ps7_
TRACE::2026-09-30.14:05:51::SCWBDomain::cortexa9_0/include -I.

TRACE::2026-09-30.14:05:51::SCWBDomain::arm-none-eabi-gcc  -O2 -c -MMD -MP       -mcpu=cortex-a9 -mfpu=vfpv3 -mfloat-abi=hard  -c md5.c -o md5.o -Izynq_fsbl_bsp/ps7_co
TRACE::2026-09-30.14:05:51::SCWBDomain::rtexa9_0/include -I.

TRACE::2026-09-30.14:05:51::SCWBDomain::arm-none-eabi-gcc  -O2 -c -MMD -MP       -mcpu=cortex-a9 -mfpu=vfpv3 -mfloat-abi=hard  -c nand.c -o nand.o -Izynq_fsbl_bsp/ps7_
TRACE::2026-09-30.14:05:51::SCWBDomain::cortexa9_0/include -I.

TRACE::2026-09-30.14:05:51::SCWBDomain::arm-none-eabi-gcc  -O2 -c -MMD -MP       -mcpu=cortex-a9 -mfpu=vfpv3 -mfloat-abi=hard  -c nor.c -o nor.o -Izynq_fsbl_bsp/ps7_co
TRACE::2026-09-30.14:05:51::SCWBDomain::rtexa9_0/include -I.

TRACE::2026-09-30.14:05:51::SCWBDomain::arm-none-eabi-gcc  -O2 -c -MMD -MP       -mcpu=cortex-a9 -mfpu=vfpv3 -mfloat-abi=hard  -c pcap.c -o pcap.o -Izynq_fsbl_bsp/ps7_
TRACE::2026-09-30.14:05:51::SCWBDomain::cortexa9_0/include -I.

TRACE::2026-09-30.14:05:51::SCWBDomain::arm-none-eabi-gcc  -O2 -c -MMD -MP       -mcpu=cortex-a9 -mfpu=vfpv3 -mfloat-abi=hard  -c ps7_init.c -o ps7_init.o -Izynq_fsbl_
TRACE::2026-09-30.14:05:51::SCWBDomain::bsp/ps7_cortexa9_0/include -I.

TRACE::2026-09-30.14:05:51::SCWBDomain::arm-none-eabi-gcc  -O2 -c -MMD -MP       -mcpu=cortex-a9 -mfpu=vfpv3 -mfloat-abi=hard  -c qspi.c -o qspi.o -Izynq_fsbl_bsp/ps7_
TRACE::2026-09-30.14:05:51::SCWBDomain::cortexa9_0/include -I.

TRACE::2026-09-30.14:05:51::SCWBDomain::arm-none-eabi-gcc  -O2 -c -MMD -MP       -mcpu=cortex-a9 -mfpu=vfpv3 -mfloat-abi=hard  -c rsa.c -o rsa.o -Izynq_fsbl_bsp/ps7_co
TRACE::2026-09-30.14:05:51::SCWBDomain::rtexa9_0/include -I.

TRACE::2026-09-30.14:05:51::SCWBDomain::arm-none-eabi-gcc  -O2 -c -MMD -MP       -mcpu=cortex-a9 -mfpu=vfpv3 -mfloat-abi=hard  -c sd.c -o sd.o -Izynq_fsbl_bsp/ps7_cort
TRACE::2026-09-30.14:05:51::SCWBDomain::exa9_0/include -I.

TRACE::2026-09-30.14:05:51::SCWBDomain::arm-none-eabi-gcc  -O2 -c -MMD -MP       -mcpu=cortex-a9 -mfpu=vfpv3 -mfloat-abi=hard  -c fsbl_handoff.S -o fsbl_handoff.o -Izy
TRACE::2026-09-30.14:05:51::SCWBDomain::nq_fsbl_bsp/ps7_cortexa9_0/include -I.

TRACE::2026-09-30.14:05:51::SCWBDomain::arm-none-eabi-gcc -o fsbl.elf fsbl_handoff.o fsbl_hooks.o image_mover.o main.o md5.o nand.o nor.o pcap.o ps7_init.o qspi.o rsa.
TRACE::2026-09-30.14:05:51::SCWBDomain::o sd.o -MMD -MP       -mcpu=cortex-a9 -mfpu=vfpv3 -mfloat-abi=hard   -mcpu=cortex-a9 -mfpu=vfpv3 -mfloat-abi=hard -Wl,-build-id
TRACE::2026-09-30.14:05:51::SCWBDomain::=none -specs=Xilinx.spec  -lrsa -Wl,--start-group,-lxil,-lgcc,-lc,--end-group -Wl,--start-group,-lxilffs,-lxil,-lgcc,-lc,--end-
TRACE::2026-09-30.14:05:51::SCWBDomain::group -Wl,--start-group,-lrsa,-lxil,-lgcc,-lc,--end-group                                     -Wl,--gc-sections -Lzynq_fsbl_bsp
TRACE::2026-09-30.14:05:51::SCWBDomain::/ps7_cortexa9_0/lib -L./ -Tlscript.ld

TRACE::2026-09-30.14:05:51::SCWBDomain::make[1]: Leaving directory '/users/students/r0885482/Documents/DDP/sw_package_2026/sw_project/project_sw/ecc_project_wrapper/zy
TRACE::2026-09-30.14:05:51::SCWBDomain::nq_fsbl'

LOG::2026-09-30.14:05:51::SCWSystem::Checking the domain standalone_domain
LOG::2026-09-30.14:05:51::SCWSystem::Not a boot domain 
LOG::2026-09-30.14:05:51::SCWSystem::Started Processing the domain standalone_domain
TRACE::2026-09-30.14:05:51::SCWDomain::Generating domain artifcats
TRACE::2026-09-30.14:05:51::SCWMssOS::Generating standalone artifcats
TRACE::2026-09-30.14:05:51::SCWMssOS::Copying the qemu file from  /users/students/r0885482/Documents/DDP/sw_package_2026/sw_project/project_sw/ecc_project_wrapper/resources/ecc_project_wrapper/standalone_domain/qemu_args.txt To /users/students/r0885482/Documents/DDP/sw_package_2026/sw_project/project_sw/ecc_project_wrapper/export/ecc_project_wrapper/sw/ecc_project_wrapper/qemu/
TRACE::2026-09-30.14:05:51::SCWMssOS::Copying the qemu file from  /users/students/r0885482/Documents/DDP/sw_package_2026/sw_project/project_sw/ecc_project_wrapper/resources/ecc_project_wrapper/standalone_domain/qemu_args.txt To /users/students/r0885482/Documents/DDP/sw_package_2026/sw_project/project_sw/ecc_project_wrapper/export/ecc_project_wrapper/sw/ecc_project_wrapper/standalone_domain/qemu/
TRACE::2026-09-30.14:05:51::SCWMssOS:: Copying the user libraries. 
TRACE::2026-09-30.14:05:51::SCWPlatform::Trying to open the hw design at /users/students/r0885482/Documents/DDP/sw_package_2026/sw_project/project_sw/ecc_project_wrapper/hw/ecc_project_wrapper.xsa
TRACE::2026-09-30.14:05:51::SCWPlatform::DSA given /users/students/r0885482/Documents/DDP/sw_package_2026/sw_project/project_sw/ecc_project_wrapper/hw/ecc_project_wrapper.xsa
TRACE::2026-09-30.14:05:51::SCWPlatform::DSA absoulate path /users/students/r0885482/Documents/DDP/sw_package_2026/sw_project/project_sw/ecc_project_wrapper/hw/ecc_project_wrapper.xsa
TRACE::2026-09-30.14:05:51::SCWPlatform::DSA directory /users/students/r0885482/Documents/DDP/sw_package_2026/sw_project/project_sw/ecc_project_wrapper/hw
TRACE::2026-09-30.14:05:51::SCWPlatform:: Platform Path /users/students/r0885482/Documents/DDP/sw_package_2026/sw_project/project_sw/ecc_project_wrapper/hw/ecc_project_wrapper.xsa
TRACE::2026-09-30.14:05:51::SCWPlatform:: Unique name xilinx:pynq-z2::0.0
TRACE::2026-09-30.14:05:51::SCWPlatform::Trying to set the existing hwdb with name rsa_project_wrapper_0
TRACE::2026-09-30.14:05:51::SCWPlatform::Opened existing hwdb rsa_project_wrapper_0
TRACE::2026-09-30.14:05:51::SCWPlatform::Found the Hw Db part of the input DSA
TRACE::2026-09-30.14:05:51::SCWMssOS::Checking the sw design at  /users/students/r0885482/Documents/DDP/sw_package_2026/sw_project/project_sw/ecc_project_wrapper/ps7_cortexa9_0/standalone_domain/bsp/system.mss
TRACE::2026-09-30.14:05:51::SCWMssOS::DEBUG:  swdes dump  /users/students/r0885482/Documents/DDP/sw_package_2026/sw_project/project_sw/ecc_project_wrapper/ps7_cortexa9_0/standalone_domain/bsp/system.mss|system_0||
/users/students/r0885482/Documents/DDP/sw_package_2026/sw_project/project_sw/ecc_project_wrapper/zynq_fsbl/zynq_fsbl_bsp/system.mss|system||

TRACE::2026-09-30.14:05:51::SCWMssOS::Sw design exists and opened at  /users/students/r0885482/Documents/DDP/sw_package_2026/sw_project/project_sw/ecc_project_wrapper/ps7_cortexa9_0/standalone_domain/bsp/system.mss
TRACE::2026-09-30.14:05:51::SCWMssOS::Completed writing the mss file at /users/students/r0885482/Documents/DDP/sw_package_2026/sw_project/project_sw/ecc_project_wrapper/ps7_cortexa9_0/standalone_domain/bsp
TRACE::2026-09-30.14:05:51::SCWMssOS::Mss edits present, copying mssfile into export location /users/students/r0885482/Documents/DDP/sw_package_2026/sw_project/project_sw/ecc_project_wrapper/ps7_cortexa9_0/standalone_domain/bsp/system.mss
TRACE::2026-09-30.14:05:51::SCWMssOS::bsp generated is upto date with the mss file. Skipping bsp generation.
TRACE::2026-09-30.14:05:51::SCWMssOS::BSP is already built. skipping the bsp build ... 
TRACE::2026-09-30.14:05:51::SCWDomain::Building the domain as part of full build :  standalone_domain
TRACE::2026-09-30.14:05:51::SCWMssOS::doing bsp build ... 
TRACE::2026-09-30.14:05:51::SCWMssOS::System Command Ran  cd  /users/students/r0885482/Documents/DDP/sw_package_2026/sw_project/project_sw/ecc_project_wrapper/ps7_cortexa9_0/standalone_domain/bsp ; bash -c "make  " 
TRACE::2026-09-30.14:05:51::SCWMssOS::make[1]: Entering directory '/users/students/r0885482/Documents/DDP/sw_package_2026/sw_project/project_sw/ecc_project_wrapper/p
TRACE::2026-09-30.14:05:51::SCWMssOS::s7_cortexa9_0/standalone_domain/bsp'

TRACE::2026-09-30.14:05:51::SCWMssOS::make --no-print-directory seq_libs

TRACE::2026-09-30.14:05:51::SCWMssOS::Finished building libraries sequentially.

TRACE::2026-09-30.14:05:51::SCWMssOS::make -j 10 --no-print-directory par_libs

TRACE::2026-09-30.14:05:51::SCWMssOS::Running Make include in ps7_cortexa9_0/libsrc/axidma_v9_16/src

TRACE::2026-09-30.14:05:51::SCWMssOS::make -C ps7_cortexa9_0/libsrc/axidma_v9_16/src -s include  "SHELL=/bin/sh" "COMPILER=arm-none-eabi-gcc" "ASSEMBLER=arm-none-eab
TRACE::2026-09-30.14:05:51::SCWMssOS::i-as" "ARCHIVER=arm-none-eabi-ar" "COMPILER_FLAGS=  -O2 -c" "EXTRA_COMPILER_FLAGS=-mcpu=cortex-a9 -mfpu=vfpv3 -mfloat-abi=hard 
TRACE::2026-09-30.14:05:51::SCWMssOS::-nostartfiles -g -Wall -Wextra -fno-tree-loop-distribute-patterns"

TRACE::2026-09-30.14:05:51::SCWMssOS::Running Make include in ps7_cortexa9_0/libsrc/coresightps_dcc_v1_8/src

TRACE::2026-09-30.14:05:51::SCWMssOS::make -C ps7_cortexa9_0/libsrc/coresightps_dcc_v1_8/src -s include  "SHELL=/bin/sh" "COMPILER=arm-none-eabi-gcc" "ASSEMBLER=arm-
TRACE::2026-09-30.14:05:51::SCWMssOS::none-eabi-as" "ARCHIVER=arm-none-eabi-ar" "COMPILER_FLAGS=  -O2 -c" "EXTRA_COMPILER_FLAGS=-mcpu=cortex-a9 -mfpu=vfpv3 -mfloat-a
TRACE::2026-09-30.14:05:51::SCWMssOS::bi=hard -nostartfiles -g -Wall -Wextra -fno-tree-loop-distribute-patterns"

TRACE::2026-09-30.14:05:51::SCWMssOS::Running Make include in ps7_cortexa9_0/libsrc/cpu_cortexa9_v2_11/src

TRACE::2026-09-30.14:05:51::SCWMssOS::make -C ps7_cortexa9_0/libsrc/cpu_cortexa9_v2_11/src -s include  "SHELL=/bin/sh" "COMPILER=arm-none-eabi-gcc" "ASSEMBLER=arm-no
TRACE::2026-09-30.14:05:51::SCWMssOS::ne-eabi-as" "ARCHIVER=arm-none-eabi-ar" "COMPILER_FLAGS=  -O2 -c" "EXTRA_COMPILER_FLAGS=-mcpu=cortex-a9 -mfpu=vfpv3 -mfloat-abi
TRACE::2026-09-30.14:05:51::SCWMssOS::=hard -nostartfiles -g -Wall -Wextra -fno-tree-loop-distribute-patterns"

TRACE::2026-09-30.14:05:51::SCWMssOS::Running Make include in ps7_cortexa9_0/libsrc/ddrps_v1_2/src

TRACE::2026-09-30.14:05:51::SCWMssOS::Running Make include in ps7_cortexa9_0/libsrc/devcfg_v3_7/src

TRACE::2026-09-30.14:05:51::SCWMssOS::make -C ps7_cortexa9_0/libsrc/ddrps_v1_2/src -s include  "SHELL=/bin/sh" "COMPILER=arm-none-eabi-gcc" "ASSEMBLER=arm-none-eabi-
TRACE::2026-09-30.14:05:51::SCWMssOS::as" "ARCHIVER=arm-none-eabi-ar" "COMPILER_FLAGS=  -O2 -c" "EXTRA_COMPILER_FLAGS=-mcpu=cortex-a9 -mfpu=vfpv3 -mfloat-abi=hard -n
TRACE::2026-09-30.14:05:51::SCWMssOS::ostartfiles -g -Wall -Wextra -fno-tree-loop-distribute-patterns"

TRACE::2026-09-30.14:05:51::SCWMssOS::Running Make include in ps7_cortexa9_0/libsrc/dmaps_v2_8/src

TRACE::2026-09-30.14:05:51::SCWMssOS::make -C ps7_cortexa9_0/libsrc/devcfg_v3_7/src -s include  "SHELL=/bin/sh" "COMPILER=arm-none-eabi-gcc" "ASSEMBLER=arm-none-eabi
TRACE::2026-09-30.14:05:51::SCWMssOS::-as" "ARCHIVER=arm-none-eabi-ar" "COMPILER_FLAGS=  -O2 -c" "EXTRA_COMPILER_FLAGS=-mcpu=cortex-a9 -mfpu=vfpv3 -mfloat-abi=hard -
TRACE::2026-09-30.14:05:51::SCWMssOS::nostartfiles -g -Wall -Wextra -fno-tree-loop-distribute-patterns"

TRACE::2026-09-30.14:05:51::SCWMssOS::make -C ps7_cortexa9_0/libsrc/dmaps_v2_8/src -s include  "SHELL=/bin/sh" "COMPILER=arm-none-eabi-gcc" "ASSEMBLER=arm-none-eabi-
TRACE::2026-09-30.14:05:51::SCWMssOS::as" "ARCHIVER=arm-none-eabi-ar" "COMPILER_FLAGS=  -O2 -c" "EXTRA_COMPILER_FLAGS=-mcpu=cortex-a9 -mfpu=vfpv3 -mfloat-abi=hard -n
TRACE::2026-09-30.14:05:51::SCWMssOS::ostartfiles -g -Wall -Wextra -fno-tree-loop-distribute-patterns"

TRACE::2026-09-30.14:05:51::SCWMssOS::Running Make include in ps7_cortexa9_0/libsrc/emacps_v3_18/src

TRACE::2026-09-30.14:05:51::SCWMssOS::make -C ps7_cortexa9_0/libsrc/emacps_v3_18/src -s include  "SHELL=/bin/sh" "COMPILER=arm-none-eabi-gcc" "ASSEMBLER=arm-none-eab
TRACE::2026-09-30.14:05:51::SCWMssOS::i-as" "ARCHIVER=arm-none-eabi-ar" "COMPILER_FLAGS=  -O2 -c" "EXTRA_COMPILER_FLAGS=-mcpu=cortex-a9 -mfpu=vfpv3 -mfloat-abi=hard 
TRACE::2026-09-30.14:05:51::SCWMssOS::-nostartfiles -g -Wall -Wextra -fno-tree-loop-distribute-patterns"

TRACE::2026-09-30.14:05:51::SCWMssOS::Running Make include in ps7_cortexa9_0/libsrc/gpiops_v3_11/src

TRACE::2026-09-30.14:05:51::SCWMssOS::make -C ps7_cortexa9_0/libsrc/gpiops_v3_11/src -s include  "SHELL=/bin/sh" "COMPILER=arm-none-eabi-gcc" "ASSEMBLER=arm-none-eab
TRACE::2026-09-30.14:05:51::SCWMssOS::i-as" "ARCHIVER=arm-none-eabi-ar" "COMPILER_FLAGS=  -O2 -c" "EXTRA_COMPILER_FLAGS=-mcpu=cortex-a9 -mfpu=vfpv3 -mfloat-abi=hard 
TRACE::2026-09-30.14:05:51::SCWMssOS::-nostartfiles -g -Wall -Wextra -fno-tree-loop-distribute-patterns"

TRACE::2026-09-30.14:05:51::SCWMssOS::Running Make include in ps7_cortexa9_0/libsrc/qspips_v3_10/src

TRACE::2026-09-30.14:05:51::SCWMssOS::make -C ps7_cortexa9_0/libsrc/qspips_v3_10/src -s include  "SHELL=/bin/sh" "COMPILER=arm-none-eabi-gcc" "ASSEMBLER=arm-none-eab
TRACE::2026-09-30.14:05:51::SCWMssOS::i-as" "ARCHIVER=arm-none-eabi-ar" "COMPILER_FLAGS=  -O2 -c" "EXTRA_COMPILER_FLAGS=-mcpu=cortex-a9 -mfpu=vfpv3 -mfloat-abi=hard 
TRACE::2026-09-30.14:05:51::SCWMssOS::-nostartfiles -g -Wall -Wextra -fno-tree-loop-distribute-patterns"

TRACE::2026-09-30.14:05:51::SCWMssOS::Running Make include in ps7_cortexa9_0/libsrc/scugic_v5_1/src

TRACE::2026-09-30.14:05:51::SCWMssOS::make -C ps7_cortexa9_0/libsrc/scugic_v5_1/src -s include  "SHELL=/bin/sh" "COMPILER=arm-none-eabi-gcc" "ASSEMBLER=arm-none-eabi
TRACE::2026-09-30.14:05:51::SCWMssOS::-as" "ARCHIVER=arm-none-eabi-ar" "COMPILER_FLAGS=  -O2 -c" "EXTRA_COMPILER_FLAGS=-mcpu=cortex-a9 -mfpu=vfpv3 -mfloat-abi=hard -
TRACE::2026-09-30.14:05:51::SCWMssOS::nostartfiles -g -Wall -Wextra -fno-tree-loop-distribute-patterns"

TRACE::2026-09-30.14:05:51::SCWMssOS::Running Make include in ps7_cortexa9_0/libsrc/scutimer_v2_4/src

TRACE::2026-09-30.14:05:51::SCWMssOS::make -C ps7_cortexa9_0/libsrc/scutimer_v2_4/src -s include  "SHELL=/bin/sh" "COMPILER=arm-none-eabi-gcc" "ASSEMBLER=arm-none-ea
TRACE::2026-09-30.14:05:51::SCWMssOS::bi-as" "ARCHIVER=arm-none-eabi-ar" "COMPILER_FLAGS=  -O2 -c" "EXTRA_COMPILER_FLAGS=-mcpu=cortex-a9 -mfpu=vfpv3 -mfloat-abi=hard
TRACE::2026-09-30.14:05:51::SCWMssOS:: -nostartfiles -g -Wall -Wextra -fno-tree-loop-distribute-patterns"

TRACE::2026-09-30.14:05:51::SCWMssOS::Running Make include in ps7_cortexa9_0/libsrc/scuwdt_v2_4/src

TRACE::2026-09-30.14:05:51::SCWMssOS::make -C ps7_cortexa9_0/libsrc/scuwdt_v2_4/src -s include  "SHELL=/bin/sh" "COMPILER=arm-none-eabi-gcc" "ASSEMBLER=arm-none-eabi
TRACE::2026-09-30.14:05:51::SCWMssOS::-as" "ARCHIVER=arm-none-eabi-ar" "COMPILER_FLAGS=  -O2 -c" "EXTRA_COMPILER_FLAGS=-mcpu=cortex-a9 -mfpu=vfpv3 -mfloat-abi=hard -
TRACE::2026-09-30.14:05:51::SCWMssOS::nostartfiles -g -Wall -Wextra -fno-tree-loop-distribute-patterns"

TRACE::2026-09-30.14:05:51::SCWMssOS::Running Make include in ps7_cortexa9_0/libsrc/sdps_v4_1/src

TRACE::2026-09-30.14:05:51::SCWMssOS::Running Make include in ps7_cortexa9_0/libsrc/standalone_v8_1/src

TRACE::2026-09-30.14:05:51::SCWMssOS::make -C ps7_cortexa9_0/libsrc/sdps_v4_1/src -s include  "SHELL=/bin/sh" "COMPILER=arm-none-eabi-gcc" "ASSEMBLER=arm-none-eabi-a
TRACE::2026-09-30.14:05:51::SCWMssOS::s" "ARCHIVER=arm-none-eabi-ar" "COMPILER_FLAGS=  -O2 -c" "EXTRA_COMPILER_FLAGS=-mcpu=cortex-a9 -mfpu=vfpv3 -mfloat-abi=hard -no
TRACE::2026-09-30.14:05:51::SCWMssOS::startfiles -g -Wall -Wextra -fno-tree-loop-distribute-patterns"

TRACE::2026-09-30.14:05:51::SCWMssOS::make -C ps7_cortexa9_0/libsrc/standalone_v8_1/src -s include  "SHELL=/bin/sh" "COMPILER=arm-none-eabi-gcc" "ASSEMBLER=arm-none-
TRACE::2026-09-30.14:05:51::SCWMssOS::eabi-as" "ARCHIVER=arm-none-eabi-ar" "COMPILER_FLAGS=  -O2 -c" "EXTRA_COMPILER_FLAGS=-mcpu=cortex-a9 -mfpu=vfpv3 -mfloat-abi=ha
TRACE::2026-09-30.14:05:51::SCWMssOS::rd -nostartfiles -g -Wall -Wextra -fno-tree-loop-distribute-patterns"

TRACE::2026-09-30.14:05:51::SCWMssOS::Running Make include in ps7_cortexa9_0/libsrc/uartps_v3_12/src

TRACE::2026-09-30.14:05:51::SCWMssOS::Running Make include in ps7_cortexa9_0/libsrc/usbps_v2_7/src

TRACE::2026-09-30.14:05:51::SCWMssOS::Running Make include in ps7_cortexa9_0/libsrc/xadcps_v2_6/src

TRACE::2026-09-30.14:05:51::SCWMssOS::make -C ps7_cortexa9_0/libsrc/uartps_v3_12/src -s include  "SHELL=/bin/sh" "COMPILER=arm-none-eabi-gcc" "ASSEMBLER=arm-none-eab
TRACE::2026-09-30.14:05:51::SCWMssOS::i-as" "ARCHIVER=arm-none-eabi-ar" "COMPILER_FLAGS=  -O2 -c" "EXTRA_COMPILER_FLAGS=-mcpu=cortex-a9 -mfpu=vfpv3 -mfloat-abi=hard 
TRACE::2026-09-30.14:05:51::SCWMssOS::-nostartfiles -g -Wall -Wextra -fno-tree-loop-distribute-patterns"

TRACE::2026-09-30.14:05:51::SCWMssOS::make -C ps7_cortexa9_0/libsrc/usbps_v2_7/src -s include  "SHELL=/bin/sh" "COMPILER=arm-none-eabi-gcc" "ASSEMBLER=arm-none-eabi-
TRACE::2026-09-30.14:05:51::SCWMssOS::as" "ARCHIVER=arm-none-eabi-ar" "COMPILER_FLAGS=  -O2 -c" "EXTRA_COMPILER_FLAGS=-mcpu=cortex-a9 -mfpu=vfpv3 -mfloat-abi=hard -n
TRACE::2026-09-30.14:05:51::SCWMssOS::ostartfiles -g -Wall -Wextra -fno-tree-loop-distribute-patterns"

TRACE::2026-09-30.14:05:51::SCWMssOS::make -C ps7_cortexa9_0/libsrc/xadcps_v2_6/src -s include  "SHELL=/bin/sh" "COMPILER=arm-none-eabi-gcc" "ASSEMBLER=arm-none-eabi
TRACE::2026-09-30.14:05:51::SCWMssOS::-as" "ARCHIVER=arm-none-eabi-ar" "COMPILER_FLAGS=  -O2 -c" "EXTRA_COMPILER_FLAGS=-mcpu=cortex-a9 -mfpu=vfpv3 -mfloat-abi=hard -
TRACE::2026-09-30.14:05:51::SCWMssOS::nostartfiles -g -Wall -Wextra -fno-tree-loop-distribute-patterns"

TRACE::2026-09-30.14:05:52::SCWMssOS::Running Make libs in ps7_cortexa9_0/libsrc/axidma_v9_16/src

TRACE::2026-09-30.14:05:52::SCWMssOS::make -C ps7_cortexa9_0/libsrc/axidma_v9_16/src -s libs  "SHELL=/bin/sh" "COMPILER=arm-none-eabi-gcc" "ASSEMBLER=arm-none-eabi-a
TRACE::2026-09-30.14:05:52::SCWMssOS::s" "ARCHIVER=arm-none-eabi-ar" "COMPILER_FLAGS=  -O2 -c" "EXTRA_COMPILER_FLAGS=-mcpu=cortex-a9 -mfpu=vfpv3 -mfloat-abi=hard -no
TRACE::2026-09-30.14:05:52::SCWMssOS::startfiles -g -Wall -Wextra -fno-tree-loop-distribute-patterns"

TRACE::2026-09-30.14:05:52::SCWMssOS::Running Make libs in ps7_cortexa9_0/libsrc/coresightps_dcc_v1_8/src

TRACE::2026-09-30.14:05:52::SCWMssOS::make -C ps7_cortexa9_0/libsrc/coresightps_dcc_v1_8/src -s libs  "SHELL=/bin/sh" "COMPILER=arm-none-eabi-gcc" "ASSEMBLER=arm-non
TRACE::2026-09-30.14:05:52::SCWMssOS::e-eabi-as" "ARCHIVER=arm-none-eabi-ar" "COMPILER_FLAGS=  -O2 -c" "EXTRA_COMPILER_FLAGS=-mcpu=cortex-a9 -mfpu=vfpv3 -mfloat-abi=
TRACE::2026-09-30.14:05:52::SCWMssOS::hard -nostartfiles -g -Wall -Wextra -fno-tree-loop-distribute-patterns"

TRACE::2026-09-30.14:05:52::SCWMssOS::Running Make libs in ps7_cortexa9_0/libsrc/cpu_cortexa9_v2_11/src

TRACE::2026-09-30.14:05:52::SCWMssOS::make -C ps7_cortexa9_0/libsrc/cpu_cortexa9_v2_11/src -s libs  "SHELL=/bin/sh" "COMPILER=arm-none-eabi-gcc" "ASSEMBLER=arm-none-
TRACE::2026-09-30.14:05:52::SCWMssOS::eabi-as" "ARCHIVER=arm-none-eabi-ar" "COMPILER_FLAGS=  -O2 -c" "EXTRA_COMPILER_FLAGS=-mcpu=cortex-a9 -mfpu=vfpv3 -mfloat-abi=ha
TRACE::2026-09-30.14:05:52::SCWMssOS::rd -nostartfiles -g -Wall -Wextra -fno-tree-loop-distribute-patterns"

TRACE::2026-09-30.14:05:52::SCWMssOS::Running Make libs in ps7_cortexa9_0/libsrc/ddrps_v1_2/src

TRACE::2026-09-30.14:05:52::SCWMssOS::Running Make libs in ps7_cortexa9_0/libsrc/devcfg_v3_7/src

TRACE::2026-09-30.14:05:52::SCWMssOS::Running Make libs in ps7_cortexa9_0/libsrc/dmaps_v2_8/src

TRACE::2026-09-30.14:05:52::SCWMssOS::make -C ps7_cortexa9_0/libsrc/ddrps_v1_2/src -s libs  "SHELL=/bin/sh" "COMPILER=arm-none-eabi-gcc" "ASSEMBLER=arm-none-eabi-as"
TRACE::2026-09-30.14:05:52::SCWMssOS:: "ARCHIVER=arm-none-eabi-ar" "COMPILER_FLAGS=  -O2 -c" "EXTRA_COMPILER_FLAGS=-mcpu=cortex-a9 -mfpu=vfpv3 -mfloat-abi=hard -nost
TRACE::2026-09-30.14:05:52::SCWMssOS::artfiles -g -Wall -Wextra -fno-tree-loop-distribute-patterns"

TRACE::2026-09-30.14:05:52::SCWMssOS::Running Make libs in ps7_cortexa9_0/libsrc/emacps_v3_18/src

TRACE::2026-09-30.14:05:52::SCWMssOS::make -C ps7_cortexa9_0/libsrc/devcfg_v3_7/src -s libs  "SHELL=/bin/sh" "COMPILER=arm-none-eabi-gcc" "ASSEMBLER=arm-none-eabi-as
TRACE::2026-09-30.14:05:52::SCWMssOS::" "ARCHIVER=arm-none-eabi-ar" "COMPILER_FLAGS=  -O2 -c" "EXTRA_COMPILER_FLAGS=-mcpu=cortex-a9 -mfpu=vfpv3 -mfloat-abi=hard -nos
TRACE::2026-09-30.14:05:52::SCWMssOS::tartfiles -g -Wall -Wextra -fno-tree-loop-distribute-patterns"

TRACE::2026-09-30.14:05:52::SCWMssOS::make -C ps7_cortexa9_0/libsrc/dmaps_v2_8/src -s libs  "SHELL=/bin/sh" "COMPILER=arm-none-eabi-gcc" "ASSEMBLER=arm-none-eabi-as"
TRACE::2026-09-30.14:05:52::SCWMssOS:: "ARCHIVER=arm-none-eabi-ar" "COMPILER_FLAGS=  -O2 -c" "EXTRA_COMPILER_FLAGS=-mcpu=cortex-a9 -mfpu=vfpv3 -mfloat-abi=hard -nost
TRACE::2026-09-30.14:05:52::SCWMssOS::artfiles -g -Wall -Wextra -fno-tree-loop-distribute-patterns"

TRACE::2026-09-30.14:05:52::SCWMssOS::make -C ps7_cortexa9_0/libsrc/emacps_v3_18/src -s libs  "SHELL=/bin/sh" "COMPILER=arm-none-eabi-gcc" "ASSEMBLER=arm-none-eabi-a
TRACE::2026-09-30.14:05:52::SCWMssOS::s" "ARCHIVER=arm-none-eabi-ar" "COMPILER_FLAGS=  -O2 -c" "EXTRA_COMPILER_FLAGS=-mcpu=cortex-a9 -mfpu=vfpv3 -mfloat-abi=hard -no
TRACE::2026-09-30.14:05:52::SCWMssOS::startfiles -g -Wall -Wextra -fno-tree-loop-distribute-patterns"

TRACE::2026-09-30.14:05:52::SCWMssOS::Running Make libs in ps7_cortexa9_0/libsrc/gpiops_v3_11/src

TRACE::2026-09-30.14:05:52::SCWMssOS::make -C ps7_cortexa9_0/libsrc/gpiops_v3_11/src -s libs  "SHELL=/bin/sh" "COMPILER=arm-none-eabi-gcc" "ASSEMBLER=arm-none-eabi-a
TRACE::2026-09-30.14:05:52::SCWMssOS::s" "ARCHIVER=arm-none-eabi-ar" "COMPILER_FLAGS=  -O2 -c" "EXTRA_COMPILER_FLAGS=-mcpu=cortex-a9 -mfpu=vfpv3 -mfloat-abi=hard -no
TRACE::2026-09-30.14:05:52::SCWMssOS::startfiles -g -Wall -Wextra -fno-tree-loop-distribute-patterns"

TRACE::2026-09-30.14:05:52::SCWMssOS::Running Make libs in ps7_cortexa9_0/libsrc/qspips_v3_10/src

TRACE::2026-09-30.14:05:52::SCWMssOS::make -C ps7_cortexa9_0/libsrc/qspips_v3_10/src -s libs  "SHELL=/bin/sh" "COMPILER=arm-none-eabi-gcc" "ASSEMBLER=arm-none-eabi-a
TRACE::2026-09-30.14:05:52::SCWMssOS::s" "ARCHIVER=arm-none-eabi-ar" "COMPILER_FLAGS=  -O2 -c" "EXTRA_COMPILER_FLAGS=-mcpu=cortex-a9 -mfpu=vfpv3 -mfloat-abi=hard -no
TRACE::2026-09-30.14:05:52::SCWMssOS::startfiles -g -Wall -Wextra -fno-tree-loop-distribute-patterns"

TRACE::2026-09-30.14:05:52::SCWMssOS::Running Make libs in ps7_cortexa9_0/libsrc/scugic_v5_1/src

TRACE::2026-09-30.14:05:52::SCWMssOS::make -C ps7_cortexa9_0/libsrc/scugic_v5_1/src -s libs  "SHELL=/bin/sh" "COMPILER=arm-none-eabi-gcc" "ASSEMBLER=arm-none-eabi-as
TRACE::2026-09-30.14:05:52::SCWMssOS::" "ARCHIVER=arm-none-eabi-ar" "COMPILER_FLAGS=  -O2 -c" "EXTRA_COMPILER_FLAGS=-mcpu=cortex-a9 -mfpu=vfpv3 -mfloat-abi=hard -nos
TRACE::2026-09-30.14:05:52::SCWMssOS::tartfiles -g -Wall -Wextra -fno-tree-loop-distribute-patterns"

TRACE::2026-09-30.14:05:52::SCWMssOS::Running Make libs in ps7_cortexa9_0/libsrc/scutimer_v2_4/src

TRACE::2026-09-30.14:05:52::SCWMssOS::make -C ps7_cortexa9_0/libsrc/scutimer_v2_4/src -s libs  "SHELL=/bin/sh" "COMPILER=arm-none-eabi-gcc" "ASSEMBLER=arm-none-eabi-
TRACE::2026-09-30.14:05:52::SCWMssOS::as" "ARCHIVER=arm-none-eabi-ar" "COMPILER_FLAGS=  -O2 -c" "EXTRA_COMPILER_FLAGS=-mcpu=cortex-a9 -mfpu=vfpv3 -mfloat-abi=hard -n
TRACE::2026-09-30.14:05:52::SCWMssOS::ostartfiles -g -Wall -Wextra -fno-tree-loop-distribute-patterns"

TRACE::2026-09-30.14:05:52::SCWMssOS::Running Make libs in ps7_cortexa9_0/libsrc/scuwdt_v2_4/src

TRACE::2026-09-30.14:05:52::SCWMssOS::make -C ps7_cortexa9_0/libsrc/scuwdt_v2_4/src -s libs  "SHELL=/bin/sh" "COMPILER=arm-none-eabi-gcc" "ASSEMBLER=arm-none-eabi-as
TRACE::2026-09-30.14:05:52::SCWMssOS::" "ARCHIVER=arm-none-eabi-ar" "COMPILER_FLAGS=  -O2 -c" "EXTRA_COMPILER_FLAGS=-mcpu=cortex-a9 -mfpu=vfpv3 -mfloat-abi=hard -nos
TRACE::2026-09-30.14:05:52::SCWMssOS::tartfiles -g -Wall -Wextra -fno-tree-loop-distribute-patterns"

TRACE::2026-09-30.14:05:52::SCWMssOS::Running Make libs in ps7_cortexa9_0/libsrc/sdps_v4_1/src

TRACE::2026-09-30.14:05:52::SCWMssOS::make -C ps7_cortexa9_0/libsrc/sdps_v4_1/src -s libs  "SHELL=/bin/sh" "COMPILER=arm-none-eabi-gcc" "ASSEMBLER=arm-none-eabi-as" 
TRACE::2026-09-30.14:05:52::SCWMssOS::"ARCHIVER=arm-none-eabi-ar" "COMPILER_FLAGS=  -O2 -c" "EXTRA_COMPILER_FLAGS=-mcpu=cortex-a9 -mfpu=vfpv3 -mfloat-abi=hard -nosta
TRACE::2026-09-30.14:05:52::SCWMssOS::rtfiles -g -Wall -Wextra -fno-tree-loop-distribute-patterns"

TRACE::2026-09-30.14:05:52::SCWMssOS::Running Make libs in ps7_cortexa9_0/libsrc/standalone_v8_1/src

TRACE::2026-09-30.14:05:52::SCWMssOS::make -C ps7_cortexa9_0/libsrc/standalone_v8_1/src -s libs  "SHELL=/bin/sh" "COMPILER=arm-none-eabi-gcc" "ASSEMBLER=arm-none-eab
TRACE::2026-09-30.14:05:52::SCWMssOS::i-as" "ARCHIVER=arm-none-eabi-ar" "COMPILER_FLAGS=  -O2 -c" "EXTRA_COMPILER_FLAGS=-mcpu=cortex-a9 -mfpu=vfpv3 -mfloat-abi=hard 
TRACE::2026-09-30.14:05:52::SCWMssOS::-nostartfiles -g -Wall -Wextra -fno-tree-loop-distribute-patterns"

TRACE::2026-09-30.14:05:52::SCWMssOS::Running Make libs in ps7_cortexa9_0/libsrc/uartps_v3_12/src

TRACE::2026-09-30.14:05:52::SCWMssOS::make -C ps7_cortexa9_0/libsrc/uartps_v3_12/src -s libs  "SHELL=/bin/sh" "COMPILER=arm-none-eabi-gcc" "ASSEMBLER=arm-none-eabi-a
TRACE::2026-09-30.14:05:52::SCWMssOS::s" "ARCHIVER=arm-none-eabi-ar" "COMPILER_FLAGS=  -O2 -c" "EXTRA_COMPILER_FLAGS=-mcpu=cortex-a9 -mfpu=vfpv3 -mfloat-abi=hard -no
TRACE::2026-09-30.14:05:52::SCWMssOS::startfiles -g -Wall -Wextra -fno-tree-loop-distribute-patterns"

TRACE::2026-09-30.14:05:52::SCWMssOS::Running Make libs in ps7_cortexa9_0/libsrc/usbps_v2_7/src

TRACE::2026-09-30.14:05:52::SCWMssOS::make -C ps7_cortexa9_0/libsrc/usbps_v2_7/src -s libs  "SHELL=/bin/sh" "COMPILER=arm-none-eabi-gcc" "ASSEMBLER=arm-none-eabi-as"
TRACE::2026-09-30.14:05:52::SCWMssOS:: "ARCHIVER=arm-none-eabi-ar" "COMPILER_FLAGS=  -O2 -c" "EXTRA_COMPILER_FLAGS=-mcpu=cortex-a9 -mfpu=vfpv3 -mfloat-abi=hard -nost
TRACE::2026-09-30.14:05:52::SCWMssOS::artfiles -g -Wall -Wextra -fno-tree-loop-distribute-patterns"

TRACE::2026-09-30.14:05:52::SCWMssOS::Running Make libs in ps7_cortexa9_0/libsrc/xadcps_v2_6/src

TRACE::2026-09-30.14:05:52::SCWMssOS::make -C ps7_cortexa9_0/libsrc/xadcps_v2_6/src -s libs  "SHELL=/bin/sh" "COMPILER=arm-none-eabi-gcc" "ASSEMBLER=arm-none-eabi-as
TRACE::2026-09-30.14:05:52::SCWMssOS::" "ARCHIVER=arm-none-eabi-ar" "COMPILER_FLAGS=  -O2 -c" "EXTRA_COMPILER_FLAGS=-mcpu=cortex-a9 -mfpu=vfpv3 -mfloat-abi=hard -nos
TRACE::2026-09-30.14:05:52::SCWMssOS::tartfiles -g -Wall -Wextra -fno-tree-loop-distribute-patterns"

TRACE::2026-09-30.14:05:53::SCWMssOS::Finished building libraries parallelly.

TRACE::2026-09-30.14:05:53::SCWMssOS::make --no-print-directory archive

TRACE::2026-09-30.14:05:53::SCWMssOS::arm-none-eabi-ar -r  ps7_cortexa9_0/lib/libxil.a ps7_cortexa9_0/lib/_exit.o ps7_cortexa9_0/lib/_open.o ps7_cortexa9_0/lib/_sbrk
TRACE::2026-09-30.14:05:53::SCWMssOS::.o ps7_cortexa9_0/lib/abort.o ps7_cortexa9_0/lib/asm_vectors.o ps7_cortexa9_0/lib/boot.o ps7_cortexa9_0/lib/close.o ps7_cortexa
TRACE::2026-09-30.14:05:53::SCWMssOS::9_0/lib/cpputest_time.o ps7_cortexa9_0/lib/cpu_init.o ps7_cortexa9_0/lib/errno.o ps7_cortexa9_0/lib/fcntl.o ps7_cortexa9_0/lib/
TRACE::2026-09-30.14:05:53::SCWMssOS::fstat.o ps7_cortexa9_0/lib/getentropy.o ps7_cortexa9_0/lib/getpid.o ps7_cortexa9_0/lib/inbyte.o ps7_cortexa9_0/lib/isatty.o ps7
TRACE::2026-09-30.14:05:53::SCWMssOS::_cortexa9_0/lib/kill.o ps7_cortexa9_0/lib/lseek.o ps7_cortexa9_0/lib/open.o ps7_cortexa9_0/lib/outbyte.o ps7_cortexa9_0/lib/pri
TRACE::2026-09-30.14:05:53::SCWMssOS::nt.o ps7_cortexa9_0/lib/putnum.o ps7_cortexa9_0/lib/read.o ps7_cortexa9_0/lib/sbrk.o ps7_cortexa9_0/lib/sleep.o ps7_cortexa9_0/
TRACE::2026-09-30.14:05:53::SCWMssOS::lib/time.o ps7_cortexa9_0/lib/translation_table.o ps7_cortexa9_0/lib/unlink.o ps7_cortexa9_0/lib/usleep.o ps7_cortexa9_0/lib/ve
TRACE::2026-09-30.14:05:53::SCWMssOS::ctors.o ps7_cortexa9_0/lib/write.o ps7_cortexa9_0/lib/xadcps.o ps7_cortexa9_0/lib/xadcps_g.o ps7_cortexa9_0/lib/xadcps_intr.o p
TRACE::2026-09-30.14:05:53::SCWMssOS::s7_cortexa9_0/lib/xadcps_selftest.o ps7_cortexa9_0/lib/xadcps_sinit.o ps7_cortexa9_0/lib/xaxidma.o ps7_cortexa9_0/lib/xaxidma_b
TRACE::2026-09-30.14:05:53::SCWMssOS::d.o ps7_cortexa9_0/lib/xaxidma_bdring.o ps7_cortexa9_0/lib/xaxidma_g.o ps7_cortexa9_0/lib/xaxidma_selftest.o ps7_cortexa9_0/lib
TRACE::2026-09-30.14:05:53::SCWMssOS::/xaxidma_sinit.o ps7_cortexa9_0/lib/xcoresightpsdcc.o ps7_cortexa9_0/lib/xdevcfg.o ps7_cortexa9_0/lib/xdevcfg_g.o ps7_cortexa9_
TRACE::2026-09-30.14:05:53::SCWMssOS::0/lib/xdevcfg_hw.o ps7_cortexa9_0/lib/xdevcfg_intr.o ps7_cortexa9_0/lib/xdevcfg_selftest.o ps7_cortexa9_0/lib/xdevcfg_sinit.o p
TRACE::2026-09-30.14:05:53::SCWMssOS::s7_cortexa9_0/lib/xdmaps.o ps7_cortexa9_0/lib/xdmaps_g.o ps7_cortexa9_0/lib/xdmaps_hw.o ps7_cortexa9_0/lib/xdmaps_selftest.o ps
TRACE::2026-09-30.14:05:53::SCWMssOS::7_cortexa9_0/lib/xdmaps_sinit.o ps7_cortexa9_0/lib/xemacps.o ps7_cortexa9_0/lib/xemacps_bdring.o ps7_cortexa9_0/lib/xemacps_con
TRACE::2026-09-30.14:05:53::SCWMssOS::trol.o ps7_cortexa9_0/lib/xemacps_g.o ps7_cortexa9_0/lib/xemacps_hw.o ps7_cortexa9_0/lib/xemacps_intr.o ps7_cortexa9_0/lib/xema
TRACE::2026-09-30.14:05:53::SCWMssOS::cps_sinit.o ps7_cortexa9_0/lib/xgpiops.o ps7_cortexa9_0/lib/xgpiops_g.o ps7_cortexa9_0/lib/xgpiops_hw.o ps7_cortexa9_0/lib/xgpi
TRACE::2026-09-30.14:05:53::SCWMssOS::ops_intr.o ps7_cortexa9_0/lib/xgpiops_selftest.o ps7_cortexa9_0/lib/xgpiops_sinit.o ps7_cortexa9_0/lib/xil-crt0.o ps7_cortexa9_
TRACE::2026-09-30.14:05:53::SCWMssOS::0/lib/xil_assert.o ps7_cortexa9_0/lib/xil_cache.o ps7_cortexa9_0/lib/xil_clocking.o ps7_cortexa9_0/lib/xil_exception.o ps7_cort
TRACE::2026-09-30.14:05:53::SCWMssOS::exa9_0/lib/xil_mem.o ps7_cortexa9_0/lib/xil_misc_psreset_api.o ps7_cortexa9_0/lib/xil_mmu.o ps7_cortexa9_0/lib/xil_printf.o ps7
TRACE::2026-09-30.14:05:53::SCWMssOS::_cortexa9_0/lib/xil_sleepcommon.o ps7_cortexa9_0/lib/xil_sleeptimer.o ps7_cortexa9_0/lib/xil_spinlock.o ps7_cortexa9_0/lib/xil_
TRACE::2026-09-30.14:05:53::SCWMssOS::testcache.o ps7_cortexa9_0/lib/xil_testio.o ps7_cortexa9_0/lib/xil_testmem.o ps7_cortexa9_0/lib/xil_util.o ps7_cortexa9_0/lib/x
TRACE::2026-09-30.14:05:53::SCWMssOS::interrupt_wrap.o ps7_cortexa9_0/lib/xl2cc_counter.o ps7_cortexa9_0/lib/xplatform_info.o ps7_cortexa9_0/lib/xpm_counter.o ps7_co
TRACE::2026-09-30.14:05:53::SCWMssOS::rtexa9_0/lib/xqspips.o ps7_cortexa9_0/lib/xqspips_g.o ps7_cortexa9_0/lib/xqspips_hw.o ps7_cortexa9_0/lib/xqspips_options.o ps7_
TRACE::2026-09-30.14:05:53::SCWMssOS::cortexa9_0/lib/xqspips_selftest.o ps7_cortexa9_0/lib/xqspips_sinit.o ps7_cortexa9_0/lib/xscugic.o ps7_cortexa9_0/lib/xscugic_g.
TRACE::2026-09-30.14:05:53::SCWMssOS::o ps7_cortexa9_0/lib/xscugic_hw.o ps7_cortexa9_0/lib/xscugic_intr.o ps7_cortexa9_0/lib/xscugic_selftest.o ps7_cortexa9_0/lib/xs
TRACE::2026-09-30.14:05:53::SCWMssOS::cugic_sinit.o ps7_cortexa9_0/lib/xscutimer.o ps7_cortexa9_0/lib/xscutimer_g.o ps7_cortexa9_0/lib/xscutimer_selftest.o ps7_corte
TRACE::2026-09-30.14:05:53::SCWMssOS::xa9_0/lib/xscutimer_sinit.o ps7_cortexa9_0/lib/xscuwdt.o ps7_cortexa9_0/lib/xscuwdt_g.o ps7_cortexa9_0/lib/xscuwdt_selftest.o p
TRACE::2026-09-30.14:05:53::SCWMssOS::s7_cortexa9_0/lib/xscuwdt_sinit.o ps7_cortexa9_0/lib/xsdps.o ps7_cortexa9_0/lib/xsdps_card.o ps7_cortexa9_0/lib/xsdps_g.o ps7_c
TRACE::2026-09-30.14:05:53::SCWMssOS::ortexa9_0/lib/xsdps_host.o ps7_cortexa9_0/lib/xsdps_options.o ps7_cortexa9_0/lib/xsdps_sinit.o ps7_cortexa9_0/lib/xtime_l.o ps7
TRACE::2026-09-30.14:05:53::SCWMssOS::_cortexa9_0/lib/xuartps.o ps7_cortexa9_0/lib/xuartps_g.o ps7_cortexa9_0/lib/xuartps_hw.o ps7_cortexa9_0/lib/xuartps_intr.o ps7_
TRACE::2026-09-30.14:05:53::SCWMssOS::cortexa9_0/lib/xuartps_options.o ps7_cortexa9_0/lib/xuartps_selftest.o ps7_cortexa9_0/lib/xuartps_sinit.o ps7_cortexa9_0/lib/xu
TRACE::2026-09-30.14:05:53::SCWMssOS::sbps.o ps7_cortexa9_0/lib/xusbps_endpoint.o ps7_cortexa9_0/lib/xusbps_g.o ps7_cortexa9_0/lib/xusbps_hw.o ps7_cortexa9_0/lib/xus
TRACE::2026-09-30.14:05:53::SCWMssOS::bps_intr.o ps7_cortexa9_0/lib/xusbps_sinit.o

TRACE::2026-09-30.14:05:53::SCWMssOS::Finished building libraries

TRACE::2026-09-30.14:05:53::SCWMssOS::make[1]: Leaving directory '/users/students/r0885482/Documents/DDP/sw_package_2026/sw_project/project_sw/ecc_project_wrapper/ps
TRACE::2026-09-30.14:05:53::SCWMssOS::7_cortexa9_0/standalone_domain/bsp'

TRACE::2026-09-30.14:05:53::SCWMssOS::Copying to export directory.
TRACE::2026-09-30.14:05:54::SCWMssOS:: Checking if to create the Supporting Applications
TRACE::2026-09-30.14:05:54::SCWMssOS:: No Linux domain exists, trying to generate FSBL 
LOG::2026-09-30.14:05:54::SCWSystem::Completed Processing the domain standalone_domain
LOG::2026-09-30.14:05:54::SCWSystem::Completed Processing the sysconfig ecc_project_wrapper
LOG::2026-09-30.14:05:54::SCWPlatform::Completed generating the artifacts for system configuration ecc_project_wrapper
TRACE::2026-09-30.14:05:54::SCWPlatform::Started preparing the platform 
TRACE::2026-09-30.14:05:54::SCWSystem::Writing the bif file for system config ecc_project_wrapper
TRACE::2026-09-30.14:05:54::SCWSystem::dir created 
TRACE::2026-09-30.14:05:54::SCWSystem::Writing the bif 
TRACE::2026-09-30.14:05:54::SCWPlatform::Started writing the spfm file 
TRACE::2026-09-30.14:05:54::SCWPlatform::Started writing the xpfm file 
TRACE::2026-09-30.14:05:54::SCWPlatform::Completed generating the platform
TRACE::2026-09-30.14:05:54::SCWMssOS::Saving the mss changes /users/students/r0885482/Documents/DDP/sw_package_2026/sw_project/project_sw/ecc_project_wrapper/zynq_fsbl/zynq_fsbl_bsp/system.mss
TRACE::2026-09-30.14:05:54::SCWMssOS::Found a swdesign opened with the mssfile.
TRACE::2026-09-30.14:05:54::SCWMssOS::Completed writemss as part of save.
TRACE::2026-09-30.14:05:54::SCWMssOS::Commit changes completed.
TRACE::2026-09-30.14:05:54::SCWMssOS::Saving the mss changes /users/students/r0885482/Documents/DDP/sw_package_2026/sw_project/project_sw/ecc_project_wrapper/ps7_cortexa9_0/standalone_domain/bsp/system.mss
TRACE::2026-09-30.14:05:54::SCWMssOS::Found a swdesign opened with the mssfile.
TRACE::2026-09-30.14:05:54::SCWMssOS::Completed writemss as part of save.
TRACE::2026-09-30.14:05:54::SCWMssOS::Commit changes completed.
TRACE::2026-09-30.14:05:54::SCWPlatform::Trying to open the hw design at /users/students/r0885482/Documents/DDP/sw_package_2026/sw_project/project_sw/ecc_project_wrapper/hw/ecc_project_wrapper.xsa
TRACE::2026-09-30.14:05:54::SCWPlatform::DSA given /users/students/r0885482/Documents/DDP/sw_package_2026/sw_project/project_sw/ecc_project_wrapper/hw/ecc_project_wrapper.xsa
TRACE::2026-09-30.14:05:54::SCWPlatform::DSA absoulate path /users/students/r0885482/Documents/DDP/sw_package_2026/sw_project/project_sw/ecc_project_wrapper/hw/ecc_project_wrapper.xsa
TRACE::2026-09-30.14:05:54::SCWPlatform::DSA directory /users/students/r0885482/Documents/DDP/sw_package_2026/sw_project/project_sw/ecc_project_wrapper/hw
TRACE::2026-09-30.14:05:54::SCWPlatform:: Platform Path /users/students/r0885482/Documents/DDP/sw_package_2026/sw_project/project_sw/ecc_project_wrapper/hw/ecc_project_wrapper.xsa
TRACE::2026-09-30.14:05:54::SCWPlatform:: Unique name xilinx:pynq-z2::0.0
TRACE::2026-09-30.14:05:54::SCWPlatform::Trying to set the existing hwdb with name rsa_project_wrapper_0
TRACE::2026-09-30.14:05:54::SCWPlatform::Opened existing hwdb rsa_project_wrapper_0
TRACE::2026-09-30.14:05:54::SCWPlatform::Found the Hw Db part of the input DSA
TRACE::2026-09-30.14:05:54::SCWMssOS::Checking the sw design at  /users/students/r0885482/Documents/DDP/sw_package_2026/sw_project/project_sw/ecc_project_wrapper/zynq_fsbl/zynq_fsbl_bsp/system.mss
TRACE::2026-09-30.14:05:54::SCWMssOS::DEBUG:  swdes dump  /users/students/r0885482/Documents/DDP/sw_package_2026/sw_project/project_sw/ecc_project_wrapper/ps7_cortexa9_0/standalone_domain/bsp/system.mss|system_0||
/users/students/r0885482/Documents/DDP/sw_package_2026/sw_project/project_sw/ecc_project_wrapper/zynq_fsbl/zynq_fsbl_bsp/system.mss|system||

TRACE::2026-09-30.14:05:54::SCWMssOS::Sw design exists and opened at  /users/students/r0885482/Documents/DDP/sw_package_2026/sw_project/project_sw/ecc_project_wrapper/zynq_fsbl/zynq_fsbl_bsp/system.mss
TRACE::2026-09-30.14:05:54::SCWPlatform::Trying to open the hw design at /users/students/r0885482/Documents/DDP/sw_package_2026/sw_project/project_sw/ecc_project_wrapper/hw/ecc_project_wrapper.xsa
TRACE::2026-09-30.14:05:54::SCWPlatform::DSA given /users/students/r0885482/Documents/DDP/sw_package_2026/sw_project/project_sw/ecc_project_wrapper/hw/ecc_project_wrapper.xsa
TRACE::2026-09-30.14:05:54::SCWPlatform::DSA absoulate path /users/students/r0885482/Documents/DDP/sw_package_2026/sw_project/project_sw/ecc_project_wrapper/hw/ecc_project_wrapper.xsa
TRACE::2026-09-30.14:05:54::SCWPlatform::DSA directory /users/students/r0885482/Documents/DDP/sw_package_2026/sw_project/project_sw/ecc_project_wrapper/hw
TRACE::2026-09-30.14:05:54::SCWPlatform:: Platform Path /users/students/r0885482/Documents/DDP/sw_package_2026/sw_project/project_sw/ecc_project_wrapper/hw/ecc_project_wrapper.xsa
TRACE::2026-09-30.14:05:54::SCWPlatform:: Unique name xilinx:pynq-z2::0.0
TRACE::2026-09-30.14:05:54::SCWPlatform::Trying to set the existing hwdb with name rsa_project_wrapper_0
TRACE::2026-09-30.14:05:54::SCWPlatform::Opened existing hwdb rsa_project_wrapper_0
TRACE::2026-09-30.14:05:54::SCWPlatform::Found the Hw Db part of the input DSA
TRACE::2026-09-30.14:05:54::SCWMssOS::Checking the sw design at  /users/students/r0885482/Documents/DDP/sw_package_2026/sw_project/project_sw/ecc_project_wrapper/zynq_fsbl/zynq_fsbl_bsp/system.mss
TRACE::2026-09-30.14:05:54::SCWMssOS::DEBUG:  swdes dump  /users/students/r0885482/Documents/DDP/sw_package_2026/sw_project/project_sw/ecc_project_wrapper/ps7_cortexa9_0/standalone_domain/bsp/system.mss|system_0||
/users/students/r0885482/Documents/DDP/sw_package_2026/sw_project/project_sw/ecc_project_wrapper/zynq_fsbl/zynq_fsbl_bsp/system.mss|system||

TRACE::2026-09-30.14:05:54::SCWMssOS::Sw design exists and opened at  /users/students/r0885482/Documents/DDP/sw_package_2026/sw_project/project_sw/ecc_project_wrapper/zynq_fsbl/zynq_fsbl_bsp/system.mss
TRACE::2026-09-30.14:05:54::SCWPlatform::Trying to open the hw design at /users/students/r0885482/Documents/DDP/sw_package_2026/sw_project/project_sw/ecc_project_wrapper/hw/ecc_project_wrapper.xsa
TRACE::2026-09-30.14:05:54::SCWPlatform::DSA given /users/students/r0885482/Documents/DDP/sw_package_2026/sw_project/project_sw/ecc_project_wrapper/hw/ecc_project_wrapper.xsa
TRACE::2026-09-30.14:05:54::SCWPlatform::DSA absoulate path /users/students/r0885482/Documents/DDP/sw_package_2026/sw_project/project_sw/ecc_project_wrapper/hw/ecc_project_wrapper.xsa
TRACE::2026-09-30.14:05:54::SCWPlatform::DSA directory /users/students/r0885482/Documents/DDP/sw_package_2026/sw_project/project_sw/ecc_project_wrapper/hw
TRACE::2026-09-30.14:05:54::SCWPlatform:: Platform Path /users/students/r0885482/Documents/DDP/sw_package_2026/sw_project/project_sw/ecc_project_wrapper/hw/ecc_project_wrapper.xsa
TRACE::2026-09-30.14:05:54::SCWPlatform:: Unique name xilinx:pynq-z2::0.0
TRACE::2026-09-30.14:05:54::SCWPlatform::Trying to set the existing hwdb with name rsa_project_wrapper_0
TRACE::2026-09-30.14:05:54::SCWPlatform::Opened existing hwdb rsa_project_wrapper_0
TRACE::2026-09-30.14:05:54::SCWPlatform::Found the Hw Db part of the input DSA
TRACE::2026-09-30.14:05:54::SCWMssOS::Checking the sw design at  /users/students/r0885482/Documents/DDP/sw_package_2026/sw_project/project_sw/ecc_project_wrapper/zynq_fsbl/zynq_fsbl_bsp/system.mss
TRACE::2026-09-30.14:05:54::SCWMssOS::DEBUG:  swdes dump  /users/students/r0885482/Documents/DDP/sw_package_2026/sw_project/project_sw/ecc_project_wrapper/ps7_cortexa9_0/standalone_domain/bsp/system.mss|system_0||
/users/students/r0885482/Documents/DDP/sw_package_2026/sw_project/project_sw/ecc_project_wrapper/zynq_fsbl/zynq_fsbl_bsp/system.mss|system||

TRACE::2026-09-30.14:05:54::SCWMssOS::Sw design exists and opened at  /users/students/r0885482/Documents/DDP/sw_package_2026/sw_project/project_sw/ecc_project_wrapper/zynq_fsbl/zynq_fsbl_bsp/system.mss
TRACE::2026-09-30.14:05:54::SCWPlatform::Trying to open the hw design at /users/students/r0885482/Documents/DDP/sw_package_2026/sw_project/project_sw/ecc_project_wrapper/hw/ecc_project_wrapper.xsa
TRACE::2026-09-30.14:05:54::SCWPlatform::DSA given /users/students/r0885482/Documents/DDP/sw_package_2026/sw_project/project_sw/ecc_project_wrapper/hw/ecc_project_wrapper.xsa
TRACE::2026-09-30.14:05:54::SCWPlatform::DSA absoulate path /users/students/r0885482/Documents/DDP/sw_package_2026/sw_project/project_sw/ecc_project_wrapper/hw/ecc_project_wrapper.xsa
TRACE::2026-09-30.14:05:54::SCWPlatform::DSA directory /users/students/r0885482/Documents/DDP/sw_package_2026/sw_project/project_sw/ecc_project_wrapper/hw
TRACE::2026-09-30.14:05:54::SCWPlatform:: Platform Path /users/students/r0885482/Documents/DDP/sw_package_2026/sw_project/project_sw/ecc_project_wrapper/hw/ecc_project_wrapper.xsa
TRACE::2026-09-30.14:05:54::SCWPlatform:: Unique name xilinx:pynq-z2::0.0
TRACE::2026-09-30.14:05:54::SCWPlatform::Trying to set the existing hwdb with name rsa_project_wrapper_0
TRACE::2026-09-30.14:05:54::SCWPlatform::Opened existing hwdb rsa_project_wrapper_0
TRACE::2026-09-30.14:05:54::SCWPlatform::Found the Hw Db part of the input DSA
TRACE::2026-09-30.14:05:54::SCWMssOS::Checking the sw design at  /users/students/r0885482/Documents/DDP/sw_package_2026/sw_project/project_sw/ecc_project_wrapper/ps7_cortexa9_0/standalone_domain/bsp/system.mss
TRACE::2026-09-30.14:05:54::SCWMssOS::DEBUG:  swdes dump  /users/students/r0885482/Documents/DDP/sw_package_2026/sw_project/project_sw/ecc_project_wrapper/ps7_cortexa9_0/standalone_domain/bsp/system.mss|system_0||
/users/students/r0885482/Documents/DDP/sw_package_2026/sw_project/project_sw/ecc_project_wrapper/zynq_fsbl/zynq_fsbl_bsp/system.mss|system||

TRACE::2026-09-30.14:05:54::SCWMssOS::Sw design exists and opened at  /users/students/r0885482/Documents/DDP/sw_package_2026/sw_project/project_sw/ecc_project_wrapper/ps7_cortexa9_0/standalone_domain/bsp/system.mss
TRACE::2026-09-30.14:05:54::SCWPlatform::Trying to open the hw design at /users/students/r0885482/Documents/DDP/sw_package_2026/sw_project/project_sw/ecc_project_wrapper/hw/ecc_project_wrapper.xsa
TRACE::2026-09-30.14:05:54::SCWPlatform::DSA given /users/students/r0885482/Documents/DDP/sw_package_2026/sw_project/project_sw/ecc_project_wrapper/hw/ecc_project_wrapper.xsa
TRACE::2026-09-30.14:05:54::SCWPlatform::DSA absoulate path /users/students/r0885482/Documents/DDP/sw_package_2026/sw_project/project_sw/ecc_project_wrapper/hw/ecc_project_wrapper.xsa
TRACE::2026-09-30.14:05:54::SCWPlatform::DSA directory /users/students/r0885482/Documents/DDP/sw_package_2026/sw_project/project_sw/ecc_project_wrapper/hw
TRACE::2026-09-30.14:05:54::SCWPlatform:: Platform Path /users/students/r0885482/Documents/DDP/sw_package_2026/sw_project/project_sw/ecc_project_wrapper/hw/ecc_project_wrapper.xsa
TRACE::2026-09-30.14:05:54::SCWPlatform:: Unique name xilinx:pynq-z2::0.0
TRACE::2026-09-30.14:05:54::SCWPlatform::Trying to set the existing hwdb with name rsa_project_wrapper_0
TRACE::2026-09-30.14:05:54::SCWPlatform::Opened existing hwdb rsa_project_wrapper_0
TRACE::2026-09-30.14:05:54::SCWPlatform::Found the Hw Db part of the input DSA
TRACE::2026-09-30.14:05:54::SCWMssOS::Checking the sw design at  /users/students/r0885482/Documents/DDP/sw_package_2026/sw_project/project_sw/ecc_project_wrapper/ps7_cortexa9_0/standalone_domain/bsp/system.mss
TRACE::2026-09-30.14:05:54::SCWMssOS::DEBUG:  swdes dump  /users/students/r0885482/Documents/DDP/sw_package_2026/sw_project/project_sw/ecc_project_wrapper/ps7_cortexa9_0/standalone_domain/bsp/system.mss|system_0||
/users/students/r0885482/Documents/DDP/sw_package_2026/sw_project/project_sw/ecc_project_wrapper/zynq_fsbl/zynq_fsbl_bsp/system.mss|system||

TRACE::2026-09-30.14:05:54::SCWMssOS::Sw design exists and opened at  /users/students/r0885482/Documents/DDP/sw_package_2026/sw_project/project_sw/ecc_project_wrapper/ps7_cortexa9_0/standalone_domain/bsp/system.mss
TRACE::2026-09-30.14:05:54::SCWPlatform::Trying to open the hw design at /users/students/r0885482/Documents/DDP/sw_package_2026/sw_project/project_sw/ecc_project_wrapper/hw/ecc_project_wrapper.xsa
TRACE::2026-09-30.14:05:54::SCWPlatform::DSA given /users/students/r0885482/Documents/DDP/sw_package_2026/sw_project/project_sw/ecc_project_wrapper/hw/ecc_project_wrapper.xsa
TRACE::2026-09-30.14:05:54::SCWPlatform::DSA absoulate path /users/students/r0885482/Documents/DDP/sw_package_2026/sw_project/project_sw/ecc_project_wrapper/hw/ecc_project_wrapper.xsa
TRACE::2026-09-30.14:05:54::SCWPlatform::DSA directory /users/students/r0885482/Documents/DDP/sw_package_2026/sw_project/project_sw/ecc_project_wrapper/hw
TRACE::2026-09-30.14:05:54::SCWPlatform:: Platform Path /users/students/r0885482/Documents/DDP/sw_package_2026/sw_project/project_sw/ecc_project_wrapper/hw/ecc_project_wrapper.xsa
TRACE::2026-09-30.14:05:54::SCWPlatform:: Unique name xilinx:pynq-z2::0.0
TRACE::2026-09-30.14:05:54::SCWPlatform::Trying to set the existing hwdb with name rsa_project_wrapper_0
TRACE::2026-09-30.14:05:54::SCWPlatform::Opened existing hwdb rsa_project_wrapper_0
TRACE::2026-09-30.14:05:54::SCWPlatform::Found the Hw Db part of the input DSA
TRACE::2026-09-30.14:05:54::SCWMssOS::Checking the sw design at  /users/students/r0885482/Documents/DDP/sw_package_2026/sw_project/project_sw/ecc_project_wrapper/ps7_cortexa9_0/standalone_domain/bsp/system.mss
TRACE::2026-09-30.14:05:54::SCWMssOS::DEBUG:  swdes dump  /users/students/r0885482/Documents/DDP/sw_package_2026/sw_project/project_sw/ecc_project_wrapper/ps7_cortexa9_0/standalone_domain/bsp/system.mss|system_0||
/users/students/r0885482/Documents/DDP/sw_package_2026/sw_project/project_sw/ecc_project_wrapper/zynq_fsbl/zynq_fsbl_bsp/system.mss|system||

TRACE::2026-09-30.14:05:54::SCWMssOS::Sw design exists and opened at  /users/students/r0885482/Documents/DDP/sw_package_2026/sw_project/project_sw/ecc_project_wrapper/ps7_cortexa9_0/standalone_domain/bsp/system.mss
TRACE::2026-09-30.14:05:54::SCWWriter::formatted JSON is {
	"platformName":	"ecc_project_wrapper",
	"sprVersion":	"2.0",
	"mode":	"cmd",
	"dsaType":	"Fixed",
	"platformDesc":	"ecc_project_wrapper",
	"platHandOff":	"src/tcl/ecc_project_wrapper.xsa",
	"platIntHandOff":	"<platformDir>/hw/ecc_project_wrapper.xsa",
	"deviceType":	"zynq",
	"platIsPrebuiltAutogen":	"false",
	"platIsNoBootBsp":	"false",
	"platFsblTarget":	"ps7_cortexa9_0",
	"hasFsblMakeHasChanges":	"false",
	"hasPmufwMakeHasChanges":	"false",
	"fsblExtraCompilerFlags":	"-MMD -MP       -mcpu=cortex-a9 -mfpu=vfpv3 -mfloat-abi=hard ",
	"platPreBuiltFlag":	false,
	"platformSamplesDir":	"",
	"platActiveSys":	"ecc_project_wrapper",
	"systems":	[{
			"systemName":	"ecc_project_wrapper",
			"systemDesc":	"ecc_project_wrapper",
			"sysIsBootAutoGen":	"true",
			"systemDispName":	"ecc_project_wrapper",
			"sysActiveDom":	"standalone_domain",
			"sysDefaultDom":	"standalone_domain",
			"domains":	[{
					"domainName":	"zynq_fsbl",
					"domainDispName":	"zynq_fsbl",
					"domainDesc":	"FSBL Application BSP - Auto Generated.",
					"processors":	"ps7_cortexa9_0",
					"os":	"standalone",
					"sdxOs":	"standalone",
					"debugEnable":	"",
					"domRuntimes":	["cpp"],
					"swRepo":	"",
					"mssOsVer":	"8.1",
					"mssFile":	"",
					"md5Digest":	"2c92122f18c5fd40d52fe668ff4c852c",
					"compatibleApp":	"zynq_fsbl",
					"domType":	"bootDomain",
					"arch":	"32-bit",
					"appSettings":	{
						"appCompilerFlags":	"",
						"appLinkerFlags":	""
					},
					"addedLibs":	["xilffs:5.0", "xilrsa:1.6"],
					"libOptions":	{
						"libsContainingOptions":	[]
					},
					"prebuiltLibs":	{
						"prebuiltIncPath":	[],
						"prebuiltLibPath":	[]
					},
					"isolation":	{
					}
				}, {
					"domainName":	"standalone_domain",
					"domainDispName":	"standalone on ps7_cortexa9_0",
					"domainDesc":	"standalone_domain",
					"processors":	"ps7_cortexa9_0",
					"os":	"standalone",
					"sdxOs":	"standalone",
					"qemuArgs":	"<platformDir>/resources/ecc_project_wrapper/standalone_domain/qemu_args.txt",
					"qemuData":	"<platformDir>/resources/ecc_project_wrapper/standalone_domain/qemu",
					"debugEnable":	"False",
					"domRuntimes":	["cpp"],
					"swRepo":	"",
					"mssOsVer":	"8.1",
					"mssFile":	"",
					"md5Digest":	"5458ab32d357d609abddc6af46557d25",
					"compatibleApp":	"hello_world",
					"domType":	"mssDomain",
					"arch":	"32-bit",
					"appSettings":	{
						"appCompilerFlags":	"",
						"appLinkerFlags":	""
					},
					"addedLibs":	[],
					"libOptions":	{
						"libsContainingOptions":	[]
					},
					"prebuiltLibs":	{
						"prebuiltIncPath":	[],
						"prebuiltLibPath":	[]
					},
					"isolation":	{
					}
				}]
		}]
}
KEYINFO::2026-09-30.14:05:54::SCWPlatform::updated the xpfm file.
TRACE::2026-09-30.14:05:54::SCWPlatform::Trying to open the hw design at /users/students/r0885482/Documents/DDP/sw_package_2026/sw_project/project_sw/ecc_project_wrapper/hw/ecc_project_wrapper.xsa
TRACE::2026-09-30.14:05:54::SCWPlatform::DSA given /users/students/r0885482/Documents/DDP/sw_package_2026/sw_project/project_sw/ecc_project_wrapper/hw/ecc_project_wrapper.xsa
TRACE::2026-09-30.14:05:54::SCWPlatform::DSA absoulate path /users/students/r0885482/Documents/DDP/sw_package_2026/sw_project/project_sw/ecc_project_wrapper/hw/ecc_project_wrapper.xsa
TRACE::2026-09-30.14:05:54::SCWPlatform::DSA directory /users/students/r0885482/Documents/DDP/sw_package_2026/sw_project/project_sw/ecc_project_wrapper/hw
TRACE::2026-09-30.14:05:54::SCWPlatform:: Platform Path /users/students/r0885482/Documents/DDP/sw_package_2026/sw_project/project_sw/ecc_project_wrapper/hw/ecc_project_wrapper.xsa
TRACE::2026-09-30.14:05:54::SCWPlatform:: Unique name xilinx:pynq-z2::0.0
TRACE::2026-09-30.14:05:54::SCWPlatform::Trying to set the existing hwdb with name rsa_project_wrapper_0
TRACE::2026-09-30.14:05:54::SCWPlatform::Opened existing hwdb rsa_project_wrapper_0
TRACE::2026-09-30.14:05:54::SCWPlatform::Found the Hw Db part of the input DSA
TRACE::2026-09-30.14:05:54::SCWMssOS::Checking the sw design at  /users/students/r0885482/Documents/DDP/sw_package_2026/sw_project/project_sw/ecc_project_wrapper/ps7_cortexa9_0/standalone_domain/bsp/system.mss
TRACE::2026-09-30.14:05:54::SCWMssOS::DEBUG:  swdes dump  /users/students/r0885482/Documents/DDP/sw_package_2026/sw_project/project_sw/ecc_project_wrapper/ps7_cortexa9_0/standalone_domain/bsp/system.mss|system_0||
/users/students/r0885482/Documents/DDP/sw_package_2026/sw_project/project_sw/ecc_project_wrapper/zynq_fsbl/zynq_fsbl_bsp/system.mss|system||

TRACE::2026-09-30.14:05:54::SCWMssOS::Sw design exists and opened at  /users/students/r0885482/Documents/DDP/sw_package_2026/sw_project/project_sw/ecc_project_wrapper/ps7_cortexa9_0/standalone_domain/bsp/system.mss
TRACE::2026-09-30.14:10:00::SCWPlatform::Trying to open the hw design at /users/students/r0885482/Documents/DDP/sw_package_2026/sw_project/project_sw/ecc_project_wrapper/hw/ecc_project_wrapper.xsa
TRACE::2026-09-30.14:10:00::SCWPlatform::DSA given /users/students/r0885482/Documents/DDP/sw_package_2026/sw_project/project_sw/ecc_project_wrapper/hw/ecc_project_wrapper.xsa
TRACE::2026-09-30.14:10:00::SCWPlatform::DSA absoulate path /users/students/r0885482/Documents/DDP/sw_package_2026/sw_project/project_sw/ecc_project_wrapper/hw/ecc_project_wrapper.xsa
TRACE::2026-09-30.14:10:00::SCWPlatform::DSA directory /users/students/r0885482/Documents/DDP/sw_package_2026/sw_project/project_sw/ecc_project_wrapper/hw
TRACE::2026-09-30.14:10:00::SCWPlatform:: Platform Path /users/students/r0885482/Documents/DDP/sw_package_2026/sw_project/project_sw/ecc_project_wrapper/hw/ecc_project_wrapper.xsa
TRACE::2026-09-30.14:10:00::SCWPlatform:: Unique name xilinx:pynq-z2::0.0
TRACE::2026-09-30.14:10:00::SCWPlatform::Do not have an existing db opened. 
TRACE::2026-09-30.14:10:02::SCWPlatform::Opened new HwDB with name rsa_project_wrapper
TRACE::2026-09-30.14:10:02::SCWReader::Active system found as  ecc_project_wrapper
TRACE::2026-09-30.14:10:02::SCWReader::Handling sysconfig ecc_project_wrapper
TRACE::2026-09-30.14:10:02::SCWDomain::checking for install qemu data   : 
TRACE::2026-09-30.14:10:02::SCWDomain:: Using the QEMU Data from install at  : /esat/micas-data/software/Xilinx/vitis_2023.1/Vitis/2023.1/data/emulation/platforms/zynq/sw/a9_standalone/qemu/
TRACE::2026-09-30.14:10:02::SCWDomain:: Using the QEMU args  from install at  : /esat/micas-data/software/Xilinx/vitis_2023.1/Vitis/2023.1/data/emulation/platforms/zynq/sw/a9_standalone/qemu/qemu_args.txt
TRACE::2026-09-30.14:10:02::SCWPlatform::Trying to open the hw design at /users/students/r0885482/Documents/DDP/sw_package_2026/sw_project/project_sw/ecc_project_wrapper/hw/ecc_project_wrapper.xsa
TRACE::2026-09-30.14:10:02::SCWPlatform::DSA given /users/students/r0885482/Documents/DDP/sw_package_2026/sw_project/project_sw/ecc_project_wrapper/hw/ecc_project_wrapper.xsa
TRACE::2026-09-30.14:10:02::SCWPlatform::DSA absoulate path /users/students/r0885482/Documents/DDP/sw_package_2026/sw_project/project_sw/ecc_project_wrapper/hw/ecc_project_wrapper.xsa
TRACE::2026-09-30.14:10:02::SCWPlatform::DSA directory /users/students/r0885482/Documents/DDP/sw_package_2026/sw_project/project_sw/ecc_project_wrapper/hw
TRACE::2026-09-30.14:10:02::SCWPlatform:: Platform Path /users/students/r0885482/Documents/DDP/sw_package_2026/sw_project/project_sw/ecc_project_wrapper/hw/ecc_project_wrapper.xsa
TRACE::2026-09-30.14:10:02::SCWPlatform:: Unique name xilinx:pynq-z2::0.0
TRACE::2026-09-30.14:10:02::SCWPlatform::Trying to set the existing hwdb with name rsa_project_wrapper
TRACE::2026-09-30.14:10:02::SCWPlatform::Opened existing hwdb rsa_project_wrapper
TRACE::2026-09-30.14:10:02::SCWPlatform::Found the Hw Db part of the input DSA
TRACE::2026-09-30.14:10:02::SCWPlatform::Trying to open the hw design at /users/students/r0885482/Documents/DDP/sw_package_2026/sw_project/project_sw/ecc_project_wrapper/hw/ecc_project_wrapper.xsa
TRACE::2026-09-30.14:10:02::SCWPlatform::DSA given /users/students/r0885482/Documents/DDP/sw_package_2026/sw_project/project_sw/ecc_project_wrapper/hw/ecc_project_wrapper.xsa
TRACE::2026-09-30.14:10:02::SCWPlatform::DSA absoulate path /users/students/r0885482/Documents/DDP/sw_package_2026/sw_project/project_sw/ecc_project_wrapper/hw/ecc_project_wrapper.xsa
TRACE::2026-09-30.14:10:02::SCWPlatform::DSA directory /users/students/r0885482/Documents/DDP/sw_package_2026/sw_project/project_sw/ecc_project_wrapper/hw
TRACE::2026-09-30.14:10:02::SCWPlatform:: Platform Path /users/students/r0885482/Documents/DDP/sw_package_2026/sw_project/project_sw/ecc_project_wrapper/hw/ecc_project_wrapper.xsa
TRACE::2026-09-30.14:10:02::SCWPlatform:: Unique name xilinx:pynq-z2::0.0
TRACE::2026-09-30.14:10:02::SCWPlatform::Trying to set the existing hwdb with name rsa_project_wrapper
TRACE::2026-09-30.14:10:02::SCWPlatform::Opened existing hwdb rsa_project_wrapper
TRACE::2026-09-30.14:10:02::SCWPlatform::Found the Hw Db part of the input DSA
TRACE::2026-09-30.14:10:02::SCWPlatform::Trying to open the hw design at /users/students/r0885482/Documents/DDP/sw_package_2026/sw_project/project_sw/ecc_project_wrapper/hw/ecc_project_wrapper.xsa
TRACE::2026-09-30.14:10:02::SCWPlatform::DSA given /users/students/r0885482/Documents/DDP/sw_package_2026/sw_project/project_sw/ecc_project_wrapper/hw/ecc_project_wrapper.xsa
TRACE::2026-09-30.14:10:02::SCWPlatform::DSA absoulate path /users/students/r0885482/Documents/DDP/sw_package_2026/sw_project/project_sw/ecc_project_wrapper/hw/ecc_project_wrapper.xsa
TRACE::2026-09-30.14:10:02::SCWPlatform::DSA directory /users/students/r0885482/Documents/DDP/sw_package_2026/sw_project/project_sw/ecc_project_wrapper/hw
TRACE::2026-09-30.14:10:02::SCWPlatform:: Platform Path /users/students/r0885482/Documents/DDP/sw_package_2026/sw_project/project_sw/ecc_project_wrapper/hw/ecc_project_wrapper.xsa
TRACE::2026-09-30.14:10:02::SCWPlatform:: Unique name xilinx:pynq-z2::0.0
TRACE::2026-09-30.14:10:02::SCWPlatform::Trying to set the existing hwdb with name rsa_project_wrapper
TRACE::2026-09-30.14:10:02::SCWPlatform::Opened existing hwdb rsa_project_wrapper
TRACE::2026-09-30.14:10:02::SCWPlatform::Found the Hw Db part of the input DSA
TRACE::2026-09-30.14:10:02::SCWReader::Boot application domain added for zynq_fsbl
TRACE::2026-09-30.14:10:02::SCWPlatform::Trying to open the hw design at /users/students/r0885482/Documents/DDP/sw_package_2026/sw_project/project_sw/ecc_project_wrapper/hw/ecc_project_wrapper.xsa
TRACE::2026-09-30.14:10:02::SCWPlatform::DSA given /users/students/r0885482/Documents/DDP/sw_package_2026/sw_project/project_sw/ecc_project_wrapper/hw/ecc_project_wrapper.xsa
TRACE::2026-09-30.14:10:02::SCWPlatform::DSA absoulate path /users/students/r0885482/Documents/DDP/sw_package_2026/sw_project/project_sw/ecc_project_wrapper/hw/ecc_project_wrapper.xsa
TRACE::2026-09-30.14:10:02::SCWPlatform::DSA directory /users/students/r0885482/Documents/DDP/sw_package_2026/sw_project/project_sw/ecc_project_wrapper/hw
TRACE::2026-09-30.14:10:02::SCWPlatform:: Platform Path /users/students/r0885482/Documents/DDP/sw_package_2026/sw_project/project_sw/ecc_project_wrapper/hw/ecc_project_wrapper.xsa
TRACE::2026-09-30.14:10:02::SCWPlatform:: Unique name xilinx:pynq-z2::0.0
TRACE::2026-09-30.14:10:02::SCWPlatform::Trying to set the existing hwdb with name rsa_project_wrapper
TRACE::2026-09-30.14:10:02::SCWPlatform::Opened existing hwdb rsa_project_wrapper
TRACE::2026-09-30.14:10:02::SCWPlatform::Found the Hw Db part of the input DSA
TRACE::2026-09-30.14:10:02::SCWMssOS::Checking the sw design at  /users/students/r0885482/Documents/DDP/sw_package_2026/sw_project/project_sw/ecc_project_wrapper/zynq_fsbl/zynq_fsbl_bsp/system.mss
TRACE::2026-09-30.14:10:02::SCWMssOS::DEBUG:  swdes dump  
TRACE::2026-09-30.14:10:02::SCWMssOS::No sw design opened at  /users/students/r0885482/Documents/DDP/sw_package_2026/sw_project/project_sw/ecc_project_wrapper/zynq_fsbl/zynq_fsbl_bsp/system.mss
TRACE::2026-09-30.14:10:02::SCWMssOS::mss exists loading the mss file  /users/students/r0885482/Documents/DDP/sw_package_2026/sw_project/project_sw/ecc_project_wrapper/zynq_fsbl/zynq_fsbl_bsp/system.mss
TRACE::2026-09-30.14:10:02::SCWMssOS::Opened the sw design from mss  /users/students/r0885482/Documents/DDP/sw_package_2026/sw_project/project_sw/ecc_project_wrapper/zynq_fsbl/zynq_fsbl_bsp/system.mss
TRACE::2026-09-30.14:10:02::SCWMssOS::Adding the swdes entry /users/students/r0885482/Documents/DDP/sw_package_2026/sw_project/project_sw/ecc_project_wrapper/zynq_fsbl/zynq_fsbl_bsp/system.mss with des name system
TRACE::2026-09-30.14:10:02::SCWMssOS::updating the scw layer about changes
TRACE::2026-09-30.14:10:02::SCWMssOS::Opened the sw design.  /users/students/r0885482/Documents/DDP/sw_package_2026/sw_project/project_sw/ecc_project_wrapper/zynq_fsbl/zynq_fsbl_bsp/system.mss
TRACE::2026-09-30.14:10:02::SCWPlatform::Trying to open the hw design at /users/students/r0885482/Documents/DDP/sw_package_2026/sw_project/project_sw/ecc_project_wrapper/hw/ecc_project_wrapper.xsa
TRACE::2026-09-30.14:10:02::SCWPlatform::DSA given /users/students/r0885482/Documents/DDP/sw_package_2026/sw_project/project_sw/ecc_project_wrapper/hw/ecc_project_wrapper.xsa
TRACE::2026-09-30.14:10:02::SCWPlatform::DSA absoulate path /users/students/r0885482/Documents/DDP/sw_package_2026/sw_project/project_sw/ecc_project_wrapper/hw/ecc_project_wrapper.xsa
TRACE::2026-09-30.14:10:02::SCWPlatform::DSA directory /users/students/r0885482/Documents/DDP/sw_package_2026/sw_project/project_sw/ecc_project_wrapper/hw
TRACE::2026-09-30.14:10:02::SCWPlatform:: Platform Path /users/students/r0885482/Documents/DDP/sw_package_2026/sw_project/project_sw/ecc_project_wrapper/hw/ecc_project_wrapper.xsa
TRACE::2026-09-30.14:10:02::SCWPlatform:: Unique name xilinx:pynq-z2::0.0
TRACE::2026-09-30.14:10:02::SCWPlatform::Trying to set the existing hwdb with name rsa_project_wrapper
TRACE::2026-09-30.14:10:02::SCWPlatform::Opened existing hwdb rsa_project_wrapper
TRACE::2026-09-30.14:10:02::SCWPlatform::Found the Hw Db part of the input DSA
TRACE::2026-09-30.14:10:02::SCWMssOS::Checking the sw design at  /users/students/r0885482/Documents/DDP/sw_package_2026/sw_project/project_sw/ecc_project_wrapper/zynq_fsbl/zynq_fsbl_bsp/system.mss
TRACE::2026-09-30.14:10:02::SCWMssOS::DEBUG:  swdes dump  /users/students/r0885482/Documents/DDP/sw_package_2026/sw_project/project_sw/ecc_project_wrapper/zynq_fsbl/zynq_fsbl_bsp/system.mss|system||

TRACE::2026-09-30.14:10:02::SCWMssOS::Sw design exists and opened at  /users/students/r0885482/Documents/DDP/sw_package_2026/sw_project/project_sw/ecc_project_wrapper/zynq_fsbl/zynq_fsbl_bsp/system.mss
TRACE::2026-09-30.14:10:02::SCWMssOS:: library already available in sw design:  xilffs:5.0
TRACE::2026-09-30.14:10:02::SCWPlatform::Trying to open the hw design at /users/students/r0885482/Documents/DDP/sw_package_2026/sw_project/project_sw/ecc_project_wrapper/hw/ecc_project_wrapper.xsa
TRACE::2026-09-30.14:10:02::SCWPlatform::DSA given /users/students/r0885482/Documents/DDP/sw_package_2026/sw_project/project_sw/ecc_project_wrapper/hw/ecc_project_wrapper.xsa
TRACE::2026-09-30.14:10:02::SCWPlatform::DSA absoulate path /users/students/r0885482/Documents/DDP/sw_package_2026/sw_project/project_sw/ecc_project_wrapper/hw/ecc_project_wrapper.xsa
TRACE::2026-09-30.14:10:02::SCWPlatform::DSA directory /users/students/r0885482/Documents/DDP/sw_package_2026/sw_project/project_sw/ecc_project_wrapper/hw
TRACE::2026-09-30.14:10:02::SCWPlatform:: Platform Path /users/students/r0885482/Documents/DDP/sw_package_2026/sw_project/project_sw/ecc_project_wrapper/hw/ecc_project_wrapper.xsa
TRACE::2026-09-30.14:10:02::SCWPlatform:: Unique name xilinx:pynq-z2::0.0
TRACE::2026-09-30.14:10:02::SCWPlatform::Trying to set the existing hwdb with name rsa_project_wrapper
TRACE::2026-09-30.14:10:02::SCWPlatform::Opened existing hwdb rsa_project_wrapper
TRACE::2026-09-30.14:10:02::SCWPlatform::Found the Hw Db part of the input DSA
TRACE::2026-09-30.14:10:02::SCWMssOS::Checking the sw design at  /users/students/r0885482/Documents/DDP/sw_package_2026/sw_project/project_sw/ecc_project_wrapper/zynq_fsbl/zynq_fsbl_bsp/system.mss
TRACE::2026-09-30.14:10:02::SCWMssOS::DEBUG:  swdes dump  /users/students/r0885482/Documents/DDP/sw_package_2026/sw_project/project_sw/ecc_project_wrapper/zynq_fsbl/zynq_fsbl_bsp/system.mss|system||

TRACE::2026-09-30.14:10:02::SCWMssOS::Sw design exists and opened at  /users/students/r0885482/Documents/DDP/sw_package_2026/sw_project/project_sw/ecc_project_wrapper/zynq_fsbl/zynq_fsbl_bsp/system.mss
TRACE::2026-09-30.14:10:02::SCWMssOS:: library already available in sw design:  xilrsa:1.6
TRACE::2026-09-30.14:10:02::SCWMssOS::Saving the mss changes /users/students/r0885482/Documents/DDP/sw_package_2026/sw_project/project_sw/ecc_project_wrapper/zynq_fsbl/zynq_fsbl_bsp/system.mss
TRACE::2026-09-30.14:10:02::SCWMssOS::Found a swdesign opened with the mssfile.
TRACE::2026-09-30.14:10:02::SCWMssOS::Completed writemss as part of save.
TRACE::2026-09-30.14:10:02::SCWMssOS::Commit changes completed.
TRACE::2026-09-30.14:10:02::SCWReader::Adding prebuilt librarypaths as   
TRACE::2026-09-30.14:10:02::SCWReader::Adding prebuilt incpaths  as   
TRACE::2026-09-30.14:10:02::SCWPlatform::Trying to open the hw design at /users/students/r0885482/Documents/DDP/sw_package_2026/sw_project/project_sw/ecc_project_wrapper/hw/ecc_project_wrapper.xsa
TRACE::2026-09-30.14:10:02::SCWPlatform::DSA given /users/students/r0885482/Documents/DDP/sw_package_2026/sw_project/project_sw/ecc_project_wrapper/hw/ecc_project_wrapper.xsa
TRACE::2026-09-30.14:10:02::SCWPlatform::DSA absoulate path /users/students/r0885482/Documents/DDP/sw_package_2026/sw_project/project_sw/ecc_project_wrapper/hw/ecc_project_wrapper.xsa
TRACE::2026-09-30.14:10:02::SCWPlatform::DSA directory /users/students/r0885482/Documents/DDP/sw_package_2026/sw_project/project_sw/ecc_project_wrapper/hw
TRACE::2026-09-30.14:10:02::SCWPlatform:: Platform Path /users/students/r0885482/Documents/DDP/sw_package_2026/sw_project/project_sw/ecc_project_wrapper/hw/ecc_project_wrapper.xsa
TRACE::2026-09-30.14:10:02::SCWPlatform:: Unique name xilinx:pynq-z2::0.0
TRACE::2026-09-30.14:10:02::SCWPlatform::Trying to set the existing hwdb with name rsa_project_wrapper
TRACE::2026-09-30.14:10:02::SCWPlatform::Opened existing hwdb rsa_project_wrapper
TRACE::2026-09-30.14:10:02::SCWPlatform::Found the Hw Db part of the input DSA
TRACE::2026-09-30.14:10:02::SCWMssOS::Checking the sw design at  /users/students/r0885482/Documents/DDP/sw_package_2026/sw_project/project_sw/ecc_project_wrapper/zynq_fsbl/zynq_fsbl_bsp/system.mss
TRACE::2026-09-30.14:10:02::SCWMssOS::DEBUG:  swdes dump  /users/students/r0885482/Documents/DDP/sw_package_2026/sw_project/project_sw/ecc_project_wrapper/zynq_fsbl/zynq_fsbl_bsp/system.mss|system||

TRACE::2026-09-30.14:10:02::SCWMssOS::Sw design exists and opened at  /users/students/r0885482/Documents/DDP/sw_package_2026/sw_project/project_sw/ecc_project_wrapper/zynq_fsbl/zynq_fsbl_bsp/system.mss
TRACE::2026-09-30.14:10:02::SCWReader::No isolation master present  
TRACE::2026-09-30.14:10:02::SCWDomain::checking for install qemu data   : 
TRACE::2026-09-30.14:10:02::SCWDomain:: Using the QEMU Data from install at  : /esat/micas-data/software/Xilinx/vitis_2023.1/Vitis/2023.1/data/emulation/platforms/zynq/sw/a9_standalone/qemu/
TRACE::2026-09-30.14:10:02::SCWDomain:: Using the QEMU args  from install at  : /esat/micas-data/software/Xilinx/vitis_2023.1/Vitis/2023.1/data/emulation/platforms/zynq/sw/a9_standalone/qemu/qemu_args.txt
TRACE::2026-09-30.14:10:02::SCWPlatform::Trying to open the hw design at /users/students/r0885482/Documents/DDP/sw_package_2026/sw_project/project_sw/ecc_project_wrapper/hw/ecc_project_wrapper.xsa
TRACE::2026-09-30.14:10:02::SCWPlatform::DSA given /users/students/r0885482/Documents/DDP/sw_package_2026/sw_project/project_sw/ecc_project_wrapper/hw/ecc_project_wrapper.xsa
TRACE::2026-09-30.14:10:02::SCWPlatform::DSA absoulate path /users/students/r0885482/Documents/DDP/sw_package_2026/sw_project/project_sw/ecc_project_wrapper/hw/ecc_project_wrapper.xsa
TRACE::2026-09-30.14:10:02::SCWPlatform::DSA directory /users/students/r0885482/Documents/DDP/sw_package_2026/sw_project/project_sw/ecc_project_wrapper/hw
TRACE::2026-09-30.14:10:02::SCWPlatform:: Platform Path /users/students/r0885482/Documents/DDP/sw_package_2026/sw_project/project_sw/ecc_project_wrapper/hw/ecc_project_wrapper.xsa
TRACE::2026-09-30.14:10:02::SCWPlatform:: Unique name xilinx:pynq-z2::0.0
TRACE::2026-09-30.14:10:02::SCWPlatform::Trying to set the existing hwdb with name rsa_project_wrapper
TRACE::2026-09-30.14:10:02::SCWPlatform::Opened existing hwdb rsa_project_wrapper
TRACE::2026-09-30.14:10:02::SCWPlatform::Found the Hw Db part of the input DSA
TRACE::2026-09-30.14:10:02::SCWPlatform::Trying to open the hw design at /users/students/r0885482/Documents/DDP/sw_package_2026/sw_project/project_sw/ecc_project_wrapper/hw/ecc_project_wrapper.xsa
TRACE::2026-09-30.14:10:02::SCWPlatform::DSA given /users/students/r0885482/Documents/DDP/sw_package_2026/sw_project/project_sw/ecc_project_wrapper/hw/ecc_project_wrapper.xsa
TRACE::2026-09-30.14:10:02::SCWPlatform::DSA absoulate path /users/students/r0885482/Documents/DDP/sw_package_2026/sw_project/project_sw/ecc_project_wrapper/hw/ecc_project_wrapper.xsa
TRACE::2026-09-30.14:10:02::SCWPlatform::DSA directory /users/students/r0885482/Documents/DDP/sw_package_2026/sw_project/project_sw/ecc_project_wrapper/hw
TRACE::2026-09-30.14:10:02::SCWPlatform:: Platform Path /users/students/r0885482/Documents/DDP/sw_package_2026/sw_project/project_sw/ecc_project_wrapper/hw/ecc_project_wrapper.xsa
TRACE::2026-09-30.14:10:02::SCWPlatform:: Unique name xilinx:pynq-z2::0.0
TRACE::2026-09-30.14:10:02::SCWPlatform::Trying to set the existing hwdb with name rsa_project_wrapper
TRACE::2026-09-30.14:10:02::SCWPlatform::Opened existing hwdb rsa_project_wrapper
TRACE::2026-09-30.14:10:02::SCWPlatform::Found the Hw Db part of the input DSA
TRACE::2026-09-30.14:10:02::SCWPlatform::Trying to open the hw design at /users/students/r0885482/Documents/DDP/sw_package_2026/sw_project/project_sw/ecc_project_wrapper/hw/ecc_project_wrapper.xsa
TRACE::2026-09-30.14:10:02::SCWPlatform::DSA given /users/students/r0885482/Documents/DDP/sw_package_2026/sw_project/project_sw/ecc_project_wrapper/hw/ecc_project_wrapper.xsa
TRACE::2026-09-30.14:10:02::SCWPlatform::DSA absoulate path /users/students/r0885482/Documents/DDP/sw_package_2026/sw_project/project_sw/ecc_project_wrapper/hw/ecc_project_wrapper.xsa
TRACE::2026-09-30.14:10:02::SCWPlatform::DSA directory /users/students/r0885482/Documents/DDP/sw_package_2026/sw_project/project_sw/ecc_project_wrapper/hw
TRACE::2026-09-30.14:10:02::SCWPlatform:: Platform Path /users/students/r0885482/Documents/DDP/sw_package_2026/sw_project/project_sw/ecc_project_wrapper/hw/ecc_project_wrapper.xsa
TRACE::2026-09-30.14:10:02::SCWPlatform:: Unique name xilinx:pynq-z2::0.0
TRACE::2026-09-30.14:10:02::SCWPlatform::Trying to set the existing hwdb with name rsa_project_wrapper
TRACE::2026-09-30.14:10:02::SCWPlatform::Opened existing hwdb rsa_project_wrapper
TRACE::2026-09-30.14:10:02::SCWPlatform::Found the Hw Db part of the input DSA
TRACE::2026-09-30.14:10:02::SCWMssOS::Checking the sw design at  /users/students/r0885482/Documents/DDP/sw_package_2026/sw_project/project_sw/ecc_project_wrapper/ps7_cortexa9_0/standalone_domain/bsp/system.mss
TRACE::2026-09-30.14:10:02::SCWMssOS::DEBUG:  swdes dump  /users/students/r0885482/Documents/DDP/sw_package_2026/sw_project/project_sw/ecc_project_wrapper/zynq_fsbl/zynq_fsbl_bsp/system.mss|system||

TRACE::2026-09-30.14:10:02::SCWMssOS::No sw design opened at  /users/students/r0885482/Documents/DDP/sw_package_2026/sw_project/project_sw/ecc_project_wrapper/ps7_cortexa9_0/standalone_domain/bsp/system.mss
TRACE::2026-09-30.14:10:02::SCWMssOS::mss exists loading the mss file  /users/students/r0885482/Documents/DDP/sw_package_2026/sw_project/project_sw/ecc_project_wrapper/ps7_cortexa9_0/standalone_domain/bsp/system.mss
TRACE::2026-09-30.14:10:02::SCWMssOS::Opened the sw design from mss  /users/students/r0885482/Documents/DDP/sw_package_2026/sw_project/project_sw/ecc_project_wrapper/ps7_cortexa9_0/standalone_domain/bsp/system.mss
TRACE::2026-09-30.14:10:02::SCWMssOS::Adding the swdes entry /users/students/r0885482/Documents/DDP/sw_package_2026/sw_project/project_sw/ecc_project_wrapper/ps7_cortexa9_0/standalone_domain/bsp/system.mss with des name system_0
TRACE::2026-09-30.14:10:02::SCWMssOS::updating the scw layer about changes
TRACE::2026-09-30.14:10:02::SCWMssOS::Opened the sw design.  /users/students/r0885482/Documents/DDP/sw_package_2026/sw_project/project_sw/ecc_project_wrapper/ps7_cortexa9_0/standalone_domain/bsp/system.mss
TRACE::2026-09-30.14:10:02::SCWMssOS::Saving the mss changes /users/students/r0885482/Documents/DDP/sw_package_2026/sw_project/project_sw/ecc_project_wrapper/ps7_cortexa9_0/standalone_domain/bsp/system.mss
TRACE::2026-09-30.14:10:02::SCWMssOS::Found a swdesign opened with the mssfile.
TRACE::2026-09-30.14:10:02::SCWMssOS::Completed writemss as part of save.
TRACE::2026-09-30.14:10:02::SCWMssOS::Commit changes completed.
TRACE::2026-09-30.14:10:02::SCWReader::Adding prebuilt librarypaths as   
TRACE::2026-09-30.14:10:02::SCWReader::Adding prebuilt incpaths  as   
TRACE::2026-09-30.14:10:02::SCWPlatform::Trying to open the hw design at /users/students/r0885482/Documents/DDP/sw_package_2026/sw_project/project_sw/ecc_project_wrapper/hw/ecc_project_wrapper.xsa
TRACE::2026-09-30.14:10:02::SCWPlatform::DSA given /users/students/r0885482/Documents/DDP/sw_package_2026/sw_project/project_sw/ecc_project_wrapper/hw/ecc_project_wrapper.xsa
TRACE::2026-09-30.14:10:02::SCWPlatform::DSA absoulate path /users/students/r0885482/Documents/DDP/sw_package_2026/sw_project/project_sw/ecc_project_wrapper/hw/ecc_project_wrapper.xsa
TRACE::2026-09-30.14:10:02::SCWPlatform::DSA directory /users/students/r0885482/Documents/DDP/sw_package_2026/sw_project/project_sw/ecc_project_wrapper/hw
TRACE::2026-09-30.14:10:02::SCWPlatform:: Platform Path /users/students/r0885482/Documents/DDP/sw_package_2026/sw_project/project_sw/ecc_project_wrapper/hw/ecc_project_wrapper.xsa
TRACE::2026-09-30.14:10:02::SCWPlatform:: Unique name xilinx:pynq-z2::0.0
TRACE::2026-09-30.14:10:02::SCWPlatform::Trying to set the existing hwdb with name rsa_project_wrapper
TRACE::2026-09-30.14:10:02::SCWPlatform::Opened existing hwdb rsa_project_wrapper
TRACE::2026-09-30.14:10:02::SCWPlatform::Found the Hw Db part of the input DSA
TRACE::2026-09-30.14:10:02::SCWMssOS::Checking the sw design at  /users/students/r0885482/Documents/DDP/sw_package_2026/sw_project/project_sw/ecc_project_wrapper/ps7_cortexa9_0/standalone_domain/bsp/system.mss
TRACE::2026-09-30.14:10:02::SCWMssOS::DEBUG:  swdes dump  /users/students/r0885482/Documents/DDP/sw_package_2026/sw_project/project_sw/ecc_project_wrapper/ps7_cortexa9_0/standalone_domain/bsp/system.mss|system_0||
/users/students/r0885482/Documents/DDP/sw_package_2026/sw_project/project_sw/ecc_project_wrapper/zynq_fsbl/zynq_fsbl_bsp/system.mss|system||

TRACE::2026-09-30.14:10:02::SCWMssOS::Sw design exists and opened at  /users/students/r0885482/Documents/DDP/sw_package_2026/sw_project/project_sw/ecc_project_wrapper/ps7_cortexa9_0/standalone_domain/bsp/system.mss
TRACE::2026-09-30.14:10:02::SCWReader::No isolation master present  
LOG::2026-09-30.14:10:02::SCWPlatform::Started generating the artifacts platform ecc_project_wrapper
TRACE::2026-09-30.14:10:02::SCWPlatform::Sanity checking of platform is completed
LOG::2026-09-30.14:10:02::SCWPlatform::Started generating the artifacts for system configuration ecc_project_wrapper
LOG::2026-09-30.14:10:02::SCWSystem::Checking the domain zynq_fsbl
LOG::2026-09-30.14:10:02::SCWSystem::Doing application build for :  zynq_fsbl
TRACE::2026-09-30.14:10:02::SCWBDomain::Not a forced makefile updation, No changes are present. 
TRACE::2026-09-30.14:10:02::SCWDomain::Building the domain as part of full build :  zynq_fsbl
TRACE::2026-09-30.14:10:02::SCWPlatform::Trying to open the hw design at /users/students/r0885482/Documents/DDP/sw_package_2026/sw_project/project_sw/ecc_project_wrapper/hw/ecc_project_wrapper.xsa
TRACE::2026-09-30.14:10:02::SCWPlatform::DSA given /users/students/r0885482/Documents/DDP/sw_package_2026/sw_project/project_sw/ecc_project_wrapper/hw/ecc_project_wrapper.xsa
TRACE::2026-09-30.14:10:02::SCWPlatform::DSA absoulate path /users/students/r0885482/Documents/DDP/sw_package_2026/sw_project/project_sw/ecc_project_wrapper/hw/ecc_project_wrapper.xsa
TRACE::2026-09-30.14:10:02::SCWPlatform::DSA directory /users/students/r0885482/Documents/DDP/sw_package_2026/sw_project/project_sw/ecc_project_wrapper/hw
TRACE::2026-09-30.14:10:02::SCWPlatform:: Platform Path /users/students/r0885482/Documents/DDP/sw_package_2026/sw_project/project_sw/ecc_project_wrapper/hw/ecc_project_wrapper.xsa
TRACE::2026-09-30.14:10:02::SCWPlatform:: Unique name xilinx:pynq-z2::0.0
TRACE::2026-09-30.14:10:02::SCWPlatform::Trying to set the existing hwdb with name rsa_project_wrapper
TRACE::2026-09-30.14:10:02::SCWPlatform::Opened existing hwdb rsa_project_wrapper
TRACE::2026-09-30.14:10:02::SCWPlatform::Found the Hw Db part of the input DSA
TRACE::2026-09-30.14:10:02::SCWMssOS::Checking the sw design at  /users/students/r0885482/Documents/DDP/sw_package_2026/sw_project/project_sw/ecc_project_wrapper/zynq_fsbl/zynq_fsbl_bsp/system.mss
TRACE::2026-09-30.14:10:02::SCWMssOS::DEBUG:  swdes dump  /users/students/r0885482/Documents/DDP/sw_package_2026/sw_project/project_sw/ecc_project_wrapper/ps7_cortexa9_0/standalone_domain/bsp/system.mss|system_0||
/users/students/r0885482/Documents/DDP/sw_package_2026/sw_project/project_sw/ecc_project_wrapper/zynq_fsbl/zynq_fsbl_bsp/system.mss|system||

TRACE::2026-09-30.14:10:02::SCWMssOS::Sw design exists and opened at  /users/students/r0885482/Documents/DDP/sw_package_2026/sw_project/project_sw/ecc_project_wrapper/zynq_fsbl/zynq_fsbl_bsp/system.mss
TRACE::2026-09-30.14:10:02::SCWBDomain::Completed writing the mss file at /users/students/r0885482/Documents/DDP/sw_package_2026/sw_project/project_sw/ecc_project_wrapper/zynq_fsbl/zynq_fsbl_bsp
TRACE::2026-09-30.14:10:02::SCWBDomain::bsp generated is upto date with the mss file. Skipping bsp generation.
TRACE::2026-09-30.14:10:02::SCWBDomain::Not a forced makefile updation, No changes are present. 
TRACE::2026-09-30.14:10:02::SCWBDomain::System Command Ran  cd  /users/students/r0885482/Documents/DDP/sw_package_2026/sw_project/project_sw/ecc_project_wrapper/zynq_fsbl ; bash -c " make -C zynq_fsbl_bsp ; make  " 
TRACE::2026-09-30.14:10:02::SCWBDomain::make[1]: Entering directory '/users/students/r0885482/Documents/DDP/sw_package_2026/sw_project/project_sw/ecc_project_wrapper/z
TRACE::2026-09-30.14:10:02::SCWBDomain::ynq_fsbl/zynq_fsbl_bsp'

TRACE::2026-09-30.14:10:02::SCWBDomain::make --no-print-directory seq_libs

TRACE::2026-09-30.14:10:02::SCWBDomain::Running Make include in ps7_cortexa9_0/libsrc/axidma_v9_16/src

TRACE::2026-09-30.14:10:02::SCWBDomain::make -C ps7_cortexa9_0/libsrc/axidma_v9_16/src -s include  "SHELL=/bin/sh" "COMPILER=arm-none-eabi-gcc" "ASSEMBLER=arm-none-eab
TRACE::2026-09-30.14:10:02::SCWBDomain::i-as" "ARCHIVER=arm-none-eabi-ar" "COMPILER_FLAGS=  -O2 -c" "EXTRA_COMPILER_FLAGS=-mcpu=cortex-a9 -mfpu=vfpv3 -mfloat-abi=hard 
TRACE::2026-09-30.14:10:02::SCWBDomain::-nostartfiles -g -Wall -Wextra -fno-tree-loop-distribute-patterns"

TRACE::2026-09-30.14:10:02::SCWBDomain::Running Make include in ps7_cortexa9_0/libsrc/coresightps_dcc_v1_8/src

TRACE::2026-09-30.14:10:02::SCWBDomain::make -C ps7_cortexa9_0/libsrc/coresightps_dcc_v1_8/src -s include  "SHELL=/bin/sh" "COMPILER=arm-none-eabi-gcc" "ASSEMBLER=arm-
TRACE::2026-09-30.14:10:02::SCWBDomain::none-eabi-as" "ARCHIVER=arm-none-eabi-ar" "COMPILER_FLAGS=  -O2 -c" "EXTRA_COMPILER_FLAGS=-mcpu=cortex-a9 -mfpu=vfpv3 -mfloat-a
TRACE::2026-09-30.14:10:02::SCWBDomain::bi=hard -nostartfiles -g -Wall -Wextra -fno-tree-loop-distribute-patterns"

TRACE::2026-09-30.14:10:02::SCWBDomain::Running Make include in ps7_cortexa9_0/libsrc/cpu_cortexa9_v2_11/src

TRACE::2026-09-30.14:10:02::SCWBDomain::make -C ps7_cortexa9_0/libsrc/cpu_cortexa9_v2_11/src -s include  "SHELL=/bin/sh" "COMPILER=arm-none-eabi-gcc" "ASSEMBLER=arm-no
TRACE::2026-09-30.14:10:02::SCWBDomain::ne-eabi-as" "ARCHIVER=arm-none-eabi-ar" "COMPILER_FLAGS=  -O2 -c" "EXTRA_COMPILER_FLAGS=-mcpu=cortex-a9 -mfpu=vfpv3 -mfloat-abi
TRACE::2026-09-30.14:10:02::SCWBDomain::=hard -nostartfiles -g -Wall -Wextra -fno-tree-loop-distribute-patterns"

TRACE::2026-09-30.14:10:02::SCWBDomain::Running Make include in ps7_cortexa9_0/libsrc/ddrps_v1_2/src

TRACE::2026-09-30.14:10:02::SCWBDomain::make -C ps7_cortexa9_0/libsrc/ddrps_v1_2/src -s include  "SHELL=/bin/sh" "COMPILER=arm-none-eabi-gcc" "ASSEMBLER=arm-none-eabi-
TRACE::2026-09-30.14:10:02::SCWBDomain::as" "ARCHIVER=arm-none-eabi-ar" "COMPILER_FLAGS=  -O2 -c" "EXTRA_COMPILER_FLAGS=-mcpu=cortex-a9 -mfpu=vfpv3 -mfloat-abi=hard -n
TRACE::2026-09-30.14:10:02::SCWBDomain::ostartfiles -g -Wall -Wextra -fno-tree-loop-distribute-patterns"

TRACE::2026-09-30.14:10:02::SCWBDomain::Running Make include in ps7_cortexa9_0/libsrc/devcfg_v3_7/src

TRACE::2026-09-30.14:10:02::SCWBDomain::make -C ps7_cortexa9_0/libsrc/devcfg_v3_7/src -s include  "SHELL=/bin/sh" "COMPILER=arm-none-eabi-gcc" "ASSEMBLER=arm-none-eabi
TRACE::2026-09-30.14:10:02::SCWBDomain::-as" "ARCHIVER=arm-none-eabi-ar" "COMPILER_FLAGS=  -O2 -c" "EXTRA_COMPILER_FLAGS=-mcpu=cortex-a9 -mfpu=vfpv3 -mfloat-abi=hard -
TRACE::2026-09-30.14:10:02::SCWBDomain::nostartfiles -g -Wall -Wextra -fno-tree-loop-distribute-patterns"

TRACE::2026-09-30.14:10:02::SCWBDomain::Running Make include in ps7_cortexa9_0/libsrc/dmaps_v2_8/src

TRACE::2026-09-30.14:10:02::SCWBDomain::make -C ps7_cortexa9_0/libsrc/dmaps_v2_8/src -s include  "SHELL=/bin/sh" "COMPILER=arm-none-eabi-gcc" "ASSEMBLER=arm-none-eabi-
TRACE::2026-09-30.14:10:02::SCWBDomain::as" "ARCHIVER=arm-none-eabi-ar" "COMPILER_FLAGS=  -O2 -c" "EXTRA_COMPILER_FLAGS=-mcpu=cortex-a9 -mfpu=vfpv3 -mfloat-abi=hard -n
TRACE::2026-09-30.14:10:02::SCWBDomain::ostartfiles -g -Wall -Wextra -fno-tree-loop-distribute-patterns"

TRACE::2026-09-30.14:10:02::SCWBDomain::Running Make include in ps7_cortexa9_0/libsrc/emacps_v3_18/src

TRACE::2026-09-30.14:10:02::SCWBDomain::make -C ps7_cortexa9_0/libsrc/emacps_v3_18/src -s include  "SHELL=/bin/sh" "COMPILER=arm-none-eabi-gcc" "ASSEMBLER=arm-none-eab
TRACE::2026-09-30.14:10:02::SCWBDomain::i-as" "ARCHIVER=arm-none-eabi-ar" "COMPILER_FLAGS=  -O2 -c" "EXTRA_COMPILER_FLAGS=-mcpu=cortex-a9 -mfpu=vfpv3 -mfloat-abi=hard 
TRACE::2026-09-30.14:10:02::SCWBDomain::-nostartfiles -g -Wall -Wextra -fno-tree-loop-distribute-patterns"

TRACE::2026-09-30.14:10:02::SCWBDomain::Running Make include in ps7_cortexa9_0/libsrc/gpiops_v3_11/src

TRACE::2026-09-30.14:10:02::SCWBDomain::make -C ps7_cortexa9_0/libsrc/gpiops_v3_11/src -s include  "SHELL=/bin/sh" "COMPILER=arm-none-eabi-gcc" "ASSEMBLER=arm-none-eab
TRACE::2026-09-30.14:10:02::SCWBDomain::i-as" "ARCHIVER=arm-none-eabi-ar" "COMPILER_FLAGS=  -O2 -c" "EXTRA_COMPILER_FLAGS=-mcpu=cortex-a9 -mfpu=vfpv3 -mfloat-abi=hard 
TRACE::2026-09-30.14:10:02::SCWBDomain::-nostartfiles -g -Wall -Wextra -fno-tree-loop-distribute-patterns"

TRACE::2026-09-30.14:10:02::SCWBDomain::Running Make include in ps7_cortexa9_0/libsrc/qspips_v3_10/src

TRACE::2026-09-30.14:10:02::SCWBDomain::make -C ps7_cortexa9_0/libsrc/qspips_v3_10/src -s include  "SHELL=/bin/sh" "COMPILER=arm-none-eabi-gcc" "ASSEMBLER=arm-none-eab
TRACE::2026-09-30.14:10:02::SCWBDomain::i-as" "ARCHIVER=arm-none-eabi-ar" "COMPILER_FLAGS=  -O2 -c" "EXTRA_COMPILER_FLAGS=-mcpu=cortex-a9 -mfpu=vfpv3 -mfloat-abi=hard 
TRACE::2026-09-30.14:10:02::SCWBDomain::-nostartfiles -g -Wall -Wextra -fno-tree-loop-distribute-patterns"

TRACE::2026-09-30.14:10:02::SCWBDomain::Running Make include in ps7_cortexa9_0/libsrc/scugic_v5_1/src

TRACE::2026-09-30.14:10:02::SCWBDomain::make -C ps7_cortexa9_0/libsrc/scugic_v5_1/src -s include  "SHELL=/bin/sh" "COMPILER=arm-none-eabi-gcc" "ASSEMBLER=arm-none-eabi
TRACE::2026-09-30.14:10:02::SCWBDomain::-as" "ARCHIVER=arm-none-eabi-ar" "COMPILER_FLAGS=  -O2 -c" "EXTRA_COMPILER_FLAGS=-mcpu=cortex-a9 -mfpu=vfpv3 -mfloat-abi=hard -
TRACE::2026-09-30.14:10:02::SCWBDomain::nostartfiles -g -Wall -Wextra -fno-tree-loop-distribute-patterns"

TRACE::2026-09-30.14:10:02::SCWBDomain::Running Make include in ps7_cortexa9_0/libsrc/scutimer_v2_4/src

TRACE::2026-09-30.14:10:02::SCWBDomain::make -C ps7_cortexa9_0/libsrc/scutimer_v2_4/src -s include  "SHELL=/bin/sh" "COMPILER=arm-none-eabi-gcc" "ASSEMBLER=arm-none-ea
TRACE::2026-09-30.14:10:02::SCWBDomain::bi-as" "ARCHIVER=arm-none-eabi-ar" "COMPILER_FLAGS=  -O2 -c" "EXTRA_COMPILER_FLAGS=-mcpu=cortex-a9 -mfpu=vfpv3 -mfloat-abi=hard
TRACE::2026-09-30.14:10:02::SCWBDomain:: -nostartfiles -g -Wall -Wextra -fno-tree-loop-distribute-patterns"

TRACE::2026-09-30.14:10:02::SCWBDomain::Running Make include in ps7_cortexa9_0/libsrc/scuwdt_v2_4/src

TRACE::2026-09-30.14:10:02::SCWBDomain::make -C ps7_cortexa9_0/libsrc/scuwdt_v2_4/src -s include  "SHELL=/bin/sh" "COMPILER=arm-none-eabi-gcc" "ASSEMBLER=arm-none-eabi
TRACE::2026-09-30.14:10:02::SCWBDomain::-as" "ARCHIVER=arm-none-eabi-ar" "COMPILER_FLAGS=  -O2 -c" "EXTRA_COMPILER_FLAGS=-mcpu=cortex-a9 -mfpu=vfpv3 -mfloat-abi=hard -
TRACE::2026-09-30.14:10:02::SCWBDomain::nostartfiles -g -Wall -Wextra -fno-tree-loop-distribute-patterns"

TRACE::2026-09-30.14:10:02::SCWBDomain::Running Make include in ps7_cortexa9_0/libsrc/sdps_v4_1/src

TRACE::2026-09-30.14:10:02::SCWBDomain::make -C ps7_cortexa9_0/libsrc/sdps_v4_1/src -s include  "SHELL=/bin/sh" "COMPILER=arm-none-eabi-gcc" "ASSEMBLER=arm-none-eabi-a
TRACE::2026-09-30.14:10:02::SCWBDomain::s" "ARCHIVER=arm-none-eabi-ar" "COMPILER_FLAGS=  -O2 -c" "EXTRA_COMPILER_FLAGS=-mcpu=cortex-a9 -mfpu=vfpv3 -mfloat-abi=hard -no
TRACE::2026-09-30.14:10:02::SCWBDomain::startfiles -g -Wall -Wextra -fno-tree-loop-distribute-patterns"

TRACE::2026-09-30.14:10:02::SCWBDomain::Running Make include in ps7_cortexa9_0/libsrc/standalone_v8_1/src

TRACE::2026-09-30.14:10:02::SCWBDomain::make -C ps7_cortexa9_0/libsrc/standalone_v8_1/src -s include  "SHELL=/bin/sh" "COMPILER=arm-none-eabi-gcc" "ASSEMBLER=arm-none-
TRACE::2026-09-30.14:10:02::SCWBDomain::eabi-as" "ARCHIVER=arm-none-eabi-ar" "COMPILER_FLAGS=  -O2 -c" "EXTRA_COMPILER_FLAGS=-mcpu=cortex-a9 -mfpu=vfpv3 -mfloat-abi=ha
TRACE::2026-09-30.14:10:02::SCWBDomain::rd -nostartfiles -g -Wall -Wextra -fno-tree-loop-distribute-patterns"

TRACE::2026-09-30.14:10:02::SCWBDomain::Running Make include in ps7_cortexa9_0/libsrc/uartps_v3_12/src

TRACE::2026-09-30.14:10:02::SCWBDomain::make -C ps7_cortexa9_0/libsrc/uartps_v3_12/src -s include  "SHELL=/bin/sh" "COMPILER=arm-none-eabi-gcc" "ASSEMBLER=arm-none-eab
TRACE::2026-09-30.14:10:02::SCWBDomain::i-as" "ARCHIVER=arm-none-eabi-ar" "COMPILER_FLAGS=  -O2 -c" "EXTRA_COMPILER_FLAGS=-mcpu=cortex-a9 -mfpu=vfpv3 -mfloat-abi=hard 
TRACE::2026-09-30.14:10:02::SCWBDomain::-nostartfiles -g -Wall -Wextra -fno-tree-loop-distribute-patterns"

TRACE::2026-09-30.14:10:02::SCWBDomain::Running Make include in ps7_cortexa9_0/libsrc/usbps_v2_7/src

TRACE::2026-09-30.14:10:02::SCWBDomain::make -C ps7_cortexa9_0/libsrc/usbps_v2_7/src -s include  "SHELL=/bin/sh" "COMPILER=arm-none-eabi-gcc" "ASSEMBLER=arm-none-eabi-
TRACE::2026-09-30.14:10:02::SCWBDomain::as" "ARCHIVER=arm-none-eabi-ar" "COMPILER_FLAGS=  -O2 -c" "EXTRA_COMPILER_FLAGS=-mcpu=cortex-a9 -mfpu=vfpv3 -mfloat-abi=hard -n
TRACE::2026-09-30.14:10:02::SCWBDomain::ostartfiles -g -Wall -Wextra -fno-tree-loop-distribute-patterns"

TRACE::2026-09-30.14:10:02::SCWBDomain::Running Make include in ps7_cortexa9_0/libsrc/xadcps_v2_6/src

TRACE::2026-09-30.14:10:02::SCWBDomain::make -C ps7_cortexa9_0/libsrc/xadcps_v2_6/src -s include  "SHELL=/bin/sh" "COMPILER=arm-none-eabi-gcc" "ASSEMBLER=arm-none-eabi
TRACE::2026-09-30.14:10:02::SCWBDomain::-as" "ARCHIVER=arm-none-eabi-ar" "COMPILER_FLAGS=  -O2 -c" "EXTRA_COMPILER_FLAGS=-mcpu=cortex-a9 -mfpu=vfpv3 -mfloat-abi=hard -
TRACE::2026-09-30.14:10:02::SCWBDomain::nostartfiles -g -Wall -Wextra -fno-tree-loop-distribute-patterns"

TRACE::2026-09-30.14:10:02::SCWBDomain::Running Make include in ps7_cortexa9_0/libsrc/xilffs_v5_0/src

TRACE::2026-09-30.14:10:02::SCWBDomain::make -C ps7_cortexa9_0/libsrc/xilffs_v5_0/src -s include  "SHELL=/bin/sh" "COMPILER=arm-none-eabi-gcc" "ASSEMBLER=arm-none-eabi
TRACE::2026-09-30.14:10:02::SCWBDomain::-as" "ARCHIVER=arm-none-eabi-ar" "COMPILER_FLAGS=  -O2 -c" "EXTRA_COMPILER_FLAGS=-mcpu=cortex-a9 -mfpu=vfpv3 -mfloat-abi=hard -
TRACE::2026-09-30.14:10:02::SCWBDomain::nostartfiles -g -Wall -Wextra -fno-tree-loop-distribute-patterns"

TRACE::2026-09-30.14:10:02::SCWBDomain::Running Make include in ps7_cortexa9_0/libsrc/xilrsa_v1_6/src

TRACE::2026-09-30.14:10:02::SCWBDomain::make -C ps7_cortexa9_0/libsrc/xilrsa_v1_6/src -s include  "SHELL=/bin/sh" "COMPILER=arm-none-eabi-gcc" "ASSEMBLER=arm-none-eabi
TRACE::2026-09-30.14:10:02::SCWBDomain::-as" "ARCHIVER=arm-none-eabi-ar" "COMPILER_FLAGS=  -O2 -c" "EXTRA_COMPILER_FLAGS=-mcpu=cortex-a9 -mfpu=vfpv3 -mfloat-abi=hard -
TRACE::2026-09-30.14:10:02::SCWBDomain::nostartfiles -g -Wall -Wextra -fno-tree-loop-distribute-patterns"

TRACE::2026-09-30.14:10:02::SCWBDomain::Running Make libs in ps7_cortexa9_0/libsrc/xilrsa_v1_6/src

TRACE::2026-09-30.14:10:02::SCWBDomain::make -C ps7_cortexa9_0/libsrc/xilrsa_v1_6/src -s libs  "SHELL=/bin/sh" "COMPILER=arm-none-eabi-gcc" "ASSEMBLER=arm-none-eabi-as
TRACE::2026-09-30.14:10:02::SCWBDomain::" "ARCHIVER=arm-none-eabi-ar" "COMPILER_FLAGS=  -O2 -c" "EXTRA_COMPILER_FLAGS=-mcpu=cortex-a9 -mfpu=vfpv3 -mfloat-abi=hard -nos
TRACE::2026-09-30.14:10:02::SCWBDomain::tartfiles -g -Wall -Wextra -fno-tree-loop-distribute-patterns"

TRACE::2026-09-30.14:10:02::SCWBDomain::Finished building libraries sequentially.

TRACE::2026-09-30.14:10:02::SCWBDomain::make -j 10 --no-print-directory par_libs

TRACE::2026-09-30.14:10:02::SCWBDomain::Running Make include in ps7_cortexa9_0/libsrc/axidma_v9_16/src

TRACE::2026-09-30.14:10:02::SCWBDomain::make -C ps7_cortexa9_0/libsrc/axidma_v9_16/src -s include  "SHELL=/bin/sh" "COMPILER=arm-none-eabi-gcc" "ASSEMBLER=arm-none-eab
TRACE::2026-09-30.14:10:02::SCWBDomain::i-as" "ARCHIVER=arm-none-eabi-ar" "COMPILER_FLAGS=  -O2 -c" "EXTRA_COMPILER_FLAGS=-mcpu=cortex-a9 -mfpu=vfpv3 -mfloat-abi=hard 
TRACE::2026-09-30.14:10:02::SCWBDomain::-nostartfiles -g -Wall -Wextra -fno-tree-loop-distribute-patterns"

TRACE::2026-09-30.14:10:02::SCWBDomain::Running Make include in ps7_cortexa9_0/libsrc/coresightps_dcc_v1_8/src

TRACE::2026-09-30.14:10:02::SCWBDomain::make -C ps7_cortexa9_0/libsrc/coresightps_dcc_v1_8/src -s include  "SHELL=/bin/sh" "COMPILER=arm-none-eabi-gcc" "ASSEMBLER=arm-
TRACE::2026-09-30.14:10:02::SCWBDomain::none-eabi-as" "ARCHIVER=arm-none-eabi-ar" "COMPILER_FLAGS=  -O2 -c" "EXTRA_COMPILER_FLAGS=-mcpu=cortex-a9 -mfpu=vfpv3 -mfloat-a
TRACE::2026-09-30.14:10:02::SCWBDomain::bi=hard -nostartfiles -g -Wall -Wextra -fno-tree-loop-distribute-patterns"

TRACE::2026-09-30.14:10:02::SCWBDomain::Running Make include in ps7_cortexa9_0/libsrc/cpu_cortexa9_v2_11/src

TRACE::2026-09-30.14:10:02::SCWBDomain::Running Make include in ps7_cortexa9_0/libsrc/ddrps_v1_2/src

TRACE::2026-09-30.14:10:02::SCWBDomain::make -C ps7_cortexa9_0/libsrc/ddrps_v1_2/src -s include  "SHELL=/bin/sh" "COMPILER=arm-none-eabi-gcc" "ASSEMBLER=arm-none-eabi-
TRACE::2026-09-30.14:10:02::SCWBDomain::as" "ARCHIVER=arm-none-eabi-ar" "COMPILER_FLAGS=  -O2 -c" "EXTRA_COMPILER_FLAGS=-mcpu=cortex-a9 -mfpu=vfpv3 -mfloat-abi=hard -n
TRACE::2026-09-30.14:10:02::SCWBDomain::ostartfiles -g -Wall -Wextra -fno-tree-loop-distribute-patterns"

TRACE::2026-09-30.14:10:02::SCWBDomain::Running Make include in ps7_cortexa9_0/libsrc/devcfg_v3_7/src

TRACE::2026-09-30.14:10:02::SCWBDomain::make -C ps7_cortexa9_0/libsrc/cpu_cortexa9_v2_11/src -s include  "SHELL=/bin/sh" "COMPILER=arm-none-eabi-gcc" "ASSEMBLER=arm-no
TRACE::2026-09-30.14:10:02::SCWBDomain::ne-eabi-as" "ARCHIVER=arm-none-eabi-ar" "COMPILER_FLAGS=  -O2 -c" "EXTRA_COMPILER_FLAGS=-mcpu=cortex-a9 -mfpu=vfpv3 -mfloat-abi
TRACE::2026-09-30.14:10:02::SCWBDomain::=hard -nostartfiles -g -Wall -Wextra -fno-tree-loop-distribute-patterns"

TRACE::2026-09-30.14:10:02::SCWBDomain::make -C ps7_cortexa9_0/libsrc/devcfg_v3_7/src -s include  "SHELL=/bin/sh" "COMPILER=arm-none-eabi-gcc" "ASSEMBLER=arm-none-eabi
TRACE::2026-09-30.14:10:02::SCWBDomain::-as" "ARCHIVER=arm-none-eabi-ar" "COMPILER_FLAGS=  -O2 -c" "EXTRA_COMPILER_FLAGS=-mcpu=cortex-a9 -mfpu=vfpv3 -mfloat-abi=hard -
TRACE::2026-09-30.14:10:02::SCWBDomain::nostartfiles -g -Wall -Wextra -fno-tree-loop-distribute-patterns"

TRACE::2026-09-30.14:10:02::SCWBDomain::Running Make include in ps7_cortexa9_0/libsrc/emacps_v3_18/src

TRACE::2026-09-30.14:10:02::SCWBDomain::Running Make include in ps7_cortexa9_0/libsrc/gpiops_v3_11/src

TRACE::2026-09-30.14:10:02::SCWBDomain::Running Make include in ps7_cortexa9_0/libsrc/dmaps_v2_8/src

TRACE::2026-09-30.14:10:02::SCWBDomain::Running Make include in ps7_cortexa9_0/libsrc/qspips_v3_10/src

TRACE::2026-09-30.14:10:02::SCWBDomain::make -C ps7_cortexa9_0/libsrc/dmaps_v2_8/src -s include  "SHELL=/bin/sh" "COMPILER=arm-none-eabi-gcc" "ASSEMBLER=arm-none-eabi-
TRACE::2026-09-30.14:10:02::SCWBDomain::as" "ARCHIVER=arm-none-eabi-ar" "COMPILER_FLAGS=  -O2 -c" "EXTRA_COMPILER_FLAGS=-mcpu=cortex-a9 -mfpu=vfpv3 -mfloat-abi=hard -n
TRACE::2026-09-30.14:10:02::SCWBDomain::ostartfiles -g -Wall -Wextra -fno-tree-loop-distribute-patterns"

TRACE::2026-09-30.14:10:02::SCWBDomain::make -C ps7_cortexa9_0/libsrc/emacps_v3_18/src -s include  "SHELL=/bin/sh" "COMPILER=arm-none-eabi-gcc" "ASSEMBLER=arm-none-eab
TRACE::2026-09-30.14:10:02::SCWBDomain::i-as" "ARCHIVER=arm-none-eabi-ar" "COMPILER_FLAGS=  -O2 -c" "EXTRA_COMPILER_FLAGS=-mcpu=cortex-a9 -mfpu=vfpv3 -mfloat-abi=hard 
TRACE::2026-09-30.14:10:02::SCWBDomain::-nostartfiles -g -Wall -Wextra -fno-tree-loop-distribute-patterns"

TRACE::2026-09-30.14:10:02::SCWBDomain::make -C ps7_cortexa9_0/libsrc/gpiops_v3_11/src -s include  "SHELL=/bin/sh" "COMPILER=arm-none-eabi-gcc" "ASSEMBLER=arm-none-eab
TRACE::2026-09-30.14:10:02::SCWBDomain::i-as" "ARCHIVER=arm-none-eabi-ar" "COMPILER_FLAGS=  -O2 -c" "EXTRA_COMPILER_FLAGS=-mcpu=cortex-a9 -mfpu=vfpv3 -mfloat-abi=hard 
TRACE::2026-09-30.14:10:02::SCWBDomain::-nostartfiles -g -Wall -Wextra -fno-tree-loop-distribute-patterns"

TRACE::2026-09-30.14:10:02::SCWBDomain::Running Make include in ps7_cortexa9_0/libsrc/scugic_v5_1/src

TRACE::2026-09-30.14:10:02::SCWBDomain::make -C ps7_cortexa9_0/libsrc/qspips_v3_10/src -s include  "SHELL=/bin/sh" "COMPILER=arm-none-eabi-gcc" "ASSEMBLER=arm-none-eab
TRACE::2026-09-30.14:10:02::SCWBDomain::i-as" "ARCHIVER=arm-none-eabi-ar" "COMPILER_FLAGS=  -O2 -c" "EXTRA_COMPILER_FLAGS=-mcpu=cortex-a9 -mfpu=vfpv3 -mfloat-abi=hard 
TRACE::2026-09-30.14:10:02::SCWBDomain::-nostartfiles -g -Wall -Wextra -fno-tree-loop-distribute-patterns"

TRACE::2026-09-30.14:10:02::SCWBDomain::make -C ps7_cortexa9_0/libsrc/scugic_v5_1/src -s include  "SHELL=/bin/sh" "COMPILER=arm-none-eabi-gcc" "ASSEMBLER=arm-none-eabi
TRACE::2026-09-30.14:10:02::SCWBDomain::-as" "ARCHIVER=arm-none-eabi-ar" "COMPILER_FLAGS=  -O2 -c" "EXTRA_COMPILER_FLAGS=-mcpu=cortex-a9 -mfpu=vfpv3 -mfloat-abi=hard -
TRACE::2026-09-30.14:10:02::SCWBDomain::nostartfiles -g -Wall -Wextra -fno-tree-loop-distribute-patterns"

TRACE::2026-09-30.14:10:02::SCWBDomain::Running Make include in ps7_cortexa9_0/libsrc/scutimer_v2_4/src

TRACE::2026-09-30.14:10:02::SCWBDomain::make -C ps7_cortexa9_0/libsrc/scutimer_v2_4/src -s include  "SHELL=/bin/sh" "COMPILER=arm-none-eabi-gcc" "ASSEMBLER=arm-none-ea
TRACE::2026-09-30.14:10:02::SCWBDomain::bi-as" "ARCHIVER=arm-none-eabi-ar" "COMPILER_FLAGS=  -O2 -c" "EXTRA_COMPILER_FLAGS=-mcpu=cortex-a9 -mfpu=vfpv3 -mfloat-abi=hard
TRACE::2026-09-30.14:10:02::SCWBDomain:: -nostartfiles -g -Wall -Wextra -fno-tree-loop-distribute-patterns"

TRACE::2026-09-30.14:10:02::SCWBDomain::Running Make include in ps7_cortexa9_0/libsrc/scuwdt_v2_4/src

TRACE::2026-09-30.14:10:02::SCWBDomain::Running Make include in ps7_cortexa9_0/libsrc/sdps_v4_1/src

TRACE::2026-09-30.14:10:02::SCWBDomain::make -C ps7_cortexa9_0/libsrc/scuwdt_v2_4/src -s include  "SHELL=/bin/sh" "COMPILER=arm-none-eabi-gcc" "ASSEMBLER=arm-none-eabi
TRACE::2026-09-30.14:10:02::SCWBDomain::-as" "ARCHIVER=arm-none-eabi-ar" "COMPILER_FLAGS=  -O2 -c" "EXTRA_COMPILER_FLAGS=-mcpu=cortex-a9 -mfpu=vfpv3 -mfloat-abi=hard -
TRACE::2026-09-30.14:10:02::SCWBDomain::nostartfiles -g -Wall -Wextra -fno-tree-loop-distribute-patterns"

TRACE::2026-09-30.14:10:02::SCWBDomain::Running Make include in ps7_cortexa9_0/libsrc/standalone_v8_1/src

TRACE::2026-09-30.14:10:02::SCWBDomain::make -C ps7_cortexa9_0/libsrc/sdps_v4_1/src -s include  "SHELL=/bin/sh" "COMPILER=arm-none-eabi-gcc" "ASSEMBLER=arm-none-eabi-a
TRACE::2026-09-30.14:10:02::SCWBDomain::s" "ARCHIVER=arm-none-eabi-ar" "COMPILER_FLAGS=  -O2 -c" "EXTRA_COMPILER_FLAGS=-mcpu=cortex-a9 -mfpu=vfpv3 -mfloat-abi=hard -no
TRACE::2026-09-30.14:10:02::SCWBDomain::startfiles -g -Wall -Wextra -fno-tree-loop-distribute-patterns"

TRACE::2026-09-30.14:10:02::SCWBDomain::make -C ps7_cortexa9_0/libsrc/standalone_v8_1/src -s include  "SHELL=/bin/sh" "COMPILER=arm-none-eabi-gcc" "ASSEMBLER=arm-none-
TRACE::2026-09-30.14:10:02::SCWBDomain::eabi-as" "ARCHIVER=arm-none-eabi-ar" "COMPILER_FLAGS=  -O2 -c" "EXTRA_COMPILER_FLAGS=-mcpu=cortex-a9 -mfpu=vfpv3 -mfloat-abi=ha
TRACE::2026-09-30.14:10:02::SCWBDomain::rd -nostartfiles -g -Wall -Wextra -fno-tree-loop-distribute-patterns"

TRACE::2026-09-30.14:10:02::SCWBDomain::Running Make include in ps7_cortexa9_0/libsrc/uartps_v3_12/src

TRACE::2026-09-30.14:10:02::SCWBDomain::make -C ps7_cortexa9_0/libsrc/uartps_v3_12/src -s include  "SHELL=/bin/sh" "COMPILER=arm-none-eabi-gcc" "ASSEMBLER=arm-none-eab
TRACE::2026-09-30.14:10:02::SCWBDomain::i-as" "ARCHIVER=arm-none-eabi-ar" "COMPILER_FLAGS=  -O2 -c" "EXTRA_COMPILER_FLAGS=-mcpu=cortex-a9 -mfpu=vfpv3 -mfloat-abi=hard 
TRACE::2026-09-30.14:10:02::SCWBDomain::-nostartfiles -g -Wall -Wextra -fno-tree-loop-distribute-patterns"

TRACE::2026-09-30.14:10:02::SCWBDomain::Running Make include in ps7_cortexa9_0/libsrc/usbps_v2_7/src

TRACE::2026-09-30.14:10:02::SCWBDomain::make -C ps7_cortexa9_0/libsrc/usbps_v2_7/src -s include  "SHELL=/bin/sh" "COMPILER=arm-none-eabi-gcc" "ASSEMBLER=arm-none-eabi-
TRACE::2026-09-30.14:10:02::SCWBDomain::as" "ARCHIVER=arm-none-eabi-ar" "COMPILER_FLAGS=  -O2 -c" "EXTRA_COMPILER_FLAGS=-mcpu=cortex-a9 -mfpu=vfpv3 -mfloat-abi=hard -n
TRACE::2026-09-30.14:10:02::SCWBDomain::ostartfiles -g -Wall -Wextra -fno-tree-loop-distribute-patterns"

TRACE::2026-09-30.14:10:02::SCWBDomain::Running Make include in ps7_cortexa9_0/libsrc/xadcps_v2_6/src

TRACE::2026-09-30.14:10:02::SCWBDomain::make -C ps7_cortexa9_0/libsrc/xadcps_v2_6/src -s include  "SHELL=/bin/sh" "COMPILER=arm-none-eabi-gcc" "ASSEMBLER=arm-none-eabi
TRACE::2026-09-30.14:10:02::SCWBDomain::-as" "ARCHIVER=arm-none-eabi-ar" "COMPILER_FLAGS=  -O2 -c" "EXTRA_COMPILER_FLAGS=-mcpu=cortex-a9 -mfpu=vfpv3 -mfloat-abi=hard -
TRACE::2026-09-30.14:10:02::SCWBDomain::nostartfiles -g -Wall -Wextra -fno-tree-loop-distribute-patterns"

TRACE::2026-09-30.14:10:02::SCWBDomain::Running Make include in ps7_cortexa9_0/libsrc/xilffs_v5_0/src

TRACE::2026-09-30.14:10:02::SCWBDomain::Running Make include in ps7_cortexa9_0/libsrc/xilrsa_v1_6/src

TRACE::2026-09-30.14:10:02::SCWBDomain::make -C ps7_cortexa9_0/libsrc/xilffs_v5_0/src -s include  "SHELL=/bin/sh" "COMPILER=arm-none-eabi-gcc" "ASSEMBLER=arm-none-eabi
TRACE::2026-09-30.14:10:02::SCWBDomain::-as" "ARCHIVER=arm-none-eabi-ar" "COMPILER_FLAGS=  -O2 -c" "EXTRA_COMPILER_FLAGS=-mcpu=cortex-a9 -mfpu=vfpv3 -mfloat-abi=hard -
TRACE::2026-09-30.14:10:02::SCWBDomain::nostartfiles -g -Wall -Wextra -fno-tree-loop-distribute-patterns"

TRACE::2026-09-30.14:10:02::SCWBDomain::make -C ps7_cortexa9_0/libsrc/xilrsa_v1_6/src -s include  "SHELL=/bin/sh" "COMPILER=arm-none-eabi-gcc" "ASSEMBLER=arm-none-eabi
TRACE::2026-09-30.14:10:02::SCWBDomain::-as" "ARCHIVER=arm-none-eabi-ar" "COMPILER_FLAGS=  -O2 -c" "EXTRA_COMPILER_FLAGS=-mcpu=cortex-a9 -mfpu=vfpv3 -mfloat-abi=hard -
TRACE::2026-09-30.14:10:02::SCWBDomain::nostartfiles -g -Wall -Wextra -fno-tree-loop-distribute-patterns"

TRACE::2026-09-30.14:10:02::SCWBDomain::Running Make libs in ps7_cortexa9_0/libsrc/axidma_v9_16/src

TRACE::2026-09-30.14:10:02::SCWBDomain::Running Make libs in ps7_cortexa9_0/libsrc/coresightps_dcc_v1_8/src

TRACE::2026-09-30.14:10:02::SCWBDomain::make -C ps7_cortexa9_0/libsrc/axidma_v9_16/src -s libs  "SHELL=/bin/sh" "COMPILER=arm-none-eabi-gcc" "ASSEMBLER=arm-none-eabi-a
TRACE::2026-09-30.14:10:02::SCWBDomain::s" "ARCHIVER=arm-none-eabi-ar" "COMPILER_FLAGS=  -O2 -c" "EXTRA_COMPILER_FLAGS=-mcpu=cortex-a9 -mfpu=vfpv3 -mfloat-abi=hard -no
TRACE::2026-09-30.14:10:02::SCWBDomain::startfiles -g -Wall -Wextra -fno-tree-loop-distribute-patterns"

TRACE::2026-09-30.14:10:02::SCWBDomain::Running Make libs in ps7_cortexa9_0/libsrc/cpu_cortexa9_v2_11/src

TRACE::2026-09-30.14:10:02::SCWBDomain::Running Make libs in ps7_cortexa9_0/libsrc/ddrps_v1_2/src

TRACE::2026-09-30.14:10:02::SCWBDomain::Running Make libs in ps7_cortexa9_0/libsrc/dmaps_v2_8/src

TRACE::2026-09-30.14:10:02::SCWBDomain::Running Make libs in ps7_cortexa9_0/libsrc/devcfg_v3_7/src

TRACE::2026-09-30.14:10:02::SCWBDomain::make -C ps7_cortexa9_0/libsrc/coresightps_dcc_v1_8/src -s libs  "SHELL=/bin/sh" "COMPILER=arm-none-eabi-gcc" "ASSEMBLER=arm-non
TRACE::2026-09-30.14:10:02::SCWBDomain::e-eabi-as" "ARCHIVER=arm-none-eabi-ar" "COMPILER_FLAGS=  -O2 -c" "EXTRA_COMPILER_FLAGS=-mcpu=cortex-a9 -mfpu=vfpv3 -mfloat-abi=
TRACE::2026-09-30.14:10:02::SCWBDomain::hard -nostartfiles -g -Wall -Wextra -fno-tree-loop-distribute-patterns"

TRACE::2026-09-30.14:10:02::SCWBDomain::Running Make libs in ps7_cortexa9_0/libsrc/emacps_v3_18/src

TRACE::2026-09-30.14:10:02::SCWBDomain::make -C ps7_cortexa9_0/libsrc/cpu_cortexa9_v2_11/src -s libs  "SHELL=/bin/sh" "COMPILER=arm-none-eabi-gcc" "ASSEMBLER=arm-none-
TRACE::2026-09-30.14:10:02::SCWBDomain::eabi-as" "ARCHIVER=arm-none-eabi-ar" "COMPILER_FLAGS=  -O2 -c" "EXTRA_COMPILER_FLAGS=-mcpu=cortex-a9 -mfpu=vfpv3 -mfloat-abi=ha
TRACE::2026-09-30.14:10:02::SCWBDomain::rd -nostartfiles -g -Wall -Wextra -fno-tree-loop-distribute-patterns"

TRACE::2026-09-30.14:10:02::SCWBDomain::Running Make libs in ps7_cortexa9_0/libsrc/gpiops_v3_11/src

TRACE::2026-09-30.14:10:02::SCWBDomain::make -C ps7_cortexa9_0/libsrc/ddrps_v1_2/src -s libs  "SHELL=/bin/sh" "COMPILER=arm-none-eabi-gcc" "ASSEMBLER=arm-none-eabi-as"
TRACE::2026-09-30.14:10:02::SCWBDomain:: "ARCHIVER=arm-none-eabi-ar" "COMPILER_FLAGS=  -O2 -c" "EXTRA_COMPILER_FLAGS=-mcpu=cortex-a9 -mfpu=vfpv3 -mfloat-abi=hard -nost
TRACE::2026-09-30.14:10:02::SCWBDomain::artfiles -g -Wall -Wextra -fno-tree-loop-distribute-patterns"

TRACE::2026-09-30.14:10:02::SCWBDomain::make -C ps7_cortexa9_0/libsrc/devcfg_v3_7/src -s libs  "SHELL=/bin/sh" "COMPILER=arm-none-eabi-gcc" "ASSEMBLER=arm-none-eabi-as
TRACE::2026-09-30.14:10:02::SCWBDomain::" "ARCHIVER=arm-none-eabi-ar" "COMPILER_FLAGS=  -O2 -c" "EXTRA_COMPILER_FLAGS=-mcpu=cortex-a9 -mfpu=vfpv3 -mfloat-abi=hard -nos
TRACE::2026-09-30.14:10:02::SCWBDomain::tartfiles -g -Wall -Wextra -fno-tree-loop-distribute-patterns"

TRACE::2026-09-30.14:10:02::SCWBDomain::make -C ps7_cortexa9_0/libsrc/dmaps_v2_8/src -s libs  "SHELL=/bin/sh" "COMPILER=arm-none-eabi-gcc" "ASSEMBLER=arm-none-eabi-as"
TRACE::2026-09-30.14:10:02::SCWBDomain:: "ARCHIVER=arm-none-eabi-ar" "COMPILER_FLAGS=  -O2 -c" "EXTRA_COMPILER_FLAGS=-mcpu=cortex-a9 -mfpu=vfpv3 -mfloat-abi=hard -nost
TRACE::2026-09-30.14:10:02::SCWBDomain::artfiles -g -Wall -Wextra -fno-tree-loop-distribute-patterns"

TRACE::2026-09-30.14:10:02::SCWBDomain::make -C ps7_cortexa9_0/libsrc/emacps_v3_18/src -s libs  "SHELL=/bin/sh" "COMPILER=arm-none-eabi-gcc" "ASSEMBLER=arm-none-eabi-a
TRACE::2026-09-30.14:10:02::SCWBDomain::s" "ARCHIVER=arm-none-eabi-ar" "COMPILER_FLAGS=  -O2 -c" "EXTRA_COMPILER_FLAGS=-mcpu=cortex-a9 -mfpu=vfpv3 -mfloat-abi=hard -no
TRACE::2026-09-30.14:10:02::SCWBDomain::startfiles -g -Wall -Wextra -fno-tree-loop-distribute-patterns"

TRACE::2026-09-30.14:10:02::SCWBDomain::make -C ps7_cortexa9_0/libsrc/gpiops_v3_11/src -s libs  "SHELL=/bin/sh" "COMPILER=arm-none-eabi-gcc" "ASSEMBLER=arm-none-eabi-a
TRACE::2026-09-30.14:10:02::SCWBDomain::s" "ARCHIVER=arm-none-eabi-ar" "COMPILER_FLAGS=  -O2 -c" "EXTRA_COMPILER_FLAGS=-mcpu=cortex-a9 -mfpu=vfpv3 -mfloat-abi=hard -no
TRACE::2026-09-30.14:10:02::SCWBDomain::startfiles -g -Wall -Wextra -fno-tree-loop-distribute-patterns"

TRACE::2026-09-30.14:10:02::SCWBDomain::Running Make libs in ps7_cortexa9_0/libsrc/qspips_v3_10/src

TRACE::2026-09-30.14:10:02::SCWBDomain::Running Make libs in ps7_cortexa9_0/libsrc/scugic_v5_1/src

TRACE::2026-09-30.14:10:02::SCWBDomain::make -C ps7_cortexa9_0/libsrc/qspips_v3_10/src -s libs  "SHELL=/bin/sh" "COMPILER=arm-none-eabi-gcc" "ASSEMBLER=arm-none-eabi-a
TRACE::2026-09-30.14:10:02::SCWBDomain::s" "ARCHIVER=arm-none-eabi-ar" "COMPILER_FLAGS=  -O2 -c" "EXTRA_COMPILER_FLAGS=-mcpu=cortex-a9 -mfpu=vfpv3 -mfloat-abi=hard -no
TRACE::2026-09-30.14:10:02::SCWBDomain::startfiles -g -Wall -Wextra -fno-tree-loop-distribute-patterns"

TRACE::2026-09-30.14:10:02::SCWBDomain::make -C ps7_cortexa9_0/libsrc/scugic_v5_1/src -s libs  "SHELL=/bin/sh" "COMPILER=arm-none-eabi-gcc" "ASSEMBLER=arm-none-eabi-as
TRACE::2026-09-30.14:10:02::SCWBDomain::" "ARCHIVER=arm-none-eabi-ar" "COMPILER_FLAGS=  -O2 -c" "EXTRA_COMPILER_FLAGS=-mcpu=cortex-a9 -mfpu=vfpv3 -mfloat-abi=hard -nos
TRACE::2026-09-30.14:10:02::SCWBDomain::tartfiles -g -Wall -Wextra -fno-tree-loop-distribute-patterns"

TRACE::2026-09-30.14:10:02::SCWBDomain::Running Make libs in ps7_cortexa9_0/libsrc/scutimer_v2_4/src

TRACE::2026-09-30.14:10:02::SCWBDomain::Running Make libs in ps7_cortexa9_0/libsrc/scuwdt_v2_4/src

TRACE::2026-09-30.14:10:02::SCWBDomain::make -C ps7_cortexa9_0/libsrc/scutimer_v2_4/src -s libs  "SHELL=/bin/sh" "COMPILER=arm-none-eabi-gcc" "ASSEMBLER=arm-none-eabi-
TRACE::2026-09-30.14:10:02::SCWBDomain::as" "ARCHIVER=arm-none-eabi-ar" "COMPILER_FLAGS=  -O2 -c" "EXTRA_COMPILER_FLAGS=-mcpu=cortex-a9 -mfpu=vfpv3 -mfloat-abi=hard -n
TRACE::2026-09-30.14:10:02::SCWBDomain::ostartfiles -g -Wall -Wextra -fno-tree-loop-distribute-patterns"

TRACE::2026-09-30.14:10:02::SCWBDomain::make -C ps7_cortexa9_0/libsrc/scuwdt_v2_4/src -s libs  "SHELL=/bin/sh" "COMPILER=arm-none-eabi-gcc" "ASSEMBLER=arm-none-eabi-as
TRACE::2026-09-30.14:10:02::SCWBDomain::" "ARCHIVER=arm-none-eabi-ar" "COMPILER_FLAGS=  -O2 -c" "EXTRA_COMPILER_FLAGS=-mcpu=cortex-a9 -mfpu=vfpv3 -mfloat-abi=hard -nos
TRACE::2026-09-30.14:10:02::SCWBDomain::tartfiles -g -Wall -Wextra -fno-tree-loop-distribute-patterns"

TRACE::2026-09-30.14:10:02::SCWBDomain::Running Make libs in ps7_cortexa9_0/libsrc/sdps_v4_1/src

TRACE::2026-09-30.14:10:02::SCWBDomain::make -C ps7_cortexa9_0/libsrc/sdps_v4_1/src -s libs  "SHELL=/bin/sh" "COMPILER=arm-none-eabi-gcc" "ASSEMBLER=arm-none-eabi-as" 
TRACE::2026-09-30.14:10:02::SCWBDomain::"ARCHIVER=arm-none-eabi-ar" "COMPILER_FLAGS=  -O2 -c" "EXTRA_COMPILER_FLAGS=-mcpu=cortex-a9 -mfpu=vfpv3 -mfloat-abi=hard -nosta
TRACE::2026-09-30.14:10:02::SCWBDomain::rtfiles -g -Wall -Wextra -fno-tree-loop-distribute-patterns"

TRACE::2026-09-30.14:10:02::SCWBDomain::Running Make libs in ps7_cortexa9_0/libsrc/standalone_v8_1/src

TRACE::2026-09-30.14:10:02::SCWBDomain::Running Make libs in ps7_cortexa9_0/libsrc/uartps_v3_12/src

TRACE::2026-09-30.14:10:02::SCWBDomain::make -C ps7_cortexa9_0/libsrc/standalone_v8_1/src -s libs  "SHELL=/bin/sh" "COMPILER=arm-none-eabi-gcc" "ASSEMBLER=arm-none-eab
TRACE::2026-09-30.14:10:02::SCWBDomain::i-as" "ARCHIVER=arm-none-eabi-ar" "COMPILER_FLAGS=  -O2 -c" "EXTRA_COMPILER_FLAGS=-mcpu=cortex-a9 -mfpu=vfpv3 -mfloat-abi=hard 
TRACE::2026-09-30.14:10:02::SCWBDomain::-nostartfiles -g -Wall -Wextra -fno-tree-loop-distribute-patterns"

TRACE::2026-09-30.14:10:02::SCWBDomain::make -C ps7_cortexa9_0/libsrc/uartps_v3_12/src -s libs  "SHELL=/bin/sh" "COMPILER=arm-none-eabi-gcc" "ASSEMBLER=arm-none-eabi-a
TRACE::2026-09-30.14:10:02::SCWBDomain::s" "ARCHIVER=arm-none-eabi-ar" "COMPILER_FLAGS=  -O2 -c" "EXTRA_COMPILER_FLAGS=-mcpu=cortex-a9 -mfpu=vfpv3 -mfloat-abi=hard -no
TRACE::2026-09-30.14:10:02::SCWBDomain::startfiles -g -Wall -Wextra -fno-tree-loop-distribute-patterns"

TRACE::2026-09-30.14:10:02::SCWBDomain::Running Make libs in ps7_cortexa9_0/libsrc/usbps_v2_7/src

TRACE::2026-09-30.14:10:02::SCWBDomain::make -C ps7_cortexa9_0/libsrc/usbps_v2_7/src -s libs  "SHELL=/bin/sh" "COMPILER=arm-none-eabi-gcc" "ASSEMBLER=arm-none-eabi-as"
TRACE::2026-09-30.14:10:02::SCWBDomain:: "ARCHIVER=arm-none-eabi-ar" "COMPILER_FLAGS=  -O2 -c" "EXTRA_COMPILER_FLAGS=-mcpu=cortex-a9 -mfpu=vfpv3 -mfloat-abi=hard -nost
TRACE::2026-09-30.14:10:02::SCWBDomain::artfiles -g -Wall -Wextra -fno-tree-loop-distribute-patterns"

TRACE::2026-09-30.14:10:02::SCWBDomain::Running Make libs in ps7_cortexa9_0/libsrc/xadcps_v2_6/src

TRACE::2026-09-30.14:10:02::SCWBDomain::Running Make libs in ps7_cortexa9_0/libsrc/xilffs_v5_0/src

TRACE::2026-09-30.14:10:02::SCWBDomain::make -C ps7_cortexa9_0/libsrc/xadcps_v2_6/src -s libs  "SHELL=/bin/sh" "COMPILER=arm-none-eabi-gcc" "ASSEMBLER=arm-none-eabi-as
TRACE::2026-09-30.14:10:02::SCWBDomain::" "ARCHIVER=arm-none-eabi-ar" "COMPILER_FLAGS=  -O2 -c" "EXTRA_COMPILER_FLAGS=-mcpu=cortex-a9 -mfpu=vfpv3 -mfloat-abi=hard -nos
TRACE::2026-09-30.14:10:02::SCWBDomain::tartfiles -g -Wall -Wextra -fno-tree-loop-distribute-patterns"

TRACE::2026-09-30.14:10:02::SCWBDomain::make -C ps7_cortexa9_0/libsrc/xilffs_v5_0/src -s libs  "SHELL=/bin/sh" "COMPILER=arm-none-eabi-gcc" "ASSEMBLER=arm-none-eabi-as
TRACE::2026-09-30.14:10:02::SCWBDomain::" "ARCHIVER=arm-none-eabi-ar" "COMPILER_FLAGS=  -O2 -c" "EXTRA_COMPILER_FLAGS=-mcpu=cortex-a9 -mfpu=vfpv3 -mfloat-abi=hard -nos
TRACE::2026-09-30.14:10:02::SCWBDomain::tartfiles -g -Wall -Wextra -fno-tree-loop-distribute-patterns"

TRACE::2026-09-30.14:10:02::SCWBDomain::Finished building libraries parallelly.

TRACE::2026-09-30.14:10:02::SCWBDomain::make --no-print-directory archive

TRACE::2026-09-30.14:10:02::SCWBDomain::arm-none-eabi-ar -r  ps7_cortexa9_0/lib/libxil.a ps7_cortexa9_0/lib/_exit.o ps7_cortexa9_0/lib/_open.o ps7_cortexa9_0/lib/_sbrk
TRACE::2026-09-30.14:10:02::SCWBDomain::.o ps7_cortexa9_0/lib/abort.o ps7_cortexa9_0/lib/asm_vectors.o ps7_cortexa9_0/lib/boot.o ps7_cortexa9_0/lib/close.o ps7_cortexa
TRACE::2026-09-30.14:10:02::SCWBDomain::9_0/lib/cpputest_time.o ps7_cortexa9_0/lib/cpu_init.o ps7_cortexa9_0/lib/errno.o ps7_cortexa9_0/lib/fcntl.o ps7_cortexa9_0/lib/
TRACE::2026-09-30.14:10:02::SCWBDomain::fstat.o ps7_cortexa9_0/lib/getentropy.o ps7_cortexa9_0/lib/getpid.o ps7_cortexa9_0/lib/inbyte.o ps7_cortexa9_0/lib/isatty.o ps7
TRACE::2026-09-30.14:10:02::SCWBDomain::_cortexa9_0/lib/kill.o ps7_cortexa9_0/lib/lseek.o ps7_cortexa9_0/lib/open.o ps7_cortexa9_0/lib/outbyte.o ps7_cortexa9_0/lib/pri
TRACE::2026-09-30.14:10:02::SCWBDomain::nt.o ps7_cortexa9_0/lib/putnum.o ps7_cortexa9_0/lib/read.o ps7_cortexa9_0/lib/sbrk.o ps7_cortexa9_0/lib/sleep.o ps7_cortexa9_0/
TRACE::2026-09-30.14:10:02::SCWBDomain::lib/time.o ps7_cortexa9_0/lib/translation_table.o ps7_cortexa9_0/lib/unlink.o ps7_cortexa9_0/lib/usleep.o ps7_cortexa9_0/lib/ve
TRACE::2026-09-30.14:10:02::SCWBDomain::ctors.o ps7_cortexa9_0/lib/write.o ps7_cortexa9_0/lib/xadcps.o ps7_cortexa9_0/lib/xadcps_g.o ps7_cortexa9_0/lib/xadcps_intr.o p
TRACE::2026-09-30.14:10:02::SCWBDomain::s7_cortexa9_0/lib/xadcps_selftest.o ps7_cortexa9_0/lib/xadcps_sinit.o ps7_cortexa9_0/lib/xaxidma.o ps7_cortexa9_0/lib/xaxidma_b
TRACE::2026-09-30.14:10:02::SCWBDomain::d.o ps7_cortexa9_0/lib/xaxidma_bdring.o ps7_cortexa9_0/lib/xaxidma_g.o ps7_cortexa9_0/lib/xaxidma_selftest.o ps7_cortexa9_0/lib
TRACE::2026-09-30.14:10:02::SCWBDomain::/xaxidma_sinit.o ps7_cortexa9_0/lib/xcoresightpsdcc.o ps7_cortexa9_0/lib/xdevcfg.o ps7_cortexa9_0/lib/xdevcfg_g.o ps7_cortexa9_
TRACE::2026-09-30.14:10:02::SCWBDomain::0/lib/xdevcfg_hw.o ps7_cortexa9_0/lib/xdevcfg_intr.o ps7_cortexa9_0/lib/xdevcfg_selftest.o ps7_cortexa9_0/lib/xdevcfg_sinit.o p
TRACE::2026-09-30.14:10:02::SCWBDomain::s7_cortexa9_0/lib/xdmaps.o ps7_cortexa9_0/lib/xdmaps_g.o ps7_cortexa9_0/lib/xdmaps_hw.o ps7_cortexa9_0/lib/xdmaps_selftest.o ps
TRACE::2026-09-30.14:10:02::SCWBDomain::7_cortexa9_0/lib/xdmaps_sinit.o ps7_cortexa9_0/lib/xemacps.o ps7_cortexa9_0/lib/xemacps_bdring.o ps7_cortexa9_0/lib/xemacps_con
TRACE::2026-09-30.14:10:02::SCWBDomain::trol.o ps7_cortexa9_0/lib/xemacps_g.o ps7_cortexa9_0/lib/xemacps_hw.o ps7_cortexa9_0/lib/xemacps_intr.o ps7_cortexa9_0/lib/xema
TRACE::2026-09-30.14:10:02::SCWBDomain::cps_sinit.o ps7_cortexa9_0/lib/xgpiops.o ps7_cortexa9_0/lib/xgpiops_g.o ps7_cortexa9_0/lib/xgpiops_hw.o ps7_cortexa9_0/lib/xgpi
TRACE::2026-09-30.14:10:02::SCWBDomain::ops_intr.o ps7_cortexa9_0/lib/xgpiops_selftest.o ps7_cortexa9_0/lib/xgpiops_sinit.o ps7_cortexa9_0/lib/xil-crt0.o ps7_cortexa9_
TRACE::2026-09-30.14:10:02::SCWBDomain::0/lib/xil_assert.o ps7_cortexa9_0/lib/xil_cache.o ps7_cortexa9_0/lib/xil_clocking.o ps7_cortexa9_0/lib/xil_exception.o ps7_cort
TRACE::2026-09-30.14:10:02::SCWBDomain::exa9_0/lib/xil_mem.o ps7_cortexa9_0/lib/xil_misc_psreset_api.o ps7_cortexa9_0/lib/xil_mmu.o ps7_cortexa9_0/lib/xil_printf.o ps7
TRACE::2026-09-30.14:10:02::SCWBDomain::_cortexa9_0/lib/xil_sleepcommon.o ps7_cortexa9_0/lib/xil_sleeptimer.o ps7_cortexa9_0/lib/xil_spinlock.o ps7_cortexa9_0/lib/xil_
TRACE::2026-09-30.14:10:02::SCWBDomain::testcache.o ps7_cortexa9_0/lib/xil_testio.o ps7_cortexa9_0/lib/xil_testmem.o ps7_cortexa9_0/lib/xil_util.o ps7_cortexa9_0/lib/x
TRACE::2026-09-30.14:10:02::SCWBDomain::interrupt_wrap.o ps7_cortexa9_0/lib/xl2cc_counter.o ps7_cortexa9_0/lib/xplatform_info.o ps7_cortexa9_0/lib/xpm_counter.o ps7_co
TRACE::2026-09-30.14:10:02::SCWBDomain::rtexa9_0/lib/xqspips.o ps7_cortexa9_0/lib/xqspips_g.o ps7_cortexa9_0/lib/xqspips_hw.o ps7_cortexa9_0/lib/xqspips_options.o ps7_
TRACE::2026-09-30.14:10:02::SCWBDomain::cortexa9_0/lib/xqspips_selftest.o ps7_cortexa9_0/lib/xqspips_sinit.o ps7_cortexa9_0/lib/xscugic.o ps7_cortexa9_0/lib/xscugic_g.
TRACE::2026-09-30.14:10:02::SCWBDomain::o ps7_cortexa9_0/lib/xscugic_hw.o ps7_cortexa9_0/lib/xscugic_intr.o ps7_cortexa9_0/lib/xscugic_selftest.o ps7_cortexa9_0/lib/xs
TRACE::2026-09-30.14:10:02::SCWBDomain::cugic_sinit.o ps7_cortexa9_0/lib/xscutimer.o ps7_cortexa9_0/lib/xscutimer_g.o ps7_cortexa9_0/lib/xscutimer_selftest.o ps7_corte
TRACE::2026-09-30.14:10:02::SCWBDomain::xa9_0/lib/xscutimer_sinit.o ps7_cortexa9_0/lib/xscuwdt.o ps7_cortexa9_0/lib/xscuwdt_g.o ps7_cortexa9_0/lib/xscuwdt_selftest.o p
TRACE::2026-09-30.14:10:02::SCWBDomain::s7_cortexa9_0/lib/xscuwdt_sinit.o ps7_cortexa9_0/lib/xsdps.o ps7_cortexa9_0/lib/xsdps_card.o ps7_cortexa9_0/lib/xsdps_g.o ps7_c
TRACE::2026-09-30.14:10:02::SCWBDomain::ortexa9_0/lib/xsdps_host.o ps7_cortexa9_0/lib/xsdps_options.o ps7_cortexa9_0/lib/xsdps_sinit.o ps7_cortexa9_0/lib/xtime_l.o ps7
TRACE::2026-09-30.14:10:02::SCWBDomain::_cortexa9_0/lib/xuartps.o ps7_cortexa9_0/lib/xuartps_g.o ps7_cortexa9_0/lib/xuartps_hw.o ps7_cortexa9_0/lib/xuartps_intr.o ps7_
TRACE::2026-09-30.14:10:02::SCWBDomain::cortexa9_0/lib/xuartps_options.o ps7_cortexa9_0/lib/xuartps_selftest.o ps7_cortexa9_0/lib/xuartps_sinit.o ps7_cortexa9_0/lib/xu
TRACE::2026-09-30.14:10:02::SCWBDomain::sbps.o ps7_cortexa9_0/lib/xusbps_endpoint.o ps7_cortexa9_0/lib/xusbps_g.o ps7_cortexa9_0/lib/xusbps_hw.o ps7_cortexa9_0/lib/xus
TRACE::2026-09-30.14:10:02::SCWBDomain::bps_intr.o ps7_cortexa9_0/lib/xusbps_sinit.o

TRACE::2026-09-30.14:10:02::SCWBDomain::Finished building libraries

TRACE::2026-09-30.14:10:02::SCWBDomain::make[1]: Leaving directory '/users/students/r0885482/Documents/DDP/sw_package_2026/sw_project/project_sw/ecc_project_wrapper/zy
TRACE::2026-09-30.14:10:02::SCWBDomain::nq_fsbl/zynq_fsbl_bsp'

TRACE::2026-09-30.14:10:02::SCWBDomain::make[1]: Entering directory '/users/students/r0885482/Documents/DDP/sw_package_2026/sw_project/project_sw/ecc_project_wrapper/z
TRACE::2026-09-30.14:10:02::SCWBDomain::ynq_fsbl'

TRACE::2026-09-30.14:10:02::SCWBDomain::arm-none-eabi-gcc -o fsbl.elf fsbl_handoff.o fsbl_hooks.o image_mover.o main.o md5.o nand.o nor.o pcap.o ps7_init.o qspi.o rsa.
TRACE::2026-09-30.14:10:02::SCWBDomain::o sd.o -MMD -MP       -mcpu=cortex-a9 -mfpu=vfpv3 -mfloat-abi=hard   -mcpu=cortex-a9 -mfpu=vfpv3 -mfloat-abi=hard -Wl,-build-id
TRACE::2026-09-30.14:10:02::SCWBDomain::=none -specs=Xilinx.spec  -lrsa -Wl,--start-group,-lxil,-lgcc,-lc,--end-group -Wl,--start-group,-lxilffs,-lxil,-lgcc,-lc,--end-
TRACE::2026-09-30.14:10:02::SCWBDomain::group -Wl,--start-group,-lrsa,-lxil,-lgcc,-lc,--end-group                                     -Wl,--gc-sections -Lzynq_fsbl_bsp
TRACE::2026-09-30.14:10:02::SCWBDomain::/ps7_cortexa9_0/lib -L./ -Tlscript.ld

TRACE::2026-09-30.14:10:03::SCWBDomain::make[1]: Leaving directory '/users/students/r0885482/Documents/DDP/sw_package_2026/sw_project/project_sw/ecc_project_wrapper/zy
TRACE::2026-09-30.14:10:03::SCWBDomain::nq_fsbl'

LOG::2026-09-30.14:10:03::SCWSystem::Checking the domain standalone_domain
LOG::2026-09-30.14:10:03::SCWSystem::Not a boot domain 
LOG::2026-09-30.14:10:03::SCWSystem::Started Processing the domain standalone_domain
TRACE::2026-09-30.14:10:03::SCWDomain::Generating domain artifcats
TRACE::2026-09-30.14:10:03::SCWMssOS::Generating standalone artifcats
TRACE::2026-09-30.14:10:03::SCWMssOS::Copying the qemu file from  /users/students/r0885482/Documents/DDP/sw_package_2026/sw_project/project_sw/ecc_project_wrapper/resources/ecc_project_wrapper/standalone_domain/qemu_args.txt To /users/students/r0885482/Documents/DDP/sw_package_2026/sw_project/project_sw/ecc_project_wrapper/export/ecc_project_wrapper/sw/ecc_project_wrapper/qemu/
TRACE::2026-09-30.14:10:03::SCWMssOS::Copying the qemu file from  /users/students/r0885482/Documents/DDP/sw_package_2026/sw_project/project_sw/ecc_project_wrapper/resources/ecc_project_wrapper/standalone_domain/qemu_args.txt To /users/students/r0885482/Documents/DDP/sw_package_2026/sw_project/project_sw/ecc_project_wrapper/export/ecc_project_wrapper/sw/ecc_project_wrapper/standalone_domain/qemu/
TRACE::2026-09-30.14:10:03::SCWMssOS:: Copying the user libraries. 
TRACE::2026-09-30.14:10:03::SCWPlatform::Trying to open the hw design at /users/students/r0885482/Documents/DDP/sw_package_2026/sw_project/project_sw/ecc_project_wrapper/hw/ecc_project_wrapper.xsa
TRACE::2026-09-30.14:10:03::SCWPlatform::DSA given /users/students/r0885482/Documents/DDP/sw_package_2026/sw_project/project_sw/ecc_project_wrapper/hw/ecc_project_wrapper.xsa
TRACE::2026-09-30.14:10:03::SCWPlatform::DSA absoulate path /users/students/r0885482/Documents/DDP/sw_package_2026/sw_project/project_sw/ecc_project_wrapper/hw/ecc_project_wrapper.xsa
TRACE::2026-09-30.14:10:03::SCWPlatform::DSA directory /users/students/r0885482/Documents/DDP/sw_package_2026/sw_project/project_sw/ecc_project_wrapper/hw
TRACE::2026-09-30.14:10:03::SCWPlatform:: Platform Path /users/students/r0885482/Documents/DDP/sw_package_2026/sw_project/project_sw/ecc_project_wrapper/hw/ecc_project_wrapper.xsa
TRACE::2026-09-30.14:10:03::SCWPlatform:: Unique name xilinx:pynq-z2::0.0
TRACE::2026-09-30.14:10:03::SCWPlatform::Trying to set the existing hwdb with name rsa_project_wrapper
TRACE::2026-09-30.14:10:03::SCWPlatform::Opened existing hwdb rsa_project_wrapper
TRACE::2026-09-30.14:10:03::SCWPlatform::Found the Hw Db part of the input DSA
TRACE::2026-09-30.14:10:03::SCWMssOS::Checking the sw design at  /users/students/r0885482/Documents/DDP/sw_package_2026/sw_project/project_sw/ecc_project_wrapper/ps7_cortexa9_0/standalone_domain/bsp/system.mss
TRACE::2026-09-30.14:10:03::SCWMssOS::DEBUG:  swdes dump  /users/students/r0885482/Documents/DDP/sw_package_2026/sw_project/project_sw/ecc_project_wrapper/ps7_cortexa9_0/standalone_domain/bsp/system.mss|system_0||
/users/students/r0885482/Documents/DDP/sw_package_2026/sw_project/project_sw/ecc_project_wrapper/zynq_fsbl/zynq_fsbl_bsp/system.mss|system||

TRACE::2026-09-30.14:10:03::SCWMssOS::Sw design exists and opened at  /users/students/r0885482/Documents/DDP/sw_package_2026/sw_project/project_sw/ecc_project_wrapper/ps7_cortexa9_0/standalone_domain/bsp/system.mss
TRACE::2026-09-30.14:10:03::SCWMssOS::Completed writing the mss file at /users/students/r0885482/Documents/DDP/sw_package_2026/sw_project/project_sw/ecc_project_wrapper/ps7_cortexa9_0/standalone_domain/bsp
TRACE::2026-09-30.14:10:03::SCWMssOS::Mss edits present, copying mssfile into export location /users/students/r0885482/Documents/DDP/sw_package_2026/sw_project/project_sw/ecc_project_wrapper/ps7_cortexa9_0/standalone_domain/bsp/system.mss
TRACE::2026-09-30.14:10:03::SCWMssOS::bsp generated is upto date with the mss file. Skipping bsp generation.
TRACE::2026-09-30.14:10:03::SCWMssOS::BSP is already built. skipping the bsp build ... 
TRACE::2026-09-30.14:10:03::SCWDomain::Building the domain as part of full build :  standalone_domain
TRACE::2026-09-30.14:10:03::SCWMssOS::doing bsp build ... 
TRACE::2026-09-30.14:10:03::SCWMssOS::System Command Ran  cd  /users/students/r0885482/Documents/DDP/sw_package_2026/sw_project/project_sw/ecc_project_wrapper/ps7_cortexa9_0/standalone_domain/bsp ; bash -c "make  " 
TRACE::2026-09-30.14:10:03::SCWMssOS::make[1]: Entering directory '/users/students/r0885482/Documents/DDP/sw_package_2026/sw_project/project_sw/ecc_project_wrapper/p
TRACE::2026-09-30.14:10:03::SCWMssOS::s7_cortexa9_0/standalone_domain/bsp'

TRACE::2026-09-30.14:10:03::SCWMssOS::make --no-print-directory seq_libs

TRACE::2026-09-30.14:10:03::SCWMssOS::Finished building libraries sequentially.

TRACE::2026-09-30.14:10:03::SCWMssOS::make -j 10 --no-print-directory par_libs

TRACE::2026-09-30.14:10:03::SCWMssOS::Running Make include in ps7_cortexa9_0/libsrc/axidma_v9_16/src

TRACE::2026-09-30.14:10:03::SCWMssOS::Running Make include in ps7_cortexa9_0/libsrc/coresightps_dcc_v1_8/src

TRACE::2026-09-30.14:10:03::SCWMssOS::make -C ps7_cortexa9_0/libsrc/axidma_v9_16/src -s include  "SHELL=/bin/sh" "COMPILER=arm-none-eabi-gcc" "ASSEMBLER=arm-none-eab
TRACE::2026-09-30.14:10:03::SCWMssOS::i-as" "ARCHIVER=arm-none-eabi-ar" "COMPILER_FLAGS=  -O2 -c" "EXTRA_COMPILER_FLAGS=-mcpu=cortex-a9 -mfpu=vfpv3 -mfloat-abi=hard 
TRACE::2026-09-30.14:10:03::SCWMssOS::-nostartfiles -g -Wall -Wextra -fno-tree-loop-distribute-patterns"

TRACE::2026-09-30.14:10:03::SCWMssOS::Running Make include in ps7_cortexa9_0/libsrc/cpu_cortexa9_v2_11/src

TRACE::2026-09-30.14:10:03::SCWMssOS::make -C ps7_cortexa9_0/libsrc/cpu_cortexa9_v2_11/src -s include  "SHELL=/bin/sh" "COMPILER=arm-none-eabi-gcc" "ASSEMBLER=arm-no
TRACE::2026-09-30.14:10:03::SCWMssOS::ne-eabi-as" "ARCHIVER=arm-none-eabi-ar" "COMPILER_FLAGS=  -O2 -c" "EXTRA_COMPILER_FLAGS=-mcpu=cortex-a9 -mfpu=vfpv3 -mfloat-abi
TRACE::2026-09-30.14:10:03::SCWMssOS::=hard -nostartfiles -g -Wall -Wextra -fno-tree-loop-distribute-patterns"

TRACE::2026-09-30.14:10:03::SCWMssOS::Running Make include in ps7_cortexa9_0/libsrc/ddrps_v1_2/src

TRACE::2026-09-30.14:10:03::SCWMssOS::make -C ps7_cortexa9_0/libsrc/ddrps_v1_2/src -s include  "SHELL=/bin/sh" "COMPILER=arm-none-eabi-gcc" "ASSEMBLER=arm-none-eabi-
TRACE::2026-09-30.14:10:03::SCWMssOS::as" "ARCHIVER=arm-none-eabi-ar" "COMPILER_FLAGS=  -O2 -c" "EXTRA_COMPILER_FLAGS=-mcpu=cortex-a9 -mfpu=vfpv3 -mfloat-abi=hard -n
TRACE::2026-09-30.14:10:03::SCWMssOS::ostartfiles -g -Wall -Wextra -fno-tree-loop-distribute-patterns"

TRACE::2026-09-30.14:10:03::SCWMssOS::Running Make include in ps7_cortexa9_0/libsrc/devcfg_v3_7/src

TRACE::2026-09-30.14:10:03::SCWMssOS::make -C ps7_cortexa9_0/libsrc/coresightps_dcc_v1_8/src -s include  "SHELL=/bin/sh" "COMPILER=arm-none-eabi-gcc" "ASSEMBLER=arm-
TRACE::2026-09-30.14:10:03::SCWMssOS::none-eabi-as" "ARCHIVER=arm-none-eabi-ar" "COMPILER_FLAGS=  -O2 -c" "EXTRA_COMPILER_FLAGS=-mcpu=cortex-a9 -mfpu=vfpv3 -mfloat-a
TRACE::2026-09-30.14:10:03::SCWMssOS::bi=hard -nostartfiles -g -Wall -Wextra -fno-tree-loop-distribute-patterns"

TRACE::2026-09-30.14:10:03::SCWMssOS::make -C ps7_cortexa9_0/libsrc/devcfg_v3_7/src -s include  "SHELL=/bin/sh" "COMPILER=arm-none-eabi-gcc" "ASSEMBLER=arm-none-eabi
TRACE::2026-09-30.14:10:03::SCWMssOS::-as" "ARCHIVER=arm-none-eabi-ar" "COMPILER_FLAGS=  -O2 -c" "EXTRA_COMPILER_FLAGS=-mcpu=cortex-a9 -mfpu=vfpv3 -mfloat-abi=hard -
TRACE::2026-09-30.14:10:03::SCWMssOS::nostartfiles -g -Wall -Wextra -fno-tree-loop-distribute-patterns"

TRACE::2026-09-30.14:10:03::SCWMssOS::Running Make include in ps7_cortexa9_0/libsrc/dmaps_v2_8/src

TRACE::2026-09-30.14:10:03::SCWMssOS::Running Make include in ps7_cortexa9_0/libsrc/emacps_v3_18/src

TRACE::2026-09-30.14:10:03::SCWMssOS::make -C ps7_cortexa9_0/libsrc/dmaps_v2_8/src -s include  "SHELL=/bin/sh" "COMPILER=arm-none-eabi-gcc" "ASSEMBLER=arm-none-eabi-
TRACE::2026-09-30.14:10:03::SCWMssOS::as" "ARCHIVER=arm-none-eabi-ar" "COMPILER_FLAGS=  -O2 -c" "EXTRA_COMPILER_FLAGS=-mcpu=cortex-a9 -mfpu=vfpv3 -mfloat-abi=hard -n
TRACE::2026-09-30.14:10:03::SCWMssOS::ostartfiles -g -Wall -Wextra -fno-tree-loop-distribute-patterns"

TRACE::2026-09-30.14:10:03::SCWMssOS::make -C ps7_cortexa9_0/libsrc/emacps_v3_18/src -s include  "SHELL=/bin/sh" "COMPILER=arm-none-eabi-gcc" "ASSEMBLER=arm-none-eab
TRACE::2026-09-30.14:10:03::SCWMssOS::i-as" "ARCHIVER=arm-none-eabi-ar" "COMPILER_FLAGS=  -O2 -c" "EXTRA_COMPILER_FLAGS=-mcpu=cortex-a9 -mfpu=vfpv3 -mfloat-abi=hard 
TRACE::2026-09-30.14:10:03::SCWMssOS::-nostartfiles -g -Wall -Wextra -fno-tree-loop-distribute-patterns"

TRACE::2026-09-30.14:10:03::SCWMssOS::Running Make include in ps7_cortexa9_0/libsrc/gpiops_v3_11/src

TRACE::2026-09-30.14:10:03::SCWMssOS::make -C ps7_cortexa9_0/libsrc/gpiops_v3_11/src -s include  "SHELL=/bin/sh" "COMPILER=arm-none-eabi-gcc" "ASSEMBLER=arm-none-eab
TRACE::2026-09-30.14:10:03::SCWMssOS::i-as" "ARCHIVER=arm-none-eabi-ar" "COMPILER_FLAGS=  -O2 -c" "EXTRA_COMPILER_FLAGS=-mcpu=cortex-a9 -mfpu=vfpv3 -mfloat-abi=hard 
TRACE::2026-09-30.14:10:03::SCWMssOS::-nostartfiles -g -Wall -Wextra -fno-tree-loop-distribute-patterns"

TRACE::2026-09-30.14:10:03::SCWMssOS::Running Make include in ps7_cortexa9_0/libsrc/qspips_v3_10/src

TRACE::2026-09-30.14:10:03::SCWMssOS::make -C ps7_cortexa9_0/libsrc/qspips_v3_10/src -s include  "SHELL=/bin/sh" "COMPILER=arm-none-eabi-gcc" "ASSEMBLER=arm-none-eab
TRACE::2026-09-30.14:10:03::SCWMssOS::i-as" "ARCHIVER=arm-none-eabi-ar" "COMPILER_FLAGS=  -O2 -c" "EXTRA_COMPILER_FLAGS=-mcpu=cortex-a9 -mfpu=vfpv3 -mfloat-abi=hard 
TRACE::2026-09-30.14:10:03::SCWMssOS::-nostartfiles -g -Wall -Wextra -fno-tree-loop-distribute-patterns"

TRACE::2026-09-30.14:10:03::SCWMssOS::Running Make include in ps7_cortexa9_0/libsrc/scugic_v5_1/src

TRACE::2026-09-30.14:10:03::SCWMssOS::make -C ps7_cortexa9_0/libsrc/scugic_v5_1/src -s include  "SHELL=/bin/sh" "COMPILER=arm-none-eabi-gcc" "ASSEMBLER=arm-none-eabi
TRACE::2026-09-30.14:10:03::SCWMssOS::-as" "ARCHIVER=arm-none-eabi-ar" "COMPILER_FLAGS=  -O2 -c" "EXTRA_COMPILER_FLAGS=-mcpu=cortex-a9 -mfpu=vfpv3 -mfloat-abi=hard -
TRACE::2026-09-30.14:10:03::SCWMssOS::nostartfiles -g -Wall -Wextra -fno-tree-loop-distribute-patterns"

TRACE::2026-09-30.14:10:03::SCWMssOS::Running Make include in ps7_cortexa9_0/libsrc/scutimer_v2_4/src

TRACE::2026-09-30.14:10:03::SCWMssOS::make -C ps7_cortexa9_0/libsrc/scutimer_v2_4/src -s include  "SHELL=/bin/sh" "COMPILER=arm-none-eabi-gcc" "ASSEMBLER=arm-none-ea
TRACE::2026-09-30.14:10:03::SCWMssOS::bi-as" "ARCHIVER=arm-none-eabi-ar" "COMPILER_FLAGS=  -O2 -c" "EXTRA_COMPILER_FLAGS=-mcpu=cortex-a9 -mfpu=vfpv3 -mfloat-abi=hard
TRACE::2026-09-30.14:10:03::SCWMssOS:: -nostartfiles -g -Wall -Wextra -fno-tree-loop-distribute-patterns"

TRACE::2026-09-30.14:10:03::SCWMssOS::Running Make include in ps7_cortexa9_0/libsrc/scuwdt_v2_4/src

TRACE::2026-09-30.14:10:03::SCWMssOS::make -C ps7_cortexa9_0/libsrc/scuwdt_v2_4/src -s include  "SHELL=/bin/sh" "COMPILER=arm-none-eabi-gcc" "ASSEMBLER=arm-none-eabi
TRACE::2026-09-30.14:10:03::SCWMssOS::-as" "ARCHIVER=arm-none-eabi-ar" "COMPILER_FLAGS=  -O2 -c" "EXTRA_COMPILER_FLAGS=-mcpu=cortex-a9 -mfpu=vfpv3 -mfloat-abi=hard -
TRACE::2026-09-30.14:10:03::SCWMssOS::nostartfiles -g -Wall -Wextra -fno-tree-loop-distribute-patterns"

TRACE::2026-09-30.14:10:03::SCWMssOS::Running Make include in ps7_cortexa9_0/libsrc/sdps_v4_1/src

TRACE::2026-09-30.14:10:03::SCWMssOS::make -C ps7_cortexa9_0/libsrc/sdps_v4_1/src -s include  "SHELL=/bin/sh" "COMPILER=arm-none-eabi-gcc" "ASSEMBLER=arm-none-eabi-a
TRACE::2026-09-30.14:10:03::SCWMssOS::s" "ARCHIVER=arm-none-eabi-ar" "COMPILER_FLAGS=  -O2 -c" "EXTRA_COMPILER_FLAGS=-mcpu=cortex-a9 -mfpu=vfpv3 -mfloat-abi=hard -no
TRACE::2026-09-30.14:10:03::SCWMssOS::startfiles -g -Wall -Wextra -fno-tree-loop-distribute-patterns"

TRACE::2026-09-30.14:10:03::SCWMssOS::Running Make include in ps7_cortexa9_0/libsrc/standalone_v8_1/src

TRACE::2026-09-30.14:10:03::SCWMssOS::make -C ps7_cortexa9_0/libsrc/standalone_v8_1/src -s include  "SHELL=/bin/sh" "COMPILER=arm-none-eabi-gcc" "ASSEMBLER=arm-none-
TRACE::2026-09-30.14:10:03::SCWMssOS::eabi-as" "ARCHIVER=arm-none-eabi-ar" "COMPILER_FLAGS=  -O2 -c" "EXTRA_COMPILER_FLAGS=-mcpu=cortex-a9 -mfpu=vfpv3 -mfloat-abi=ha
TRACE::2026-09-30.14:10:03::SCWMssOS::rd -nostartfiles -g -Wall -Wextra -fno-tree-loop-distribute-patterns"

TRACE::2026-09-30.14:10:03::SCWMssOS::Running Make include in ps7_cortexa9_0/libsrc/uartps_v3_12/src

TRACE::2026-09-30.14:10:03::SCWMssOS::make -C ps7_cortexa9_0/libsrc/uartps_v3_12/src -s include  "SHELL=/bin/sh" "COMPILER=arm-none-eabi-gcc" "ASSEMBLER=arm-none-eab
TRACE::2026-09-30.14:10:03::SCWMssOS::i-as" "ARCHIVER=arm-none-eabi-ar" "COMPILER_FLAGS=  -O2 -c" "EXTRA_COMPILER_FLAGS=-mcpu=cortex-a9 -mfpu=vfpv3 -mfloat-abi=hard 
TRACE::2026-09-30.14:10:03::SCWMssOS::-nostartfiles -g -Wall -Wextra -fno-tree-loop-distribute-patterns"

TRACE::2026-09-30.14:10:03::SCWMssOS::Running Make include in ps7_cortexa9_0/libsrc/usbps_v2_7/src

TRACE::2026-09-30.14:10:03::SCWMssOS::make -C ps7_cortexa9_0/libsrc/usbps_v2_7/src -s include  "SHELL=/bin/sh" "COMPILER=arm-none-eabi-gcc" "ASSEMBLER=arm-none-eabi-
TRACE::2026-09-30.14:10:03::SCWMssOS::as" "ARCHIVER=arm-none-eabi-ar" "COMPILER_FLAGS=  -O2 -c" "EXTRA_COMPILER_FLAGS=-mcpu=cortex-a9 -mfpu=vfpv3 -mfloat-abi=hard -n
TRACE::2026-09-30.14:10:03::SCWMssOS::ostartfiles -g -Wall -Wextra -fno-tree-loop-distribute-patterns"

TRACE::2026-09-30.14:10:03::SCWMssOS::Running Make include in ps7_cortexa9_0/libsrc/xadcps_v2_6/src

TRACE::2026-09-30.14:10:03::SCWMssOS::make -C ps7_cortexa9_0/libsrc/xadcps_v2_6/src -s include  "SHELL=/bin/sh" "COMPILER=arm-none-eabi-gcc" "ASSEMBLER=arm-none-eabi
TRACE::2026-09-30.14:10:03::SCWMssOS::-as" "ARCHIVER=arm-none-eabi-ar" "COMPILER_FLAGS=  -O2 -c" "EXTRA_COMPILER_FLAGS=-mcpu=cortex-a9 -mfpu=vfpv3 -mfloat-abi=hard -
TRACE::2026-09-30.14:10:03::SCWMssOS::nostartfiles -g -Wall -Wextra -fno-tree-loop-distribute-patterns"

TRACE::2026-09-30.14:10:03::SCWMssOS::Running Make libs in ps7_cortexa9_0/libsrc/axidma_v9_16/src

TRACE::2026-09-30.14:10:03::SCWMssOS::Running Make libs in ps7_cortexa9_0/libsrc/coresightps_dcc_v1_8/src

TRACE::2026-09-30.14:10:03::SCWMssOS::make -C ps7_cortexa9_0/libsrc/axidma_v9_16/src -s libs  "SHELL=/bin/sh" "COMPILER=arm-none-eabi-gcc" "ASSEMBLER=arm-none-eabi-a
TRACE::2026-09-30.14:10:03::SCWMssOS::s" "ARCHIVER=arm-none-eabi-ar" "COMPILER_FLAGS=  -O2 -c" "EXTRA_COMPILER_FLAGS=-mcpu=cortex-a9 -mfpu=vfpv3 -mfloat-abi=hard -no
TRACE::2026-09-30.14:10:03::SCWMssOS::startfiles -g -Wall -Wextra -fno-tree-loop-distribute-patterns"

TRACE::2026-09-30.14:10:03::SCWMssOS::make -C ps7_cortexa9_0/libsrc/coresightps_dcc_v1_8/src -s libs  "SHELL=/bin/sh" "COMPILER=arm-none-eabi-gcc" "ASSEMBLER=arm-non
TRACE::2026-09-30.14:10:03::SCWMssOS::e-eabi-as" "ARCHIVER=arm-none-eabi-ar" "COMPILER_FLAGS=  -O2 -c" "EXTRA_COMPILER_FLAGS=-mcpu=cortex-a9 -mfpu=vfpv3 -mfloat-abi=
TRACE::2026-09-30.14:10:03::SCWMssOS::hard -nostartfiles -g -Wall -Wextra -fno-tree-loop-distribute-patterns"

TRACE::2026-09-30.14:10:03::SCWMssOS::Running Make libs in ps7_cortexa9_0/libsrc/cpu_cortexa9_v2_11/src

TRACE::2026-09-30.14:10:03::SCWMssOS::Running Make libs in ps7_cortexa9_0/libsrc/ddrps_v1_2/src

TRACE::2026-09-30.14:10:03::SCWMssOS::make -C ps7_cortexa9_0/libsrc/cpu_cortexa9_v2_11/src -s libs  "SHELL=/bin/sh" "COMPILER=arm-none-eabi-gcc" "ASSEMBLER=arm-none-
TRACE::2026-09-30.14:10:03::SCWMssOS::eabi-as" "ARCHIVER=arm-none-eabi-ar" "COMPILER_FLAGS=  -O2 -c" "EXTRA_COMPILER_FLAGS=-mcpu=cortex-a9 -mfpu=vfpv3 -mfloat-abi=ha
TRACE::2026-09-30.14:10:03::SCWMssOS::rd -nostartfiles -g -Wall -Wextra -fno-tree-loop-distribute-patterns"

TRACE::2026-09-30.14:10:03::SCWMssOS::Running Make libs in ps7_cortexa9_0/libsrc/devcfg_v3_7/src

TRACE::2026-09-30.14:10:03::SCWMssOS::make -C ps7_cortexa9_0/libsrc/ddrps_v1_2/src -s libs  "SHELL=/bin/sh" "COMPILER=arm-none-eabi-gcc" "ASSEMBLER=arm-none-eabi-as"
TRACE::2026-09-30.14:10:03::SCWMssOS:: "ARCHIVER=arm-none-eabi-ar" "COMPILER_FLAGS=  -O2 -c" "EXTRA_COMPILER_FLAGS=-mcpu=cortex-a9 -mfpu=vfpv3 -mfloat-abi=hard -nost
TRACE::2026-09-30.14:10:03::SCWMssOS::artfiles -g -Wall -Wextra -fno-tree-loop-distribute-patterns"

TRACE::2026-09-30.14:10:03::SCWMssOS::Running Make libs in ps7_cortexa9_0/libsrc/dmaps_v2_8/src

TRACE::2026-09-30.14:10:03::SCWMssOS::make -C ps7_cortexa9_0/libsrc/devcfg_v3_7/src -s libs  "SHELL=/bin/sh" "COMPILER=arm-none-eabi-gcc" "ASSEMBLER=arm-none-eabi-as
TRACE::2026-09-30.14:10:03::SCWMssOS::" "ARCHIVER=arm-none-eabi-ar" "COMPILER_FLAGS=  -O2 -c" "EXTRA_COMPILER_FLAGS=-mcpu=cortex-a9 -mfpu=vfpv3 -mfloat-abi=hard -nos
TRACE::2026-09-30.14:10:03::SCWMssOS::tartfiles -g -Wall -Wextra -fno-tree-loop-distribute-patterns"

TRACE::2026-09-30.14:10:03::SCWMssOS::make -C ps7_cortexa9_0/libsrc/dmaps_v2_8/src -s libs  "SHELL=/bin/sh" "COMPILER=arm-none-eabi-gcc" "ASSEMBLER=arm-none-eabi-as"
TRACE::2026-09-30.14:10:03::SCWMssOS:: "ARCHIVER=arm-none-eabi-ar" "COMPILER_FLAGS=  -O2 -c" "EXTRA_COMPILER_FLAGS=-mcpu=cortex-a9 -mfpu=vfpv3 -mfloat-abi=hard -nost
TRACE::2026-09-30.14:10:03::SCWMssOS::artfiles -g -Wall -Wextra -fno-tree-loop-distribute-patterns"

TRACE::2026-09-30.14:10:03::SCWMssOS::Running Make libs in ps7_cortexa9_0/libsrc/emacps_v3_18/src

TRACE::2026-09-30.14:10:03::SCWMssOS::make -C ps7_cortexa9_0/libsrc/emacps_v3_18/src -s libs  "SHELL=/bin/sh" "COMPILER=arm-none-eabi-gcc" "ASSEMBLER=arm-none-eabi-a
TRACE::2026-09-30.14:10:03::SCWMssOS::s" "ARCHIVER=arm-none-eabi-ar" "COMPILER_FLAGS=  -O2 -c" "EXTRA_COMPILER_FLAGS=-mcpu=cortex-a9 -mfpu=vfpv3 -mfloat-abi=hard -no
TRACE::2026-09-30.14:10:03::SCWMssOS::startfiles -g -Wall -Wextra -fno-tree-loop-distribute-patterns"

TRACE::2026-09-30.14:10:03::SCWMssOS::Running Make libs in ps7_cortexa9_0/libsrc/gpiops_v3_11/src

TRACE::2026-09-30.14:10:03::SCWMssOS::make -C ps7_cortexa9_0/libsrc/gpiops_v3_11/src -s libs  "SHELL=/bin/sh" "COMPILER=arm-none-eabi-gcc" "ASSEMBLER=arm-none-eabi-a
TRACE::2026-09-30.14:10:03::SCWMssOS::s" "ARCHIVER=arm-none-eabi-ar" "COMPILER_FLAGS=  -O2 -c" "EXTRA_COMPILER_FLAGS=-mcpu=cortex-a9 -mfpu=vfpv3 -mfloat-abi=hard -no
TRACE::2026-09-30.14:10:03::SCWMssOS::startfiles -g -Wall -Wextra -fno-tree-loop-distribute-patterns"

TRACE::2026-09-30.14:10:03::SCWMssOS::Running Make libs in ps7_cortexa9_0/libsrc/qspips_v3_10/src

TRACE::2026-09-30.14:10:03::SCWMssOS::make -C ps7_cortexa9_0/libsrc/qspips_v3_10/src -s libs  "SHELL=/bin/sh" "COMPILER=arm-none-eabi-gcc" "ASSEMBLER=arm-none-eabi-a
TRACE::2026-09-30.14:10:03::SCWMssOS::s" "ARCHIVER=arm-none-eabi-ar" "COMPILER_FLAGS=  -O2 -c" "EXTRA_COMPILER_FLAGS=-mcpu=cortex-a9 -mfpu=vfpv3 -mfloat-abi=hard -no
TRACE::2026-09-30.14:10:03::SCWMssOS::startfiles -g -Wall -Wextra -fno-tree-loop-distribute-patterns"

TRACE::2026-09-30.14:10:03::SCWMssOS::Running Make libs in ps7_cortexa9_0/libsrc/scugic_v5_1/src

TRACE::2026-09-30.14:10:03::SCWMssOS::make -C ps7_cortexa9_0/libsrc/scugic_v5_1/src -s libs  "SHELL=/bin/sh" "COMPILER=arm-none-eabi-gcc" "ASSEMBLER=arm-none-eabi-as
TRACE::2026-09-30.14:10:03::SCWMssOS::" "ARCHIVER=arm-none-eabi-ar" "COMPILER_FLAGS=  -O2 -c" "EXTRA_COMPILER_FLAGS=-mcpu=cortex-a9 -mfpu=vfpv3 -mfloat-abi=hard -nos
TRACE::2026-09-30.14:10:03::SCWMssOS::tartfiles -g -Wall -Wextra -fno-tree-loop-distribute-patterns"

TRACE::2026-09-30.14:10:03::SCWMssOS::Running Make libs in ps7_cortexa9_0/libsrc/scutimer_v2_4/src

TRACE::2026-09-30.14:10:03::SCWMssOS::make -C ps7_cortexa9_0/libsrc/scutimer_v2_4/src -s libs  "SHELL=/bin/sh" "COMPILER=arm-none-eabi-gcc" "ASSEMBLER=arm-none-eabi-
TRACE::2026-09-30.14:10:03::SCWMssOS::as" "ARCHIVER=arm-none-eabi-ar" "COMPILER_FLAGS=  -O2 -c" "EXTRA_COMPILER_FLAGS=-mcpu=cortex-a9 -mfpu=vfpv3 -mfloat-abi=hard -n
TRACE::2026-09-30.14:10:03::SCWMssOS::ostartfiles -g -Wall -Wextra -fno-tree-loop-distribute-patterns"

TRACE::2026-09-30.14:10:03::SCWMssOS::Running Make libs in ps7_cortexa9_0/libsrc/scuwdt_v2_4/src

TRACE::2026-09-30.14:10:03::SCWMssOS::make -C ps7_cortexa9_0/libsrc/scuwdt_v2_4/src -s libs  "SHELL=/bin/sh" "COMPILER=arm-none-eabi-gcc" "ASSEMBLER=arm-none-eabi-as
TRACE::2026-09-30.14:10:03::SCWMssOS::" "ARCHIVER=arm-none-eabi-ar" "COMPILER_FLAGS=  -O2 -c" "EXTRA_COMPILER_FLAGS=-mcpu=cortex-a9 -mfpu=vfpv3 -mfloat-abi=hard -nos
TRACE::2026-09-30.14:10:03::SCWMssOS::tartfiles -g -Wall -Wextra -fno-tree-loop-distribute-patterns"

TRACE::2026-09-30.14:10:03::SCWMssOS::Running Make libs in ps7_cortexa9_0/libsrc/sdps_v4_1/src

TRACE::2026-09-30.14:10:03::SCWMssOS::make -C ps7_cortexa9_0/libsrc/sdps_v4_1/src -s libs  "SHELL=/bin/sh" "COMPILER=arm-none-eabi-gcc" "ASSEMBLER=arm-none-eabi-as" 
TRACE::2026-09-30.14:10:03::SCWMssOS::"ARCHIVER=arm-none-eabi-ar" "COMPILER_FLAGS=  -O2 -c" "EXTRA_COMPILER_FLAGS=-mcpu=cortex-a9 -mfpu=vfpv3 -mfloat-abi=hard -nosta
TRACE::2026-09-30.14:10:03::SCWMssOS::rtfiles -g -Wall -Wextra -fno-tree-loop-distribute-patterns"

TRACE::2026-09-30.14:10:03::SCWMssOS::Running Make libs in ps7_cortexa9_0/libsrc/standalone_v8_1/src

TRACE::2026-09-30.14:10:03::SCWMssOS::make -C ps7_cortexa9_0/libsrc/standalone_v8_1/src -s libs  "SHELL=/bin/sh" "COMPILER=arm-none-eabi-gcc" "ASSEMBLER=arm-none-eab
TRACE::2026-09-30.14:10:03::SCWMssOS::i-as" "ARCHIVER=arm-none-eabi-ar" "COMPILER_FLAGS=  -O2 -c" "EXTRA_COMPILER_FLAGS=-mcpu=cortex-a9 -mfpu=vfpv3 -mfloat-abi=hard 
TRACE::2026-09-30.14:10:03::SCWMssOS::-nostartfiles -g -Wall -Wextra -fno-tree-loop-distribute-patterns"

TRACE::2026-09-30.14:10:03::SCWMssOS::Running Make libs in ps7_cortexa9_0/libsrc/uartps_v3_12/src

TRACE::2026-09-30.14:10:03::SCWMssOS::make -C ps7_cortexa9_0/libsrc/uartps_v3_12/src -s libs  "SHELL=/bin/sh" "COMPILER=arm-none-eabi-gcc" "ASSEMBLER=arm-none-eabi-a
TRACE::2026-09-30.14:10:03::SCWMssOS::s" "ARCHIVER=arm-none-eabi-ar" "COMPILER_FLAGS=  -O2 -c" "EXTRA_COMPILER_FLAGS=-mcpu=cortex-a9 -mfpu=vfpv3 -mfloat-abi=hard -no
TRACE::2026-09-30.14:10:03::SCWMssOS::startfiles -g -Wall -Wextra -fno-tree-loop-distribute-patterns"

TRACE::2026-09-30.14:10:03::SCWMssOS::Running Make libs in ps7_cortexa9_0/libsrc/xadcps_v2_6/src

TRACE::2026-09-30.14:10:03::SCWMssOS::Running Make libs in ps7_cortexa9_0/libsrc/usbps_v2_7/src

TRACE::2026-09-30.14:10:03::SCWMssOS::make -C ps7_cortexa9_0/libsrc/usbps_v2_7/src -s libs  "SHELL=/bin/sh" "COMPILER=arm-none-eabi-gcc" "ASSEMBLER=arm-none-eabi-as"
TRACE::2026-09-30.14:10:03::SCWMssOS:: "ARCHIVER=arm-none-eabi-ar" "COMPILER_FLAGS=  -O2 -c" "EXTRA_COMPILER_FLAGS=-mcpu=cortex-a9 -mfpu=vfpv3 -mfloat-abi=hard -nost
TRACE::2026-09-30.14:10:03::SCWMssOS::artfiles -g -Wall -Wextra -fno-tree-loop-distribute-patterns"

TRACE::2026-09-30.14:10:03::SCWMssOS::make -C ps7_cortexa9_0/libsrc/xadcps_v2_6/src -s libs  "SHELL=/bin/sh" "COMPILER=arm-none-eabi-gcc" "ASSEMBLER=arm-none-eabi-as
TRACE::2026-09-30.14:10:03::SCWMssOS::" "ARCHIVER=arm-none-eabi-ar" "COMPILER_FLAGS=  -O2 -c" "EXTRA_COMPILER_FLAGS=-mcpu=cortex-a9 -mfpu=vfpv3 -mfloat-abi=hard -nos
TRACE::2026-09-30.14:10:03::SCWMssOS::tartfiles -g -Wall -Wextra -fno-tree-loop-distribute-patterns"

TRACE::2026-09-30.14:10:03::SCWMssOS::Finished building libraries parallelly.

TRACE::2026-09-30.14:10:03::SCWMssOS::make --no-print-directory archive

TRACE::2026-09-30.14:10:03::SCWMssOS::arm-none-eabi-ar -r  ps7_cortexa9_0/lib/libxil.a ps7_cortexa9_0/lib/_exit.o ps7_cortexa9_0/lib/_open.o ps7_cortexa9_0/lib/_sbrk
TRACE::2026-09-30.14:10:03::SCWMssOS::.o ps7_cortexa9_0/lib/abort.o ps7_cortexa9_0/lib/asm_vectors.o ps7_cortexa9_0/lib/boot.o ps7_cortexa9_0/lib/close.o ps7_cortexa
TRACE::2026-09-30.14:10:03::SCWMssOS::9_0/lib/cpputest_time.o ps7_cortexa9_0/lib/cpu_init.o ps7_cortexa9_0/lib/errno.o ps7_cortexa9_0/lib/fcntl.o ps7_cortexa9_0/lib/
TRACE::2026-09-30.14:10:03::SCWMssOS::fstat.o ps7_cortexa9_0/lib/getentropy.o ps7_cortexa9_0/lib/getpid.o ps7_cortexa9_0/lib/inbyte.o ps7_cortexa9_0/lib/isatty.o ps7
TRACE::2026-09-30.14:10:03::SCWMssOS::_cortexa9_0/lib/kill.o ps7_cortexa9_0/lib/lseek.o ps7_cortexa9_0/lib/open.o ps7_cortexa9_0/lib/outbyte.o ps7_cortexa9_0/lib/pri
TRACE::2026-09-30.14:10:03::SCWMssOS::nt.o ps7_cortexa9_0/lib/putnum.o ps7_cortexa9_0/lib/read.o ps7_cortexa9_0/lib/sbrk.o ps7_cortexa9_0/lib/sleep.o ps7_cortexa9_0/
TRACE::2026-09-30.14:10:03::SCWMssOS::lib/time.o ps7_cortexa9_0/lib/translation_table.o ps7_cortexa9_0/lib/unlink.o ps7_cortexa9_0/lib/usleep.o ps7_cortexa9_0/lib/ve
TRACE::2026-09-30.14:10:03::SCWMssOS::ctors.o ps7_cortexa9_0/lib/write.o ps7_cortexa9_0/lib/xadcps.o ps7_cortexa9_0/lib/xadcps_g.o ps7_cortexa9_0/lib/xadcps_intr.o p
TRACE::2026-09-30.14:10:03::SCWMssOS::s7_cortexa9_0/lib/xadcps_selftest.o ps7_cortexa9_0/lib/xadcps_sinit.o ps7_cortexa9_0/lib/xaxidma.o ps7_cortexa9_0/lib/xaxidma_b
TRACE::2026-09-30.14:10:03::SCWMssOS::d.o ps7_cortexa9_0/lib/xaxidma_bdring.o ps7_cortexa9_0/lib/xaxidma_g.o ps7_cortexa9_0/lib/xaxidma_selftest.o ps7_cortexa9_0/lib
TRACE::2026-09-30.14:10:03::SCWMssOS::/xaxidma_sinit.o ps7_cortexa9_0/lib/xcoresightpsdcc.o ps7_cortexa9_0/lib/xdevcfg.o ps7_cortexa9_0/lib/xdevcfg_g.o ps7_cortexa9_
TRACE::2026-09-30.14:10:03::SCWMssOS::0/lib/xdevcfg_hw.o ps7_cortexa9_0/lib/xdevcfg_intr.o ps7_cortexa9_0/lib/xdevcfg_selftest.o ps7_cortexa9_0/lib/xdevcfg_sinit.o p
TRACE::2026-09-30.14:10:03::SCWMssOS::s7_cortexa9_0/lib/xdmaps.o ps7_cortexa9_0/lib/xdmaps_g.o ps7_cortexa9_0/lib/xdmaps_hw.o ps7_cortexa9_0/lib/xdmaps_selftest.o ps
TRACE::2026-09-30.14:10:03::SCWMssOS::7_cortexa9_0/lib/xdmaps_sinit.o ps7_cortexa9_0/lib/xemacps.o ps7_cortexa9_0/lib/xemacps_bdring.o ps7_cortexa9_0/lib/xemacps_con
TRACE::2026-09-30.14:10:03::SCWMssOS::trol.o ps7_cortexa9_0/lib/xemacps_g.o ps7_cortexa9_0/lib/xemacps_hw.o ps7_cortexa9_0/lib/xemacps_intr.o ps7_cortexa9_0/lib/xema
TRACE::2026-09-30.14:10:03::SCWMssOS::cps_sinit.o ps7_cortexa9_0/lib/xgpiops.o ps7_cortexa9_0/lib/xgpiops_g.o ps7_cortexa9_0/lib/xgpiops_hw.o ps7_cortexa9_0/lib/xgpi
TRACE::2026-09-30.14:10:03::SCWMssOS::ops_intr.o ps7_cortexa9_0/lib/xgpiops_selftest.o ps7_cortexa9_0/lib/xgpiops_sinit.o ps7_cortexa9_0/lib/xil-crt0.o ps7_cortexa9_
TRACE::2026-09-30.14:10:03::SCWMssOS::0/lib/xil_assert.o ps7_cortexa9_0/lib/xil_cache.o ps7_cortexa9_0/lib/xil_clocking.o ps7_cortexa9_0/lib/xil_exception.o ps7_cort
TRACE::2026-09-30.14:10:03::SCWMssOS::exa9_0/lib/xil_mem.o ps7_cortexa9_0/lib/xil_misc_psreset_api.o ps7_cortexa9_0/lib/xil_mmu.o ps7_cortexa9_0/lib/xil_printf.o ps7
TRACE::2026-09-30.14:10:03::SCWMssOS::_cortexa9_0/lib/xil_sleepcommon.o ps7_cortexa9_0/lib/xil_sleeptimer.o ps7_cortexa9_0/lib/xil_spinlock.o ps7_cortexa9_0/lib/xil_
TRACE::2026-09-30.14:10:03::SCWMssOS::testcache.o ps7_cortexa9_0/lib/xil_testio.o ps7_cortexa9_0/lib/xil_testmem.o ps7_cortexa9_0/lib/xil_util.o ps7_cortexa9_0/lib/x
TRACE::2026-09-30.14:10:03::SCWMssOS::interrupt_wrap.o ps7_cortexa9_0/lib/xl2cc_counter.o ps7_cortexa9_0/lib/xplatform_info.o ps7_cortexa9_0/lib/xpm_counter.o ps7_co
TRACE::2026-09-30.14:10:03::SCWMssOS::rtexa9_0/lib/xqspips.o ps7_cortexa9_0/lib/xqspips_g.o ps7_cortexa9_0/lib/xqspips_hw.o ps7_cortexa9_0/lib/xqspips_options.o ps7_
TRACE::2026-09-30.14:10:03::SCWMssOS::cortexa9_0/lib/xqspips_selftest.o ps7_cortexa9_0/lib/xqspips_sinit.o ps7_cortexa9_0/lib/xscugic.o ps7_cortexa9_0/lib/xscugic_g.
TRACE::2026-09-30.14:10:03::SCWMssOS::o ps7_cortexa9_0/lib/xscugic_hw.o ps7_cortexa9_0/lib/xscugic_intr.o ps7_cortexa9_0/lib/xscugic_selftest.o ps7_cortexa9_0/lib/xs
TRACE::2026-09-30.14:10:03::SCWMssOS::cugic_sinit.o ps7_cortexa9_0/lib/xscutimer.o ps7_cortexa9_0/lib/xscutimer_g.o ps7_cortexa9_0/lib/xscutimer_selftest.o ps7_corte
TRACE::2026-09-30.14:10:03::SCWMssOS::xa9_0/lib/xscutimer_sinit.o ps7_cortexa9_0/lib/xscuwdt.o ps7_cortexa9_0/lib/xscuwdt_g.o ps7_cortexa9_0/lib/xscuwdt_selftest.o p
TRACE::2026-09-30.14:10:03::SCWMssOS::s7_cortexa9_0/lib/xscuwdt_sinit.o ps7_cortexa9_0/lib/xsdps.o ps7_cortexa9_0/lib/xsdps_card.o ps7_cortexa9_0/lib/xsdps_g.o ps7_c
TRACE::2026-09-30.14:10:03::SCWMssOS::ortexa9_0/lib/xsdps_host.o ps7_cortexa9_0/lib/xsdps_options.o ps7_cortexa9_0/lib/xsdps_sinit.o ps7_cortexa9_0/lib/xtime_l.o ps7
TRACE::2026-09-30.14:10:03::SCWMssOS::_cortexa9_0/lib/xuartps.o ps7_cortexa9_0/lib/xuartps_g.o ps7_cortexa9_0/lib/xuartps_hw.o ps7_cortexa9_0/lib/xuartps_intr.o ps7_
TRACE::2026-09-30.14:10:03::SCWMssOS::cortexa9_0/lib/xuartps_options.o ps7_cortexa9_0/lib/xuartps_selftest.o ps7_cortexa9_0/lib/xuartps_sinit.o ps7_cortexa9_0/lib/xu
TRACE::2026-09-30.14:10:03::SCWMssOS::sbps.o ps7_cortexa9_0/lib/xusbps_endpoint.o ps7_cortexa9_0/lib/xusbps_g.o ps7_cortexa9_0/lib/xusbps_hw.o ps7_cortexa9_0/lib/xus
TRACE::2026-09-30.14:10:03::SCWMssOS::bps_intr.o ps7_cortexa9_0/lib/xusbps_sinit.o

TRACE::2026-09-30.14:10:03::SCWMssOS::Finished building libraries

TRACE::2026-09-30.14:10:03::SCWMssOS::make[1]: Leaving directory '/users/students/r0885482/Documents/DDP/sw_package_2026/sw_project/project_sw/ecc_project_wrapper/ps
TRACE::2026-09-30.14:10:03::SCWMssOS::7_cortexa9_0/standalone_domain/bsp'

TRACE::2026-09-30.14:10:03::SCWMssOS::Copying to export directory.
TRACE::2026-09-30.14:10:04::SCWMssOS:: Checking if to create the Supporting Applications
TRACE::2026-09-30.14:10:04::SCWMssOS:: No Linux domain exists, trying to generate FSBL 
LOG::2026-09-30.14:10:04::SCWSystem::Completed Processing the domain standalone_domain
LOG::2026-09-30.14:10:04::SCWSystem::Completed Processing the sysconfig ecc_project_wrapper
LOG::2026-09-30.14:10:04::SCWPlatform::Completed generating the artifacts for system configuration ecc_project_wrapper
TRACE::2026-09-30.14:10:04::SCWPlatform::Started preparing the platform 
TRACE::2026-09-30.14:10:04::SCWSystem::Writing the bif file for system config ecc_project_wrapper
TRACE::2026-09-30.14:10:04::SCWSystem::dir created 
TRACE::2026-09-30.14:10:04::SCWSystem::Writing the bif 
TRACE::2026-09-30.14:10:04::SCWPlatform::Started writing the spfm file 
TRACE::2026-09-30.14:10:04::SCWPlatform::Started writing the xpfm file 
TRACE::2026-09-30.14:10:04::SCWPlatform::Completed generating the platform
TRACE::2026-09-30.14:10:04::SCWMssOS::Saving the mss changes /users/students/r0885482/Documents/DDP/sw_package_2026/sw_project/project_sw/ecc_project_wrapper/zynq_fsbl/zynq_fsbl_bsp/system.mss
TRACE::2026-09-30.14:10:04::SCWMssOS::Found a swdesign opened with the mssfile.
TRACE::2026-09-30.14:10:04::SCWMssOS::Completed writemss as part of save.
TRACE::2026-09-30.14:10:04::SCWMssOS::Commit changes completed.
TRACE::2026-09-30.14:10:04::SCWMssOS::Saving the mss changes /users/students/r0885482/Documents/DDP/sw_package_2026/sw_project/project_sw/ecc_project_wrapper/ps7_cortexa9_0/standalone_domain/bsp/system.mss
TRACE::2026-09-30.14:10:04::SCWMssOS::Found a swdesign opened with the mssfile.
TRACE::2026-09-30.14:10:04::SCWMssOS::Completed writemss as part of save.
TRACE::2026-09-30.14:10:04::SCWMssOS::Commit changes completed.
TRACE::2026-09-30.14:10:04::SCWPlatform::Trying to open the hw design at /users/students/r0885482/Documents/DDP/sw_package_2026/sw_project/project_sw/ecc_project_wrapper/hw/ecc_project_wrapper.xsa
TRACE::2026-09-30.14:10:04::SCWPlatform::DSA given /users/students/r0885482/Documents/DDP/sw_package_2026/sw_project/project_sw/ecc_project_wrapper/hw/ecc_project_wrapper.xsa
TRACE::2026-09-30.14:10:04::SCWPlatform::DSA absoulate path /users/students/r0885482/Documents/DDP/sw_package_2026/sw_project/project_sw/ecc_project_wrapper/hw/ecc_project_wrapper.xsa
TRACE::2026-09-30.14:10:04::SCWPlatform::DSA directory /users/students/r0885482/Documents/DDP/sw_package_2026/sw_project/project_sw/ecc_project_wrapper/hw
TRACE::2026-09-30.14:10:04::SCWPlatform:: Platform Path /users/students/r0885482/Documents/DDP/sw_package_2026/sw_project/project_sw/ecc_project_wrapper/hw/ecc_project_wrapper.xsa
TRACE::2026-09-30.14:10:04::SCWPlatform:: Unique name xilinx:pynq-z2::0.0
TRACE::2026-09-30.14:10:04::SCWPlatform::Trying to set the existing hwdb with name rsa_project_wrapper
TRACE::2026-09-30.14:10:04::SCWPlatform::Opened existing hwdb rsa_project_wrapper
TRACE::2026-09-30.14:10:04::SCWPlatform::Found the Hw Db part of the input DSA
TRACE::2026-09-30.14:10:04::SCWMssOS::Checking the sw design at  /users/students/r0885482/Documents/DDP/sw_package_2026/sw_project/project_sw/ecc_project_wrapper/zynq_fsbl/zynq_fsbl_bsp/system.mss
TRACE::2026-09-30.14:10:04::SCWMssOS::DEBUG:  swdes dump  /users/students/r0885482/Documents/DDP/sw_package_2026/sw_project/project_sw/ecc_project_wrapper/ps7_cortexa9_0/standalone_domain/bsp/system.mss|system_0||
/users/students/r0885482/Documents/DDP/sw_package_2026/sw_project/project_sw/ecc_project_wrapper/zynq_fsbl/zynq_fsbl_bsp/system.mss|system||

TRACE::2026-09-30.14:10:04::SCWMssOS::Sw design exists and opened at  /users/students/r0885482/Documents/DDP/sw_package_2026/sw_project/project_sw/ecc_project_wrapper/zynq_fsbl/zynq_fsbl_bsp/system.mss
TRACE::2026-09-30.14:10:04::SCWPlatform::Trying to open the hw design at /users/students/r0885482/Documents/DDP/sw_package_2026/sw_project/project_sw/ecc_project_wrapper/hw/ecc_project_wrapper.xsa
TRACE::2026-09-30.14:10:04::SCWPlatform::DSA given /users/students/r0885482/Documents/DDP/sw_package_2026/sw_project/project_sw/ecc_project_wrapper/hw/ecc_project_wrapper.xsa
TRACE::2026-09-30.14:10:04::SCWPlatform::DSA absoulate path /users/students/r0885482/Documents/DDP/sw_package_2026/sw_project/project_sw/ecc_project_wrapper/hw/ecc_project_wrapper.xsa
TRACE::2026-09-30.14:10:04::SCWPlatform::DSA directory /users/students/r0885482/Documents/DDP/sw_package_2026/sw_project/project_sw/ecc_project_wrapper/hw
TRACE::2026-09-30.14:10:04::SCWPlatform:: Platform Path /users/students/r0885482/Documents/DDP/sw_package_2026/sw_project/project_sw/ecc_project_wrapper/hw/ecc_project_wrapper.xsa
TRACE::2026-09-30.14:10:04::SCWPlatform:: Unique name xilinx:pynq-z2::0.0
TRACE::2026-09-30.14:10:04::SCWPlatform::Trying to set the existing hwdb with name rsa_project_wrapper
TRACE::2026-09-30.14:10:04::SCWPlatform::Opened existing hwdb rsa_project_wrapper
TRACE::2026-09-30.14:10:04::SCWPlatform::Found the Hw Db part of the input DSA
TRACE::2026-09-30.14:10:04::SCWMssOS::Checking the sw design at  /users/students/r0885482/Documents/DDP/sw_package_2026/sw_project/project_sw/ecc_project_wrapper/ps7_cortexa9_0/standalone_domain/bsp/system.mss
TRACE::2026-09-30.14:10:04::SCWMssOS::DEBUG:  swdes dump  /users/students/r0885482/Documents/DDP/sw_package_2026/sw_project/project_sw/ecc_project_wrapper/ps7_cortexa9_0/standalone_domain/bsp/system.mss|system_0||
/users/students/r0885482/Documents/DDP/sw_package_2026/sw_project/project_sw/ecc_project_wrapper/zynq_fsbl/zynq_fsbl_bsp/system.mss|system||

TRACE::2026-09-30.14:10:04::SCWMssOS::Sw design exists and opened at  /users/students/r0885482/Documents/DDP/sw_package_2026/sw_project/project_sw/ecc_project_wrapper/ps7_cortexa9_0/standalone_domain/bsp/system.mss
TRACE::2026-09-30.14:10:04::SCWWriter::formatted JSON is {
	"platformName":	"ecc_project_wrapper",
	"sprVersion":	"2.0",
	"mode":	"gui",
	"dsaType":	"Fixed",
	"platformDesc":	"ecc_project_wrapper",
	"platHandOff":	"src/tcl/ecc_project_wrapper.xsa",
	"platIntHandOff":	"<platformDir>/hw/ecc_project_wrapper.xsa",
	"deviceType":	"zynq",
	"platIsPrebuiltAutogen":	"false",
	"platIsNoBootBsp":	"false",
	"hasFsblMakeHasChanges":	"false",
	"hasPmufwMakeHasChanges":	"false",
	"fsblExtraCompilerFlags":	"-MMD -MP       -mcpu=cortex-a9 -mfpu=vfpv3 -mfloat-abi=hard ",
	"platPreBuiltFlag":	false,
	"platformSamplesDir":	"",
	"platActiveSys":	"ecc_project_wrapper",
	"systems":	[{
			"systemName":	"ecc_project_wrapper",
			"systemDesc":	"ecc_project_wrapper",
			"sysIsBootAutoGen":	"true",
			"systemDispName":	"ecc_project_wrapper",
			"sysActiveDom":	"standalone_domain",
			"sysDefaultDom":	"standalone_domain",
			"domains":	[{
					"domainName":	"zynq_fsbl",
					"domainDispName":	"zynq_fsbl",
					"domainDesc":	"FSBL Application BSP - Auto Generated.",
					"processors":	"ps7_cortexa9_0",
					"os":	"standalone",
					"sdxOs":	"standalone",
					"debugEnable":	"",
					"domRuntimes":	["cpp"],
					"swRepo":	"",
					"mssOsVer":	"8.1",
					"mssFile":	"",
					"md5Digest":	"2c92122f18c5fd40d52fe668ff4c852c",
					"compatibleApp":	"zynq_fsbl",
					"domType":	"bootDomain",
					"arch":	"32-bit",
					"appSettings":	{
						"appCompilerFlags":	"",
						"appLinkerFlags":	""
					},
					"addedLibs":	["xilffs:5.0", "xilrsa:1.6"],
					"libOptions":	{
						"libsContainingOptions":	[]
					},
					"prebuiltLibs":	{
						"prebuiltIncPath":	[],
						"prebuiltLibPath":	[]
					},
					"isolation":	{
					}
				}, {
					"domainName":	"standalone_domain",
					"domainDispName":	"standalone on ps7_cortexa9_0",
					"domainDesc":	"standalone_domain",
					"processors":	"ps7_cortexa9_0",
					"os":	"standalone",
					"sdxOs":	"standalone",
					"qemuArgs":	"<platformDir>/resources/ecc_project_wrapper/standalone_domain/qemu_args.txt",
					"qemuData":	"<platformDir>/resources/ecc_project_wrapper/standalone_domain/qemu",
					"debugEnable":	"False",
					"domRuntimes":	["cpp"],
					"swRepo":	"",
					"mssOsVer":	"8.1",
					"mssFile":	"",
					"md5Digest":	"5458ab32d357d609abddc6af46557d25",
					"compatibleApp":	"",
					"domType":	"mssDomain",
					"arch":	"32-bit",
					"appSettings":	{
						"appCompilerFlags":	"",
						"appLinkerFlags":	""
					},
					"addedLibs":	[],
					"libOptions":	{
						"libsContainingOptions":	[]
					},
					"prebuiltLibs":	{
						"prebuiltIncPath":	[],
						"prebuiltLibPath":	[]
					},
					"isolation":	{
					}
				}]
		}]
}
KEYINFO::2026-09-30.14:10:04::SCWPlatform::updated the xpfm file.
TRACE::2026-09-30.14:10:04::SCWPlatform::Trying to open the hw design at /users/students/r0885482/Documents/DDP/sw_package_2026/sw_project/project_sw/ecc_project_wrapper/hw/ecc_project_wrapper.xsa
TRACE::2026-09-30.14:10:04::SCWPlatform::DSA given /users/students/r0885482/Documents/DDP/sw_package_2026/sw_project/project_sw/ecc_project_wrapper/hw/ecc_project_wrapper.xsa
TRACE::2026-09-30.14:10:04::SCWPlatform::DSA absoulate path /users/students/r0885482/Documents/DDP/sw_package_2026/sw_project/project_sw/ecc_project_wrapper/hw/ecc_project_wrapper.xsa
TRACE::2026-09-30.14:10:04::SCWPlatform::DSA directory /users/students/r0885482/Documents/DDP/sw_package_2026/sw_project/project_sw/ecc_project_wrapper/hw
TRACE::2026-09-30.14:10:04::SCWPlatform:: Platform Path /users/students/r0885482/Documents/DDP/sw_package_2026/sw_project/project_sw/ecc_project_wrapper/hw/ecc_project_wrapper.xsa
TRACE::2026-09-30.14:10:04::SCWPlatform:: Unique name xilinx:pynq-z2::0.0
TRACE::2026-09-30.14:10:04::SCWPlatform::Trying to set the existing hwdb with name rsa_project_wrapper
TRACE::2026-09-30.14:10:04::SCWPlatform::Opened existing hwdb rsa_project_wrapper
TRACE::2026-09-30.14:10:04::SCWPlatform::Found the Hw Db part of the input DSA
TRACE::2026-09-30.14:10:04::SCWMssOS::Checking the sw design at  /users/students/r0885482/Documents/DDP/sw_package_2026/sw_project/project_sw/ecc_project_wrapper/ps7_cortexa9_0/standalone_domain/bsp/system.mss
TRACE::2026-09-30.14:10:04::SCWMssOS::DEBUG:  swdes dump  /users/students/r0885482/Documents/DDP/sw_package_2026/sw_project/project_sw/ecc_project_wrapper/ps7_cortexa9_0/standalone_domain/bsp/system.mss|system_0||
/users/students/r0885482/Documents/DDP/sw_package_2026/sw_project/project_sw/ecc_project_wrapper/zynq_fsbl/zynq_fsbl_bsp/system.mss|system||

TRACE::2026-09-30.14:10:04::SCWMssOS::Sw design exists and opened at  /users/students/r0885482/Documents/DDP/sw_package_2026/sw_project/project_sw/ecc_project_wrapper/ps7_cortexa9_0/standalone_domain/bsp/system.mss
